entry,aozora_frequency,candidate_readings,sources,evidence_count,final_status,action,reason,resolved_reading,old_uuid,new_uuid,source_path,source_row,target_path
〇横尾岩小屋,4,,,0,suspected_fragment,keep_pending,embedded evidence is insufficient for automatic rejection,,eb893c8f-bea3-540a-a561-845cfe625319,,/Users/iktahana/Genji/pending/needs_reading/U+3000-U+30FF/〇横尾岩小屋.json,1,
仮粧,7,かそう|けしょう|けそう|けわい,aozora_ruby|jmdict,4,ambiguous,conflict,jmdict has multiple applicable full-entry readings,,1947da0b-0482-5e68-9ed3-899547aef8d1,,/Users/iktahana/Genji/pending/needs_reading/U+4E00-U+4EFF/カリ粧.json,1,
両凾,1,,,0,suspected_fragment,keep_pending,embedded evidence is insufficient for automatic rejection,,4733e6fb-e7d7-5c5b-aebd-cae699fe4fc8,,/Users/iktahana/Genji/pending/needs_reading/U+4E00-U+4EFF/リョウ凾.json,1,
両契,11,,,0,suspected_fragment,reject_fragment,all occurrences are embedded across at least two works and authoritative dictionaries have no exact headword,,e5282ef1-d7ae-5ed2-b0c7-37f549161d88,,/Users/iktahana/Genji/pending/needs_reading/U+4E00-U+4EFF/リョウ契.json,1,
両拆,1,,,0,suspected_fragment,keep_pending,embedded evidence is insufficient for automatic rejection,,c36437e6-749e-50c4-ae59-cf7a92fb148b,,/Users/iktahana/Genji/pending/needs_reading/U+4E00-U+4EFF/リョウ拆.json,1,
両朶,1,,,0,unmatched,keep_pending,no accepted complete-entry evidence,,b62626ae-25f0-5944-9eb8-df806b384542,,/Users/iktahana/Genji/pending/needs_reading/U+4E00-U+4EFF/リョウ朶.json,1,
両缸,1,,,0,unmatched,keep_pending,no accepted complete-entry evidence,,47bcbbdd-5fb0-5ce2-9e28-e7c6eb3607af,,/Users/iktahana/Genji/pending/needs_reading/U+4E00-U+4EFF/リョウ缸.json,1,
両聯,1,,,0,unmatched,keep_pending,no accepted complete-entry evidence,,4a774bc0-9fd2-512c-a86c-454d38286286,,/Users/iktahana/Genji/pending/needs_reading/U+4E00-U+4EFF/リョウ聯.json,1,
両陛,2,,,0,suspected_fragment,conflict,occurrences map to different formal headwords,,f3ea9437-c7f9-546d-a6bc-11c0915ab992,,/Users/iktahana/Genji/pending/needs_reading/U+4E00-U+4EFF/リョウ陛.json,1,
丗,6,さんじゅう|みそ,jmdict,2,ambiguous,conflict,jmdict has multiple applicable full-entry readings,,a0856cf3-241e-556e-a4b5-c4a67864c2fa,,/Users/iktahana/Genji/pending/needs_reading/U+4E00-U+4EFF/丗.json,1,
丘々,25,おかおか,aozora_ruby,2,suspected_fragment,keep_pending,at least one example contains an independent use,,85e968f2-6153-5ea2-b591-2b7ba9e8d7af,,/Users/iktahana/Genji/pending/needs_reading/U+4E00-U+4EFF/丘々.json,1,
个,4,か|が|ケ|ヶ,aozora_ruby|jmdict,7,ambiguous,conflict,jmdict has multiple applicable full-entry readings,,0f1ef276-5829-5344-afb2-a792fd7668ca,,/Users/iktahana/Genji/pending/needs_reading/U+4E00-U+4EFF/个.json,1,
个処,20,,,0,suspected_fragment,keep_pending,at least one example contains an independent use,,efee5266-0ef0-5de5-a86b-1f5871a601f9,,/Users/iktahana/Genji/pending/needs_reading/U+4E00-U+4EFF/个処.json,1,
个原,10,,,0,suspected_fragment,keep_pending,at least one example contains an independent use,,32fb5b1f-bdcd-55b1-bc5b-33a9f6fe6c36,,/Users/iktahana/Genji/pending/needs_reading/U+4E00-U+4EFF/个原.json,1,
个国,4,,,0,suspected_fragment,keep_pending,at least one example contains an independent use,,df964e48-7267-5e75-8fc9-d046282c1cce,,/Users/iktahana/Genji/pending/needs_reading/U+4E00-U+4EFF/个国.json,1,
个島,6,,,0,suspected_fragment,reject_fragment,all occurrences are embedded across at least two works and authoritative dictionaries have no exact headword,,74fa53d2-c86c-5b23-bbf8-14a94567d3b5,,/Users/iktahana/Genji/pending/needs_reading/U+4E00-U+4EFF/个島.json,1,
个所,6,,,0,suspected_fragment,reject_fragment,all occurrences are embedded across at least two works and authoritative dictionaries have no exact headword,,42910a71-e8fd-506e-89d0-53cb2dbcea8a,,/Users/iktahana/Genji/pending/needs_reading/U+4E00-U+4EFF/个所.json,1,
个日,8,,,0,suspected_fragment,keep_pending,embedded evidence is insufficient for automatic rejection,,3f3417a7-753c-579b-9baf-86ef483131bb,,/Users/iktahana/Genji/pending/needs_reading/U+4E00-U+4EFF/个日.json,1,
个月,6,,,0,suspected_fragment,reject_fragment,all occurrences are embedded across at least two works and authoritative dictionaries have no exact headword,,52b4131e-05a7-5662-8873-ceb008bb2105,,/Users/iktahana/Genji/pending/needs_reading/U+4E00-U+4EFF/个月.json,1,
丶,11,くとう|ちよぼ|チョン,aozora_ruby,3,source_conflict,conflict,sources disagree on the complete-entry reading,,f7f54576-4db8-50fe-b56f-940ffcf75612,,/Users/iktahana/Genji/pending/needs_reading/U+4E00-U+4EFF/丶.json,1,
丶丶,4,,,0,suspected_fragment,reject_fragment,all occurrences are embedded across at least two works and authoritative dictionaries have no exact headword,,3c24b7d3-7d59-5867-b582-c7edbd147bf8,,/Users/iktahana/Genji/pending/needs_reading/U+4E00-U+4EFF/丶丶.json,1,
主々,40,すず,jmnedict,1,suspected_fragment,reject_fragment,all occurrences are embedded across at least two works and authoritative dictionaries have no exact headword,,28b99aa0-72f1-5471-98e0-4e47eeafe5cd,,/Users/iktahana/Genji/pending/needs_reading/U+4E00-U+4EFF/主々.json,1,
丿観,13,へちかん|へちくわん,aozora_ruby,2,source_conflict,conflict,sources disagree on the complete-entry reading,,3f99384f-d73a-5f61-a11b-610ec6161b5a,,/Users/iktahana/Genji/pending/needs_reading/U+4E00-U+4EFF/丿観.json,1,
之々,8,,,0,suspected_fragment,keep_pending,at least one example contains an independent use,,341dcf93-5a19-542c-9176-03fbcd8b866e,,/Users/iktahana/Genji/pending/needs_reading/U+4E00-U+4EFF/之々.json,1,
乞御,4,,,0,suspected_fragment,reject_fragment,all occurrences are embedded across at least two works and authoritative dictionaries have no exact headword,,f465ff25-fb1d-541b-964e-428db37e4295,,/Users/iktahana/Genji/pending/needs_reading/U+4E00-U+4EFF/乞御.json,1,
乞盗,4,,,0,suspected_fragment,keep_pending,embedded evidence is insufficient for automatic rejection,,8f47f351-1645-515a-9426-89d7a5f6c599,,/Users/iktahana/Genji/pending/needs_reading/U+4E00-U+4EFF/乞盗.json,1,
了々,6,,,0,suspected_fragment,reject_fragment,all occurrences are embedded across at least two works and authoritative dictionaries have no exact headword,,a59d4792-1c63-5cb9-b8aa-809ee065fbb1,,/Users/iktahana/Genji/pending/needs_reading/U+4E00-U+4EFF/了々.json,1,
争上,7,,,0,suspected_fragment,reject_fragment,all occurrences are embedded across at least two works and authoritative dictionaries have no exact headword,,331ba4e9-68b7-5eac-b894-e0c52ebb92d7,,/Users/iktahana/Genji/pending/needs_reading/U+4E00-U+4EFF/争上.json,1,
争的,5,,,0,suspected_fragment,reject_fragment,all occurrences are embedded across at least two works and authoritative dictionaries have no exact headword,,727cd439-adf5-519f-b851-7d800a800792,,/Users/iktahana/Genji/pending/needs_reading/U+4E00-U+4EFF/争的.json,1,
争者,22,,,0,suspected_fragment,reject_fragment,all occurrences are embedded across at least two works and authoritative dictionaries have no exact headword,,931bb182-4683-5643-95eb-b0c9bc8fe7c5,,/Users/iktahana/Genji/pending/needs_reading/U+4E00-U+4EFF/争者.json,1,
二々,5,ににん,aozora_ruby,1,suspected_fragment,keep_pending,at least one example contains an independent use,,00645613-6c31-546c-b08c-dd505e8ae76c,,/Users/iktahana/Genji/pending/needs_reading/U+4E00-U+4EFF/二々.json,1,
云中,6,,,0,unmatched,keep_pending,no accepted complete-entry evidence,,65d2ddec-e9cf-57fc-b4c5-60f2d867b828,,/Users/iktahana/Genji/pending/needs_reading/U+4E00-U+4EFF/云中.json,1,
云事,35,いうこと|いふこと,aozora_ruby,4,source_conflict,conflict,sources disagree on the complete-entry reading,,94417938-8742-53c6-816a-016b28cfd60e,,/Users/iktahana/Genji/pending/needs_reading/U+4E00-U+4EFF/云事.json,1,
云人,11,,,0,suspected_fragment,reject_fragment,all occurrences are embedded across at least two works and authoritative dictionaries have no exact headword,,8db28466-e6c8-5d17-badc-d61be2907e87,,/Users/iktahana/Genji/pending/needs_reading/U+4E00-U+4EFF/云人.json,1,
云付,12,いいつ|いいつか|いいつけ|いつ|いひつ|いひつけ,aozora_ruby,12,source_conflict,conflict,sources disagree on the complete-entry reading,,f6c6af67-7d7b-54e2-b1d6-4716dee98aaf,,/Users/iktahana/Genji/pending/needs_reading/U+4E00-U+4EFF/云付.json,1,
云入,4,いひいれ,aozora_ruby,1,single_ruby,keep_pending,ruby occurs in only one distinct Aozora text file,,95d8789c-85af-5e31-b5be-20107f82cd70,,/Users/iktahana/Genji/pending/needs_reading/U+4E00-U+4EFF/云入.json,1,
云其,5,,,0,unmatched,keep_pending,no accepted complete-entry evidence,,bc152f29-b614-5937-85ce-2a29253fd406,,/Users/iktahana/Genji/pending/needs_reading/U+4E00-U+4EFF/云其.json,1,
云処,7,,,0,suspected_fragment,reject_fragment,all occurrences are embedded across at least two works and authoritative dictionaries have no exact headword,,84ee17f6-7e07-5111-a99a-f0ebbb6aef77,,/Users/iktahana/Genji/pending/needs_reading/U+4E00-U+4EFF/云処.json,1,
云出,39,いいいだ|いいだ|いひだ,aozora_ruby,5,source_conflict,conflict,sources disagree on the complete-entry reading,,50faa87c-b686-5451-b4b9-00bb4dfdb811,,/Users/iktahana/Genji/pending/needs_reading/U+4E00-U+4EFF/云出.json,1,
云分,18,いいぶん,aozora_ruby,4,suspected_fragment,keep_pending,at least one example contains an independent use,,fc6bbe0a-cc5c-525b-98ec-ef3242ddee6f,,/Users/iktahana/Genji/pending/needs_reading/U+4E00-U+4EFF/云分.json,1,
云号,6,,,0,unmatched,keep_pending,no accepted complete-entry evidence,,0e8e17ac-5b85-5773-b1b5-c790a0e20cda,,/Users/iktahana/Genji/pending/needs_reading/U+4E00-U+4EFF/云号.json,1,
云合,13,いいあわ|いいお|いひあは,aozora_ruby,3,source_conflict,conflict,sources disagree on the complete-entry reading,,050f45ee-71c2-55f7-9d0d-fad458bd1bf0,,/Users/iktahana/Genji/pending/needs_reading/U+4E00-U+4EFF/云合.json,1,
云声,5,,,0,unmatched,keep_pending,no accepted complete-entry evidence,,d362b8fd-8718-59fc-ae7f-0a97ecf95ba1,,/Users/iktahana/Genji/pending/needs_reading/U+4E00-U+4EFF/云声.json,1,
云大,7,,,0,unmatched,keep_pending,no accepted complete-entry evidence,,6aef9bfc-2093-527d-b05c-306276b1b597,,/Users/iktahana/Genji/pending/needs_reading/U+4E00-U+4EFF/云大.json,1,
云女,5,,,0,unmatched,keep_pending,no accepted complete-entry evidence,,d279df32-9fc7-5e30-a1ab-b95db9725bba,,/Users/iktahana/Genji/pending/needs_reading/U+4E00-U+4EFF/云女.json,1,
云奴,4,,,0,unmatched,keep_pending,no accepted complete-entry evidence,,7b039fcc-1b58-58df-acb4-a8d701e23ada,,/Users/iktahana/Genji/pending/needs_reading/U+4E00-U+4EFF/云奴.json,1,
云寄,4,いひより|いひよる,aozora_ruby,2,source_conflict,conflict,sources disagree on the complete-entry reading,,dd457f5e-c6db-547f-aacf-b813ec424f7d,,/Users/iktahana/Genji/pending/needs_reading/U+4E00-U+4EFF/云寄.json,1,
云張,8,いいは|いひは|いひはり|いひはる,aozora_ruby,4,source_conflict,conflict,sources disagree on the complete-entry reading,,dd2bc8fa-c8db-5809-8586-f02f85f5fff3,,/Users/iktahana/Genji/pending/needs_reading/U+4E00-U+4EFF/云張.json,1,
云心,6,,,0,suspected_fragment,reject_fragment,all occurrences are embedded across at least two works and authoritative dictionaries have no exact headword,,ed8eeb4a-21b5-525e-b61d-2c0e94643739,,/Users/iktahana/Genji/pending/needs_reading/U+4E00-U+4EFF/云心.json,1,
云懸,5,いひかかり|いひかけ|いひかゝ|いひかゝり|いひがか,aozora_ruby,5,source_conflict,conflict,sources disagree on the complete-entry reading,,2a276a00-35df-596f-864d-ad0abb72a915,,/Users/iktahana/Genji/pending/needs_reading/U+4E00-U+4EFF/云懸.json,1,
云所,13,いふところ,aozora_ruby,1,suspected_fragment,keep_pending,at least one example contains an independent use,,51891710-8f48-58eb-8d41-620527c36b2c,,/Users/iktahana/Genji/pending/needs_reading/U+4E00-U+4EFF/云所.json,1,
云捨,9,いひすて,aozora_ruby,1,suspected_fragment,keep_pending,embedded evidence is insufficient for automatic rejection,,111c3ff9-6dd7-5597-8fed-b9e4f62c5f40,,/Users/iktahana/Genji/pending/needs_reading/U+4E00-U+4EFF/云捨.json,1,
云掛,6,いいか|いひか|いひかけ|いひかゝり,aozora_ruby,5,source_conflict,conflict,sources disagree on the complete-entry reading,,e2d00cf0-5133-5633-aff2-49da1209d37e,,/Users/iktahana/Genji/pending/needs_reading/U+4E00-U+4EFF/云掛.json,1,
云放,4,いいはな|いひはな,aozora_ruby,3,source_conflict,conflict,sources disagree on the complete-entry reading,,bd8db98c-1e3e-57eb-89bf-f45269e2a4d0,,/Users/iktahana/Genji/pending/needs_reading/U+4E00-U+4EFF/云放.json,1,
云故,8,,,0,unmatched,keep_pending,no accepted complete-entry evidence,,8d56f212-bd3d-5ea4-a8f8-ba792095f74c,,/Users/iktahana/Genji/pending/needs_reading/U+4E00-U+4EFF/云故.json,1,
云是,8,,,0,suspected_fragment,reject_fragment,all occurrences are embedded across at least two works and authoritative dictionaries have no exact headword,,5853d601-2e1e-5dd8-8002-9ea376c912c8,,/Users/iktahana/Genji/pending/needs_reading/U+4E00-U+4EFF/云是.json,1,
云時,14,いふとき,aozora_ruby,1,suspected_fragment,keep_pending,embedded evidence is insufficient for automatic rejection,,5f86948c-7b5f-54d8-ac69-fe79832c7419,,/Users/iktahana/Genji/pending/needs_reading/U+4E00-U+4EFF/云時.json,1,
云様,9,いいよう,aozora_ruby,1,suspected_fragment,reject_fragment,all occurrences are embedded across at least two works and authoritative dictionaries have no exact headword,,681a2a1e-b805-5798-bd59-8bebf2126576,,/Users/iktahana/Genji/pending/needs_reading/U+4E00-U+4EFF/云様.json,1,
云此,7,,,0,suspected_fragment,reject_fragment,all occurrences are embedded across at least two works and authoritative dictionaries have no exact headword,,3425aa9a-06c3-5c20-9f8e-30ed1ec8d6a5,,/Users/iktahana/Genji/pending/needs_reading/U+4E00-U+4EFF/云此.json,1,
云殊,6,,,0,unmatched,keep_pending,no accepted complete-entry evidence,,e1dc502a-2549-5ad6-8789-7341470e73c2,,/Users/iktahana/Genji/pending/needs_reading/U+4E00-U+4EFF/云殊.json,1,
云渡,8,いひわた,aozora_ruby,1,suspected_fragment,keep_pending,embedded evidence is insufficient for automatic rejection,,2e0b319e-9a75-5657-93fc-5d70921ae689,,/Users/iktahana/Genji/pending/needs_reading/U+4E00-U+4EFF/云渡.json,1,
云爲,11,うんゐ,aozora_ruby,1,suspected_fragment,keep_pending,at least one example contains an independent use,,6cffc26a-32c1-5a66-bf7f-a55be754a853,,/Users/iktahana/Genji/pending/needs_reading/U+4E00-U+4EFF/云爲.json,1,
云物,7,いふもの,aozora_ruby,1,suspected_fragment,reject_fragment,all occurrences are embedded across at least two works and authoritative dictionaries have no exact headword,,8bd2f07f-e438-500d-b95c-2b3b1acdce15,,/Users/iktahana/Genji/pending/needs_reading/U+4E00-U+4EFF/云物.json,1,
云直,4,いいなお|いひなほ,aozora_ruby,3,source_conflict,conflict,sources disagree on the complete-entry reading,,3c0fe3a7-175c-5633-8e60-8aec672be41e,,/Users/iktahana/Genji/pending/needs_reading/U+4E00-U+4EFF/云直.json,1,
云程,5,いふほど,aozora_ruby,1,suspected_fragment,keep_pending,embedded evidence is insufficient for automatic rejection,,f32d1488-7a6b-5cc3-9d43-c64f4e3878ed,,/Users/iktahana/Genji/pending/needs_reading/U+4E00-U+4EFF/云程.json,1,
云立,10,いいた|いひたて,aozora_ruby,3,source_conflict,conflict,sources disagree on the complete-entry reading,,9b309614-1130-56a2-882e-58e84c71e3d5,,/Users/iktahana/Genji/pending/needs_reading/U+4E00-U+4EFF/云立.json,1,
云者,95,いうもの|いふもの,aozora_ruby,2,source_conflict,conflict,sources disagree on the complete-entry reading,,50a6a49e-081c-56ce-9ad5-247a4366b439,,/Users/iktahana/Genji/pending/needs_reading/U+4E00-U+4EFF/云者.json,1,
云聞,11,いひきか|いひきけ,aozora_ruby,2,source_conflict,conflict,sources disagree on the complete-entry reading,,620cf32a-8790-5f7c-b1bb-de41fda81a2b,,/Users/iktahana/Genji/pending/needs_reading/U+4E00-U+4EFF/云聞.json,1,
云訳,50,いいわ|いいわけ|いひわけ,aozora_ruby,11,source_conflict,conflict,sources disagree on the complete-entry reading,,75472077-4fe9-570c-87fe-5f4c8de3b9c5,,/Users/iktahana/Genji/pending/needs_reading/U+4E00-U+4EFF/云訳.json,1,
云金,5,,,0,unmatched,keep_pending,no accepted complete-entry evidence,,c55b7729-5af8-563a-83a4-705857cdfc51,,/Users/iktahana/Genji/pending/needs_reading/U+4E00-U+4EFF/云金.json,1,
云附,4,いいつ|いいつけ|いつ,aozora_ruby,6,source_conflict,conflict,sources disagree on the complete-entry reading,,b2b93c23-78c3-555d-b59a-735003e7e722,,/Users/iktahana/Genji/pending/needs_reading/U+4E00-U+4EFF/云附.json,1,
云難,4,いひがた,aozora_ruby,2,suspected_fragment,keep_pending,embedded evidence is insufficient for automatic rejection,,7afaa4db-1a5b-52f3-a9ef-036d3e67a8b3,,/Users/iktahana/Genji/pending/needs_reading/U+4E00-U+4EFF/云難.json,1,
亟,15,いそ|しばしば|すみ|すみや|つと,aozora_ruby,6,source_conflict,conflict,sources disagree on the complete-entry reading,,113fd1de-8f41-519d-b111-c2b54e23599f,,/Users/iktahana/Genji/pending/needs_reading/U+4E00-U+4EFF/亟.json,1,
亦々,4,またまた,jmdict,1,invalid_unicode,keep_pending,a source supplied a reading containing illegal characters,,063f7f0b-26cd-5306-a3b6-d4d9e53005c8,,/Users/iktahana/Genji/pending/needs_reading/U+4E00-U+4EFF/亦々.json,1,
亮々,9,りょうりょう,aozora_ruby,3,invalid_unicode,keep_pending,a source supplied a reading containing illegal characters,,095615f0-1d03-5572-a5e0-149108e77688,,/Users/iktahana/Genji/pending/needs_reading/U+4E00-U+4EFF/亮々.json,1,
仂,60,つとむ|はした,aozora_ruby|jmnedict,7,source_conflict,conflict,sources disagree on the complete-entry reading,,2ef64f1a-6044-578c-a46d-79635bb0d19b,,/Users/iktahana/Genji/pending/needs_reading/U+4E00-U+4EFF/仂.json,1,
仂者,18,,,0,suspected_fragment,keep_pending,embedded evidence is insufficient for automatic rejection,,b4673349-51fa-5ef2-880a-a943c7edbc44,,/Users/iktahana/Genji/pending/needs_reading/U+4E00-U+4EFF/仂者.json,1,
仆,66,けたお|こ|た|たお|たふ|たほ|たを|だお|だふ|のめ|タオ|タフ,aozora_ruby,257,source_conflict,conflict,sources disagree on the complete-entry reading,,409b2ced-60b6-5a73-ad83-7bc60364ae5e,,/Users/iktahana/Genji/pending/needs_reading/U+4E00-U+4EFF/仆.json,1,
今々,16,いまいま,aozora_ruby|jmdict,2,suspected_fragment,keep_pending,at least one example contains an independent use,,08aa027e-f5dd-5615-8e80-9aa9ea15c252,,/Users/iktahana/Genji/pending/needs_reading/U+4E00-U+4EFF/今々.json,1,
从,12,したが|したがふ,aozora_ruby,8,source_conflict,conflict,sources disagree on the complete-entry reading,,45539eef-6767-56d4-b906-36805dbba811,,/Users/iktahana/Genji/pending/needs_reading/U+4E00-U+4EFF/从.json,1,
仏々,7,,,0,suspected_fragment,reject_fragment,all occurrences are embedded across at least two works and authoritative dictionaries have no exact headword,,b35897a0-7e77-5e26-a4ef-5d0de9217934,,/Users/iktahana/Genji/pending/needs_reading/U+4E00-U+4EFF/仏々.json,1,
仰々,5,ぎょうぎょう|ぎょぎょう|そもそも,aozora_ruby,38,invalid_unicode,keep_pending,a source supplied a reading containing illegal characters,,65c8e4cb-14c0-5d89-bd57-b96dd5a9ffa1,,/Users/iktahana/Genji/pending/needs_reading/U+4E00-U+4EFF/仰々.json,1,
余兩,1,,,0,suspected_fragment,keep_pending,embedded evidence is insufficient for automatic rejection,,51fab078-b503-58b3-bb0a-7fc406b6df7a,,/Users/iktahana/Genji/pending/needs_reading/U+4F00-U+4FFF/アマリ兩.json,1,
余哩,3,,,0,suspected_fragment,keep_pending,embedded evidence is insufficient for automatic rejection,,2bbf21f5-89a8-5bcd-8749-ad7f8b4d646d,,/Users/iktahana/Genji/pending/needs_reading/U+4F00-U+4FFF/アマリ哩.json,1,
余忿,2,,,0,unmatched,keep_pending,no accepted complete-entry evidence,,96bdccde-c20f-5e1b-a4eb-99a6ee06c56a,,/Users/iktahana/Genji/pending/needs_reading/U+4F00-U+4FFF/アマリ忿.json,1,
余滞,1,,,0,suspected_fragment,keep_pending,embedded evidence is insufficient for automatic rejection,,ddfa9571-4f03-5f61-a341-e7deed0841c7,,/Users/iktahana/Genji/pending/needs_reading/U+4F00-U+4FFF/アマリ滞.json,1,
余箇,1,,,0,suspected_fragment,reject_fragment,all occurrences are embedded across at least two works and authoritative dictionaries have no exact headword,,07331d1f-8eff-58a6-9432-a7b1e52d89b5,,/Users/iktahana/Genji/pending/needs_reading/U+4F00-U+4FFF/アマリ箇.json,1,
余逢,1,,,0,suspected_fragment,keep_pending,embedded evidence is insufficient for automatic rejection,,c80d3fc7-93b3-5e52-8f18-e270b07f80fc,,/Users/iktahana/Genji/pending/needs_reading/U+4F00-U+4FFF/アマリ逢.json,1,
余飮,1,,,0,suspected_fragment,keep_pending,embedded evidence is insufficient for automatic rejection,,0954a274-0302-54f1-83bb-ac9df068ee2e,,/Users/iktahana/Genji/pending/needs_reading/U+4F00-U+4FFF/アマリ飮.json,1,
伉,4,つよし,jmnedict,1,suspected_fragment,keep_pending,single-character entries require individual review,,f24ffca4-595b-58ba-9dcd-114419139ec2,,/Users/iktahana/Genji/pending/needs_reading/U+4F00-U+4FFF/伉.json,1,
估,16,う|こ,aozora_ruby,6,source_conflict,conflict,sources disagree on the complete-entry reading,,93a993e7-c780-598e-896d-778ee1c9c28d,,/Users/iktahana/Genji/pending/needs_reading/U+4F00-U+4FFF/估.json,1,
伸々,85,のびのび,aozora_ruby,20,invalid_unicode,keep_pending,a source supplied a reading containing illegal characters,,2b9723a1-0438-5acd-b916-7965407347e6,,/Users/iktahana/Genji/pending/needs_reading/U+4F00-U+4FFF/伸々.json,1,
佗,171,さび|た|わ|わび|わびし|ワ,aozora_ruby|jmdict,146,invalid_unicode,keep_pending,a source supplied a reading containing illegal characters,,8a222a20-6aaf-5028-adb6-65c611407089,,/Users/iktahana/Genji/pending/needs_reading/U+4F00-U+4FFF/佗.json,1,
佗住,6,わびずま,aozora_ruby,3,suspected_fragment,reject_fragment,all occurrences are embedded across at least two works and authoritative dictionaries have no exact headword,,e3a05caa-cb5f-51d0-8bc5-d8ae907eaac7,,/Users/iktahana/Genji/pending/needs_reading/U+4F00-U+4FFF/佗住.json,1,
佗助,14,わびすけ,aozora_ruby,1,suspected_fragment,keep_pending,at least one example contains an independent use,,4fd2517a-32b2-56b7-8d80-e78d73ef3e62,,/Users/iktahana/Genji/pending/needs_reading/U+4F00-U+4FFF/佗助.json,1,
佗有,4,,,0,suspected_fragment,keep_pending,embedded evidence is insufficient for automatic rejection,,71238328-23d6-511c-ae01-c26856c206e2,,/Users/iktahana/Genji/pending/needs_reading/U+4F00-U+4FFF/佗有.json,1,
佗田,4,わびた,aozora_ruby,1,suspected_fragment,keep_pending,embedded evidence is insufficient for automatic rejection,,f791792b-dc90-5d14-877e-87d40fc6309a,,/Users/iktahana/Genji/pending/needs_reading/U+4F00-U+4FFF/佗田.json,1,
佞吏,7,ねいり,aozora_ruby,3,suspected_fragment,reject_fragment,all occurrences are embedded across at least two works and authoritative dictionaries have no exact headword,,edf38d57-198d-5a23-8732-7338c5ee92e6,,/Users/iktahana/Genji/pending/needs_reading/U+4F00-U+4FFF/佞吏.json,1,
佞物,4,ねいぶつ,aozora_ruby,2,suspected_fragment,reject_fragment,all occurrences are embedded across at least two works and authoritative dictionaries have no exact headword,,91aad40a-b2fa-5647-a40a-05a9d6252a0d,,/Users/iktahana/Genji/pending/needs_reading/U+4F00-U+4FFF/佞物.json,1,
佯,68,いつ|いつは|いつはり|いつわ|いつわり|さまよふ,aozora_ruby,37,source_conflict,conflict,sources disagree on the complete-entry reading,,92630549-77e1-59b1-98af-c9e072de23ff,,/Users/iktahana/Genji/pending/needs_reading/U+4F00-U+4FFF/佯.json,1,
併列,8,,,0,suspected_fragment,keep_pending,at least one example contains an independent use,,7cbc5009-29e0-5f79-9967-f560cd678aa8,,/Users/iktahana/Genji/pending/needs_reading/U+4F00-U+4FFF/併列.json,1,
併此,5,,,0,suspected_fragment,reject_fragment,all occurrences are embedded across at least two works and authoritative dictionaries have no exact headword,,c708236b-2bf6-5f18-bd02-5430d5d7e8a9,,/Users/iktahana/Genji/pending/needs_reading/U+4F00-U+4FFF/併此.json,1,
佶,22,きっ|きつ|ただし|つよし,aozora_ruby|jmnedict,10,ambiguous,conflict,jmnedict has multiple applicable full-entry readings,,d767f933-ca0a-5639-9d72-5268c034045e,,/Users/iktahana/Genji/pending/needs_reading/U+4F00-U+4FFF/佶.json,1,
佼,69,,,0,suspected_fragment,keep_pending,single-character entries require individual review,,61799012-192f-5140-b317-06eb2e39665c,,/Users/iktahana/Genji/pending/needs_reading/U+4F00-U+4FFF/佼.json,1,
佼達,5,,,0,suspected_fragment,keep_pending,embedded evidence is insufficient for automatic rejection,,db6ddaab-8777-5577-9244-3fbd800655aa,,/Users/iktahana/Genji/pending/needs_reading/U+4F00-U+4FFF/佼達.json,1,
侈,11,おご|し,aozora_ruby,3,source_conflict,conflict,sources disagree on the complete-entry reading,,cfef323d-57da-5e82-b411-63a342ac406e,,/Users/iktahana/Genji/pending/needs_reading/U+4F00-U+4FFF/侈.json,1,
侈奢,4,おごり|ししや,aozora_ruby,3,source_conflict,conflict,sources disagree on the complete-entry reading,,e14ca934-147b-5310-8d75-d8d145a9b606,,/Users/iktahana/Genji/pending/needs_reading/U+4F00-U+4FFF/侈奢.json,1,
依之,35,これによって|これによつて|これによりて,aozora_ruby,3,source_conflict,conflict,sources disagree on the complete-entry reading,,54b9fbcb-5841-5785-b25d-efc17d89409c,,/Users/iktahana/Genji/pending/needs_reading/U+4F00-U+4FFF/依之.json,1,
依二,6,,,0,suspected_fragment,keep_pending,embedded evidence is insufficient for automatic rejection,,d92a46de-432d-5367-ae3a-b16a7ae486e0,,/Users/iktahana/Genji/pending/needs_reading/U+4F00-U+4FFF/依二.json,1,
依以,4,,,0,suspected_fragment,reject_fragment,all occurrences are embedded across at least two works and authoritative dictionaries have no exact headword,,5679368a-0fd7-5364-b38f-b0fea184412b,,/Users/iktahana/Genji/pending/needs_reading/U+4F00-U+4FFF/依以.json,1,
依其,5,,,0,suspected_fragment,keep_pending,embedded evidence is insufficient for automatic rejection,,06ee2477-bf84-5ff4-9e44-43582866f361,,/Users/iktahana/Genji/pending/needs_reading/U+4F00-U+4FFF/依其.json,1,
依右,35,,,0,suspected_fragment,keep_pending,embedded evidence is insufficient for automatic rejection,,88506747-8eeb-5ac3-80ba-2bc0041ff771,,/Users/iktahana/Genji/pending/needs_reading/U+4F00-U+4FFF/依右.json,1,
依志,30,,,0,suspected_fragment,keep_pending,embedded evidence is insufficient for automatic rejection,,0de6faa5-015f-56ff-83c1-8f004dd59531,,/Users/iktahana/Genji/pending/needs_reading/U+4F00-U+4FFF/依志.json,1,
依繋,28,,,0,suspected_fragment,keep_pending,embedded evidence is insufficient for automatic rejection,,e8335c1f-d20d-5694-a787-98fca0121060,,/Users/iktahana/Genji/pending/needs_reading/U+4F00-U+4FFF/依繋.json,1,
依羅,52,よさみ|ヨサミ|ヨサミノ,aozora_ruby|jmnedict,4,source_conflict,conflict,sources disagree on the complete-entry reading,,0c4cfc55-81b1-5568-9497-7923319dac42,,/Users/iktahana/Genji/pending/needs_reading/U+4F00-U+4FFF/依羅.json,1,
依而,28,よって|よつて|ヨッテ,aozora_ruby,13,invalid_unicode,keep_pending,a source supplied a reading containing illegal characters,,e4bca779-ce2d-5a96-abb0-48acfab1926e,,/Users/iktahana/Genji/pending/needs_reading/U+4F00-U+4FFF/依而.json,1,
侵徹,5,,,0,suspected_fragment,keep_pending,embedded evidence is insufficient for automatic rejection,,e0bf9877-9069-5510-930d-101ebc811b9c,,/Users/iktahana/Genji/pending/needs_reading/U+4F00-U+4FFF/侵徹.json,1,
侵畧,4,,,0,suspected_fragment,keep_pending,at least one example contains an independent use,,ce9f1790-8428-5f63-a669-d0334e8446e6,,/Users/iktahana/Genji/pending/needs_reading/U+4F00-U+4FFF/侵畧.json,1,
侵透,22,,,0,suspected_fragment,keep_pending,at least one example contains an independent use,,e068c191-3f77-5177-9169-9dcf68a5b0df,,/Users/iktahana/Genji/pending/needs_reading/U+4F00-U+4FFF/侵透.json,1,
俚伝,14,りでん,aozora_ruby,2,suspected_fragment,keep_pending,at least one example contains an independent use,,f0a39c2b-207d-5d43-8bfd-552d09a50d7b,,/Users/iktahana/Genji/pending/needs_reading/U+4F00-U+4FFF/俚伝.json,1,
俚称,11,りしょう,aozora_ruby,1,suspected_fragment,keep_pending,at least one example contains an independent use,,795a0e12-2aa2-53c1-a03a-223066c48a91,,/Users/iktahana/Genji/pending/needs_reading/U+4F00-U+4FFF/俚称.json,1,
俛,88,うつ|うつむ|うなだ|かが|くゞ|た|たれ|ふ,aozora_ruby,41,source_conflict,conflict,sources disagree on the complete-entry reading,,86d98cef-61f2-58f8-9726-08fc34119ea3,,/Users/iktahana/Genji/pending/needs_reading/U+4F00-U+4FFF/俛.json,1,
俟,29,たの|ま|また|まつ|マ,aozora_ruby,171,source_conflict,conflict,sources disagree on the complete-entry reading,,952b8e1a-2a4c-5696-b114-4133728a0d63,,/Users/iktahana/Genji/pending/needs_reading/U+4F00-U+4FFF/俟.json,1,
俣,65,ま|また,aozora_ruby|jmdict|jmnedict,12,source_conflict,conflict,sources disagree on the complete-entry reading,,dd90c0fe-063b-514b-8316-7ca91cc04e4f,,/Users/iktahana/Genji/pending/needs_reading/U+4F00-U+4FFF/俣.json,1,
俣岳,5,,,0,suspected_fragment,reject_fragment,all occurrences are embedded across at least two works and authoritative dictionaries have no exact headword,,b8555249-0b09-5fa8-9e3e-d5bd4057702a,,/Users/iktahana/Genji/pending/needs_reading/U+4F00-U+4FFF/俣岳.json,1,
俯向,93,あおむ|あふむ|うつぶ|うつむ|うつむい|うつむか|うつむき|うつむけ,aozora_ruby,581,source_conflict,conflict,sources disagree on the complete-entry reading,,cdc6a6d5-1b2a-5cd1-8d02-a9ad726dff29,,/Users/iktahana/Genji/pending/needs_reading/U+4F00-U+4FFF/俯向.json,1,
俯居,14,うつゐ,aozora_ruby,5,suspected_fragment,reject_fragment,all occurrences are embedded across at least two works and authoritative dictionaries have no exact headword,,91d43d6a-ffbb-570c-b80c-dfcb2c4c67b4,,/Users/iktahana/Genji/pending/needs_reading/U+4F00-U+4FFF/俯居.json,1,
俯臥,11,うつふし|うつぶし|うつぶせ|うつぷ|うつむけ,aozora_ruby,7,source_conflict,conflict,sources disagree on the complete-entry reading,,455de683-4f47-521e-92c7-90eb9091bc51,,/Users/iktahana/Genji/pending/needs_reading/U+4F00-U+4FFF/俯臥.json,1,
俳小,12,,,0,suspected_fragment,reject_fragment,all occurrences are embedded across at least two works and authoritative dictionaries have no exact headword,,7151b97d-44d8-5157-ba7e-68c996c387f2,,/Users/iktahana/Genji/pending/needs_reading/U+4F00-U+4FFF/俳小.json,1,
俳徊,5,はいかい,aozora_ruby|jmdict,4,suspected_fragment,reject_fragment,all occurrences are embedded across at least two works and authoritative dictionaries have no exact headword,,2a9e299e-ff66-5b3d-a2cd-117e537e463a,,/Users/iktahana/Genji/pending/needs_reading/U+4F00-U+4FFF/俳徊.json,1,
俳筵,4,はいえん,aozora_ruby,1,suspected_fragment,keep_pending,at least one example contains an independent use,,a020e5d5-52a1-5077-aeca-c2c5972f2963,,/Users/iktahana/Genji/pending/needs_reading/U+4F00-U+4FFF/俳筵.json,1,
俳道,15,,,0,suspected_fragment,keep_pending,at least one example contains an independent use,,08d1f382-b8a9-5aa8-808a-cf5023226f74,,/Users/iktahana/Genji/pending/needs_reading/U+4F00-U+4FFF/俳道.json,1,
偽僭,3,,,0,suspected_fragment,reject_fragment,all occurrences are embedded across at least two works and authoritative dictionaries have no exact headword,,ffb054ef-fb17-5209-9ada-602dcf6d4763,,/Users/iktahana/Genji/pending/needs_reading/U+5000-U+50FF/ニセ僭.json,1,
偽如,3,,,0,suspected_fragment,reject_fragment,all occurrences are embedded across at least two works and authoritative dictionaries have no exact headword,,c1e9bdb5-1fb1-56f5-a0a8-4a07af5266d5,,/Users/iktahana/Genji/pending/needs_reading/U+5000-U+50FF/ニセ如.json,1,
偽竄,1,,,0,suspected_fragment,keep_pending,embedded evidence is insufficient for automatic rejection,,362b2af1-b40a-5460-ab0b-a7585b4c1d3d,,/Users/iktahana/Genji/pending/needs_reading/U+5000-U+50FF/ニセ竄.json,1,
偽粧,1,,,0,suspected_fragment,keep_pending,embedded evidence is insufficient for automatic rejection,,72a1304f-0751-5b92-ad1e-132472f01677,,/Users/iktahana/Genji/pending/needs_reading/U+5000-U+50FF/ニセ粧.json,1,
倆,18,うつむ,aozora_ruby,1,suspected_fragment,keep_pending,single-character entries require individual review,,8f088a27-016e-5349-bdb4-698b148da473,,/Users/iktahana/Genji/pending/needs_reading/U+5000-U+50FF/倆.json,1,
倉々,4,,,0,suspected_fragment,keep_pending,at least one example contains an independent use,,24928688-cc6c-5ccf-a23f-87a51e50b788,,/Users/iktahana/Genji/pending/needs_reading/U+5000-U+50FF/倉々.json,1,
倏,6,しゅっ|たちま|たちまち,aozora_ruby,3,source_conflict,conflict,sources disagree on the complete-entry reading,,15c120d4-ee82-507b-9562-303ff983ea2c,,/Users/iktahana/Genji/pending/needs_reading/U+5000-U+50FF/倏.json,1,
們,10,ともがら|ら|ドモ|ラ,aozora_ruby,4,source_conflict,conflict,sources disagree on the complete-entry reading,,aea420d2-70af-5244-9766-5a060add646a,,/Users/iktahana/Genji/pending/needs_reading/U+5000-U+50FF/們.json,1,
倒々,9,,,0,invalid_unicode,keep_pending,a source supplied a reading containing illegal characters,,bfa663cc-4081-51c5-923f-010c58f3d4ed,,/Users/iktahana/Genji/pending/needs_reading/U+5000-U+50FF/倒々.json,1,
倚,206,か|かか|き|も|もた|よ|よっ|よら|より|よりかか|ヨ,aozora_ruby,434,invalid_unicode,keep_pending,a source supplied a reading containing illegal characters,,4ced4c8d-6596-5b72-860a-b225f99e8748,,/Users/iktahana/Genji/pending/needs_reading/U+5000-U+50FF/倚.json,1,
倚凭,43,よりかか|よりかゝ,aozora_ruby,16,source_conflict,conflict,sources disagree on the complete-entry reading,,2222c38d-3e03-5ad7-8141-9d2a74c355bc,,/Users/iktahana/Genji/pending/needs_reading/U+5000-U+50FF/倚凭.json,1,
倚掛,13,よせかけ|よっかか|よっかゝ|よつかか|よりかか|よりかかり|よりかゝ|よりかゝり,aozora_ruby,12,source_conflict,conflict,sources disagree on the complete-entry reading,,489aee91-2985-5291-838f-55e7f7887d8e,,/Users/iktahana/Genji/pending/needs_reading/U+5000-U+50FF/倚掛.json,1,
倚添,16,よりそ,aozora_ruby,4,suspected_fragment,reject_fragment,all occurrences are embedded across at least two works and authoritative dictionaries have no exact headword,,8faa4a59-defb-5671-8386-fe5c578dda29,,/Users/iktahana/Genji/pending/needs_reading/U+5000-U+50FF/倚添.json,1,
倡,8,いざな|とな,aozora_ruby,4,source_conflict,conflict,sources disagree on the complete-entry reading,,566865cb-9ce2-5da1-b42b-0e54d9395441,,/Users/iktahana/Genji/pending/needs_reading/U+5000-U+50FF/倡.json,1,
倦々,4,,,0,invalid_unicode,keep_pending,a source supplied a reading containing illegal characters,,9348eb36-0bb8-56be-acb5-1783bc449c2d,,/Users/iktahana/Genji/pending/needs_reading/U+5000-U+50FF/倦々.json,1,
倨然,9,きょぜん|きよぜん|ぎぜん,aozora_ruby,4,source_conflict,conflict,sources disagree on the complete-entry reading,,3676663c-d670-57e1-b5b4-7691142142d7,,/Users/iktahana/Genji/pending/needs_reading/U+5000-U+50FF/倨然.json,1,
倶々,17,,,0,invalid_unicode,keep_pending,a source supplied a reading containing illegal characters,,0a6d4765-6111-5583-90b0-8594d463b7fe,,/Users/iktahana/Genji/pending/needs_reading/U+5000-U+50FF/倶々.json,1,
偖々,36,,,0,invalid_unicode,keep_pending,a source supplied a reading containing illegal characters,,fee602f3-fb72-54bb-88b6-f6620ed98dad,,/Users/iktahana/Genji/pending/needs_reading/U+5000-U+50FF/偖々.json,1,
做,389,し|とおる|な|なら|みな,aozora_ruby|jmnedict,103,source_conflict,conflict,sources disagree on the complete-entry reading,,3c5da6ea-2e99-5b91-be41-0e495c6bbeb9,,/Users/iktahana/Genji/pending/needs_reading/U+5000-U+50FF/做.json,1,
偵七,4,,,0,suspected_fragment,reject_fragment,all occurrences are embedded across at least two works and authoritative dictionaries have no exact headword,,bc028b57-e073-5dac-9964-9f68b591e2e7,,/Users/iktahana/Genji/pending/needs_reading/U+5000-U+50FF/偵七.json,1,
偸見,23,ぬすみみ,aozora_ruby,21,suspected_fragment,keep_pending,at least one example contains an independent use,,83cf7ac3-e305-5d86-903f-097e76d64bbe,,/Users/iktahana/Genji/pending/needs_reading/U+5000-U+50FF/偸見.json,1,
傍々,8,かたがた,aozora_ruby,2,invalid_unicode,keep_pending,a source supplied a reading containing illegal characters,,4adda2ae-63ad-5180-ae63-670df264e10d,,/Users/iktahana/Genji/pending/needs_reading/U+5000-U+50FF/傍々.json,1,
傚,94,な|なら|ならっ|ならひ|なろ|ま,aozora_ruby,70,source_conflict,conflict,sources disagree on the complete-entry reading,,cb32b2a7-14f8-570d-9e72-82d83d61fcb3,,/Users/iktahana/Genji/pending/needs_reading/U+5000-U+50FF/傚.json,1,
傴,4,かが|く|くぐ,aozora_ruby,3,source_conflict,conflict,sources disagree on the complete-entry reading,,7b4dbfb0-ab1b-56a9-8a47-25e2928fda77,,/Users/iktahana/Genji/pending/needs_reading/U+5000-U+50FF/傴.json,1,
傷々,47,いたいた,aozora_ruby,27,invalid_unicode,keep_pending,a source supplied a reading containing illegal characters,,59cbf77f-5e4c-587d-b018-76c85bdf4c57,,/Users/iktahana/Genji/pending/needs_reading/U+5000-U+50FF/傷々.json,1,
僂,8,かが|かゞ|ちぢ,aozora_ruby,3,source_conflict,conflict,sources disagree on the complete-entry reading,,03821f2a-80b1-590b-be4b-9b8f1fd710a6,,/Users/iktahana/Genji/pending/needs_reading/U+5000-U+50FF/僂.json,1,
僂麻,34,,,0,suspected_fragment,reject_fragment,all occurrences are embedded across at least two works and authoritative dictionaries have no exact headword,,1eab358e-cb04-51a8-a09d-987869460200,,/Users/iktahana/Genji/pending/needs_reading/U+5000-U+50FF/僂麻.json,1,
僉知,11,,,0,suspected_fragment,reject_fragment,all occurrences are embedded across at least two works and authoritative dictionaries have no exact headword,,86e1ba1a-f9be-5ece-96ce-6ecf11ee47ea,,/Users/iktahana/Genji/pending/needs_reading/U+5000-U+50FF/僉知.json,1,
僣,6,せん|ひそ,aozora_ruby,2,source_conflict,conflict,sources disagree on the complete-entry reading,,abf85a75-b678-59e5-9ab9-3e7438d48889,,/Users/iktahana/Genji/pending/needs_reading/U+5000-U+50FF/僣.json,1,
僣上,27,せんじやう|せんじょう,aozora_ruby,6,source_conflict,conflict,sources disagree on the complete-entry reading,,bb911fc4-b6a8-52b9-a3e0-a0a71a60aec6,,/Users/iktahana/Genji/pending/needs_reading/U+5000-U+50FF/僣上.json,1,
僣称,16,せんしょう|せんしよう,aozora_ruby,3,source_conflict,conflict,sources disagree on the complete-entry reading,,e65743d3-eb5b-5b90-8843-3b9d369ec6da,,/Users/iktahana/Genji/pending/needs_reading/U+5000-U+50FF/僣称.json,1,
僣越,37,せんえつ|せんゑつ,aozora_ruby|jmdict,6,source_conflict,conflict,sources disagree on the complete-entry reading,,46fa04e5-42f6-573b-86f3-44f465fe7972,,/Users/iktahana/Genji/pending/needs_reading/U+5000-U+50FF/僣越.json,1,
僥,4,しあわ,aozora_ruby,1,suspected_fragment,keep_pending,single-character entries require individual review,,be073907-9b94-50ea-8fba-398d0d7ea6bd,,/Users/iktahana/Genji/pending/needs_reading/U+5000-U+50FF/僥.json,1,
僭望,4,,,0,suspected_fragment,reject_fragment,all occurrences are embedded across at least two works and authoritative dictionaries have no exact headword,,bfcc4024-cd69-5547-afbf-72de59e464f6,,/Users/iktahana/Genji/pending/needs_reading/U+5000-U+50FF/僭望.json,1,
僮,38,こども|しもべ|どう|ボオイ|ボーイ,aozora_ruby,6,source_conflict,conflict,sources disagree on the complete-entry reading,,8528fc1f-d1cb-50e7-a9f5-b6060c9e7d9b,,/Users/iktahana/Genji/pending/needs_reading/U+5000-U+50FF/僮.json,1,
僮子,9,こぞう|どうし,aozora_ruby,2,source_conflict,conflict,sources disagree on the complete-entry reading,,d1050831-bea0-53e9-b4e5-a33e1c8962eb,,/Users/iktahana/Genji/pending/needs_reading/U+5000-U+50FF/僮子.json,1,
僵,91,たお|たふ|だおれ,aozora_ruby,39,source_conflict,conflict,sources disagree on the complete-entry reading,,69668ae2-1d0d-52a1-8787-2ee2fa78ea13,,/Users/iktahana/Genji/pending/needs_reading/U+5000-U+50FF/僵.json,1,
児如,1,,,0,suspected_fragment,keep_pending,embedded evidence is insufficient for automatic rejection,,37ca8c36-c1f0-56cc-9b77-eb37955b550f,,/Users/iktahana/Genji/pending/needs_reading/U+5100-U+51FF/コ如.json,1,
児歸,1,,,0,unmatched,keep_pending,no accepted complete-entry evidence,,f6ab2492-fd08-5bf7-8f42-480a16a3d472,,/Users/iktahana/Genji/pending/needs_reading/U+5100-U+51FF/コ歸.json,1,
児眺,1,,,0,suspected_fragment,keep_pending,embedded evidence is insufficient for automatic rejection,,3840df35-827c-5b3a-a6e7-ee1642323139,,/Users/iktahana/Genji/pending/needs_reading/U+5100-U+51FF/コ眺.json,1,
児矣,1,,,0,suspected_fragment,reject_fragment,all occurrences are embedded across at least two works and authoritative dictionaries have no exact headword,,ef38738e-70cb-5ebb-a483-13e1c1fda027,,/Users/iktahana/Genji/pending/needs_reading/U+5100-U+51FF/コ矣.json,1,
児贖,2,,,0,suspected_fragment,keep_pending,embedded evidence is insufficient for automatic rejection,,69c2527a-0655-5137-ace5-3abe8cb67fc1,,/Users/iktahana/Genji/pending/needs_reading/U+5100-U+51FF/コ贖.json,1,
児送,1,,,0,suspected_fragment,reject_fragment,all occurrences are embedded across at least two works and authoritative dictionaries have no exact headword,,7389cb83-1909-53f6-8df8-239b992d25c8,,/Users/iktahana/Genji/pending/needs_reading/U+5100-U+51FF/コ送.json,1,
冊兩,2,,,0,suspected_fragment,keep_pending,embedded evidence is insufficient for automatic rejection,,fc215f3b-c789-57e3-ad0b-33e7d3012f58,,/Users/iktahana/Genji/pending/needs_reading/U+5100-U+51FF/サツ兩.json,1,
冊揃,1,,,0,suspected_fragment,reject_fragment,all occurrences are embedded across at least two works and authoritative dictionaries have no exact headword,,8dbe1115-1b5f-56d9-83ad-0988fbd3278a,,/Users/iktahana/Genji/pending/needs_reading/U+5100-U+51FF/サツ揃.json,1,
冊紛,1,,,0,suspected_fragment,reject_fragment,all occurrences are embedded across at least two works and authoritative dictionaries have no exact headword,,bc4fb2cc-59c7-590b-9b43-20ff5ccf0198,,/Users/iktahana/Genji/pending/needs_reading/U+5100-U+51FF/サツ紛.json,1,
冊載,1,,,0,suspected_fragment,reject_fragment,all occurrences are embedded across at least two works and authoritative dictionaries have no exact headword,,3900978f-f503-5dfa-9158-7dcea815f990,,/Users/iktahana/Genji/pending/needs_reading/U+5100-U+51FF/サツ載.json,1,
冊送,2,,,0,suspected_fragment,reject_fragment,all occurrences are embedded across at least two works and authoritative dictionaries have no exact headword,,4e578d96-499b-5a05-ba23-c35bf24adce7,,/Users/iktahana/Genji/pending/needs_reading/U+5100-U+51FF/サツ送.json,1,
処云,1,,,0,suspected_fragment,reject_fragment,all occurrences are embedded across at least two works and authoritative dictionaries have no exact headword,,73b8c14f-947b-5c83-a6bf-e724071c083b,,/Users/iktahana/Genji/pending/needs_reading/U+5100-U+51FF/トコロ云.json,1,
処兩,2,,,0,unmatched,keep_pending,no accepted complete-entry evidence,,ca769d3e-ed6e-51de-952a-20bdd80d8fa2,,/Users/iktahana/Genji/pending/needs_reading/U+5100-U+51FF/トコロ兩.json,1,
処却,3,,,0,suspected_fragment,reject_fragment,all occurrences are embedded across at least two works and authoritative dictionaries have no exact headword,,727a3169-e0b9-5003-81f2-4fa4b1c0a7ca,,/Users/iktahana/Genji/pending/needs_reading/U+5100-U+51FF/トコロ却.json,1,
処如,1,,,0,suspected_fragment,reject_fragment,all occurrences are embedded across at least two works and authoritative dictionaries have no exact headword,,1f7a3389-0100-50f4-97aa-7f578f1ee975,,/Users/iktahana/Genji/pending/needs_reading/U+5100-U+51FF/トコロ如.json,1,
処披,1,,,0,suspected_fragment,keep_pending,embedded evidence is insufficient for automatic rejection,,d323f93a-8740-5cca-9922-ca38eab75f62,,/Users/iktahana/Genji/pending/needs_reading/U+5100-U+51FF/トコロ披.json,1,
処欺,1,,,0,unmatched,keep_pending,no accepted complete-entry evidence,,848b6f1e-9971-5751-95d8-b482ff24f4fa,,/Users/iktahana/Genji/pending/needs_reading/U+5100-U+51FF/トコロ欺.json,1,
処移,1,,,0,unmatched,keep_pending,no accepted complete-entry evidence,,63748e60-36d4-55f5-bbf1-743562a84644,,/Users/iktahana/Genji/pending/needs_reading/U+5100-U+51FF/トコロ移.json,1,
処而,1,,,0,suspected_fragment,keep_pending,embedded evidence is insufficient for automatic rejection,,0ab71c90-5546-5cab-a407-84575345208c,,/Users/iktahana/Genji/pending/needs_reading/U+5100-U+51FF/トコロ而.json,1,
処耘,5,,,0,suspected_fragment,keep_pending,embedded evidence is insufficient for automatic rejection,,7c72790d-fda6-5fba-84c8-73e81f622fbc,,/Users/iktahana/Genji/pending/needs_reading/U+5100-U+51FF/トコロ耘.json,1,
処雙,1,,,0,suspected_fragment,keep_pending,embedded evidence is insufficient for automatic rejection,,d702bf26-658b-5c59-9163-5e5836108c5c,,/Users/iktahana/Genji/pending/needs_reading/U+5100-U+51FF/トコロ雙.json,1,
儔,21,くら|たぐ|たぐい|たぐひ|とも|ひとし,aozora_ruby|jmnedict,15,source_conflict,conflict,sources disagree on the complete-entry reading,,eb8ec4fd-8ee9-5cf6-a2f2-81bfbb340a62,,/Users/iktahana/Genji/pending/needs_reading/U+5100-U+51FF/儔.json,1,
儕,313,ともがら|ばら,aozora_ruby|jmdict,3,ambiguous,conflict,jmdict has multiple applicable full-entry readings,,09a82faf-d3ab-5ba9-8fbf-8f82af14df9c,,/Users/iktahana/Genji/pending/needs_reading/U+5100-U+51FF/儕.json,1,
償勤,4,,,0,suspected_fragment,reject_fragment,all occurrences are embedded across at least two works and authoritative dictionaries have no exact headword,,7e69d80c-db3b-56c9-b119-a0bb91f81ec1,,/Users/iktahana/Genji/pending/needs_reading/U+5100-U+51FF/償勤.json,1,
儲中,8,,,0,suspected_fragment,reject_fragment,all occurrences are embedded across at least two works and authoritative dictionaries have no exact headword,,06d41924-c4e1-557b-aa02-32e6b0e092d3,,/Users/iktahana/Genji/pending/needs_reading/U+5100-U+51FF/儲中.json,1,
儲蔵,5,ちょぞう,aozora_ruby,1,suspected_fragment,keep_pending,at least one example contains an independent use,,3dafc059-4cb6-5a2f-b2fd-c65022d34c87,,/Users/iktahana/Genji/pending/needs_reading/U+5100-U+51FF/儲蔵.json,1,
儼,67,いかめ|おごそ|げん,aozora_ruby|jmdict,30,source_conflict,conflict,sources disagree on the complete-entry reading,,09a750a7-f85e-5d5d-8c3d-619faf088af0,,/Users/iktahana/Genji/pending/needs_reading/U+5100-U+51FF/儼.json,1,
兇事,16,きょうじ,aozora_ruby,1,suspected_fragment,keep_pending,at least one example contains an independent use,,20e0e14d-813e-59ea-bb6b-838bc11c2490,,/Users/iktahana/Genji/pending/needs_reading/U+5100-U+51FF/兇事.json,1,
兇兵,4,,,0,unmatched,keep_pending,no accepted complete-entry evidence,,644aa394-a396-5bc7-83a6-f1a98ff112d7,,/Users/iktahana/Genji/pending/needs_reading/U+5100-U+51FF/兇兵.json,1,
兇盗,4,,,0,suspected_fragment,keep_pending,at least one example contains an independent use,,149a919e-368b-5577-8ea4-5793a5a0d541,,/Users/iktahana/Genji/pending/needs_reading/U+5100-U+51FF/兇盗.json,1,
兇相,13,あくさう,aozora_ruby,1,suspected_fragment,keep_pending,at least one example contains an independent use,,6c15ba8e-d23b-5e99-883b-586ca29993e6,,/Users/iktahana/Genji/pending/needs_reading/U+5100-U+51FF/兇相.json,1,
兇蕃,19,,,0,suspected_fragment,keep_pending,at least one example contains an independent use,,7858f14c-11d5-588d-92db-8ab120a2e8ae,,/Users/iktahana/Genji/pending/needs_reading/U+5100-U+51FF/兇蕃.json,1,
光々,8,こうごう|ぴかぴか,aozora_ruby,2,invalid_unicode,keep_pending,a source supplied a reading containing illegal characters,,4adbb4c3-cbbc-51eb-a855-beece2aa0851,,/Users/iktahana/Genji/pending/needs_reading/U+5100-U+51FF/光々.json,1,
全々,31,ぜんぜん|まるまる,aozora_ruby,2,invalid_unicode,keep_pending,a source supplied a reading containing illegal characters,,7356f4c1-d643-52c4-bea6-393ed3df61ee,,/Users/iktahana/Genji/pending/needs_reading/U+5100-U+51FF/全々.json,1,
兮,27,げ|や,aozora_ruby,2,source_conflict,conflict,sources disagree on the complete-entry reading,,3ec13ac4-9d9f-5047-9697-5936194ebbca,,/Users/iktahana/Genji/pending/needs_reading/U+5100-U+51FF/兮.json,1,
冀城,25,きじょう,aozora_ruby,2,suspected_fragment,keep_pending,at least one example contains an independent use,,7eb723c4-272b-5c71-a53b-50ebb5793fdb,,/Users/iktahana/Genji/pending/needs_reading/U+5100-U+51FF/冀城.json,1,
円々,50,まるまる,aozora_ruby,10,suspected_fragment,keep_pending,at least one example contains an independent use,,1195d064-c997-5b02-b7b5-9b0d773cb7c8,,/Users/iktahana/Genji/pending/needs_reading/U+5100-U+51FF/円々.json,1,
冏,7,けい|ひさし,jmnedict,2,ambiguous,conflict,jmnedict has multiple applicable full-entry readings,,b9ca15ba-18bf-59eb-9d25-bb0290f5921a,,/Users/iktahana/Genji/pending/needs_reading/U+5100-U+51FF/冏.json,1,
冐,32,おか|ひ|をか,aozora_ruby,5,source_conflict,conflict,sources disagree on the complete-entry reading,,8290638e-74c3-5c57-b557-b8c2fd284c5e,,/Users/iktahana/Genji/pending/needs_reading/U+5100-U+51FF/冐.json,1,
冗々,6,くだくだ,aozora_ruby,2,invalid_unicode,keep_pending,a source supplied a reading containing illegal characters,,6379fea1-cc39-5373-b6cc-ce9552c7df7d,,/Users/iktahana/Genji/pending/needs_reading/U+5100-U+51FF/冗々.json,1,
冗弁,8,じょうだん|じょうべん,aozora_ruby,2,source_conflict,conflict,sources disagree on the complete-entry reading,,6cecc3a3-9ddd-5009-b37b-a43b1f1e161f,,/Users/iktahana/Genji/pending/needs_reading/U+5100-U+51FF/冗弁.json,1,
冗戯,54,からかい|じやうだん|じょうぎ|じょうだん|ふざ,aozora_ruby,25,source_conflict,conflict,sources disagree on the complete-entry reading,,3f300298-d220-5a2f-b78a-4a8cbac7938a,,/Users/iktahana/Genji/pending/needs_reading/U+5100-U+51FF/冗戯.json,1,
冗説,4,,,0,suspected_fragment,reject_fragment,all occurrences are embedded across at least two works and authoritative dictionaries have no exact headword,,2345f8f4-03d5-5993-96c0-b1cb90310ec6,,/Users/iktahana/Genji/pending/needs_reading/U+5100-U+51FF/冗説.json,1,
冨勇,8,,,0,suspected_fragment,keep_pending,at least one example contains an independent use,,8cedab19-3ff5-5bae-803d-f27787f38ee7,,/Users/iktahana/Genji/pending/needs_reading/U+5100-U+51FF/冨勇.json,1,
冰,55,こお|こおり|こほ|こほり|ひ|ひょう|ひよう|コホ,aozora_ruby|jmdict|jmnedict,27,ambiguous,conflict,jmnedict has multiple applicable full-entry readings,,8b94aa4f-c713-5a16-811c-573224e9c92c,,/Users/iktahana/Genji/pending/needs_reading/U+5100-U+51FF/冰.json,1,
冰壮,6,,,0,suspected_fragment,reject_fragment,all occurrences are embedded across at least two works and authoritative dictionaries have no exact headword,,9d39ee86-2226-5450-a88d-bb4cfb6c2177,,/Users/iktahana/Genji/pending/needs_reading/U+5100-U+51FF/冰壮.json,1,
冰室,4,ひむろ,aozora_ruby,1,suspected_fragment,keep_pending,at least one example contains an independent use,,a62596e9-d200-51cf-b969-8448f98524d9,,/Users/iktahana/Genji/pending/needs_reading/U+5100-U+51FF/冰室.json,1,
冱,5,い|さ,aozora_ruby,8,source_conflict,conflict,sources disagree on the complete-entry reading,,8ba11e10-8060-5f46-8752-a07c4959944d,,/Users/iktahana/Genji/pending/needs_reading/U+5100-U+51FF/冱.json,1,
况,70,いは|いはん|いわ|いわん|ま|まし,aozora_ruby,19,source_conflict,conflict,sources disagree on the complete-entry reading,,610ec792-cf48-575b-9a94-d4ca59e3a49b,,/Users/iktahana/Genji/pending/needs_reading/U+5100-U+51FF/况.json,1,
况斎,6,きょうさい,aozora_ruby,1,suspected_fragment,keep_pending,at least one example contains an independent use,,4039f982-273f-54a7-a57f-0ad16bea1837,,/Users/iktahana/Genji/pending/needs_reading/U+5100-U+51FF/况斎.json,1,
凄々,5,すごすご,aozora_ruby,1,invalid_unicode,keep_pending,a source supplied a reading containing illegal characters,,227ac5a0-85bc-5b10-9952-0b5272a732ad,,/Users/iktahana/Genji/pending/needs_reading/U+5100-U+51FF/凄々.json,1,
凉傘,6,パラソル|リヤンサン,aozora_ruby,2,source_conflict,conflict,sources disagree on the complete-entry reading,,a731d60d-3730-5877-b372-0df5c7a23cd0,,/Users/iktahana/Genji/pending/needs_reading/U+5100-U+51FF/凉傘.json,1,
凉庵,13,,,0,suspected_fragment,keep_pending,at least one example contains an independent use,,d16fcce4-e3d3-5f73-b3f9-0831c05b270c,,/Users/iktahana/Genji/pending/needs_reading/U+5100-U+51FF/凉庵.json,1,
凉軒,25,りょうけん,aozora_ruby,1,suspected_fragment,keep_pending,at least one example contains an independent use,,f1d22f8c-2d39-5160-9bed-55c1685b3a5b,,/Users/iktahana/Genji/pending/needs_reading/U+5100-U+51FF/凉軒.json,1,
凍氷,9,,,0,suspected_fragment,keep_pending,at least one example contains an independent use,,fff388e5-e583-55be-bc47-93781aaa9370,,/Users/iktahana/Genji/pending/needs_reading/U+5100-U+51FF/凍氷.json,1,
凭,187,いこ|か|かか|かかり|すが|も|もた|もたれ|よ|よっ|より|よりかか,aozora_ruby,700,invalid_unicode,keep_pending,a source supplied a reading containing illegal characters,,8c3a5409-8450-5925-a976-2645ed746b01,,/Users/iktahana/Genji/pending/needs_reading/U+5100-U+51FF/凭.json,1,
凭懸,6,もたれかか|よっかか|よりかか|よりかゝ,aozora_ruby,15,source_conflict,conflict,sources disagree on the complete-entry reading,,22be1808-8182-539d-87b7-6f3ec8ab2f35,,/Users/iktahana/Genji/pending/needs_reading/U+5100-U+51FF/凭懸.json,1,
凭掛,16,もたれかか|もたれかゝ|よりかか|よりかかり|よりかゝ|よりかゝり,aozora_ruby,22,source_conflict,conflict,sources disagree on the complete-entry reading,,be3b742a-cb65-5048-932a-a941983ee063,,/Users/iktahana/Genji/pending/needs_reading/U+5100-U+51FF/凭掛.json,1,
凭椅,4,,,0,suspected_fragment,reject_fragment,all occurrences are embedded across at least two works and authoritative dictionaries have no exact headword,,095b553b-9bbf-553d-b779-213dda85b901,,/Users/iktahana/Genji/pending/needs_reading/U+5100-U+51FF/凭椅.json,1,
凭欄,5,,,0,suspected_fragment,reject_fragment,all occurrences are embedded across at least two works and authoritative dictionaries have no exact headword,,02e14db8-e215-56f9-b573-d404a604b80a,,/Users/iktahana/Genji/pending/needs_reading/U+5100-U+51FF/凭欄.json,1,
凵,4,,,0,suspected_fragment,keep_pending,single-character entries require individual review,,3db5623f-5741-5401-8632-72c2dcfc06fd,,/Users/iktahana/Genji/pending/needs_reading/U+5100-U+51FF/凵.json,1,
凾,47,はこ|ケース,aozora_ruby|jmdict,5,source_conflict,conflict,sources disagree on the complete-entry reading,,53b5b4a0-1ac0-58ed-bd1a-be142c2641f8,,/Users/iktahana/Genji/pending/needs_reading/U+5100-U+51FF/凾.json,1,
凾嶺,13,はこね,aozora_ruby,1,suspected_fragment,keep_pending,at least one example contains an independent use,,31ca5424-09a6-5129-ab9b-16d2cefd6748,,/Users/iktahana/Genji/pending/needs_reading/U+5100-U+51FF/凾嶺.json,1,
剣於,1,,,0,unmatched,keep_pending,no accepted complete-entry evidence,,a84cddd5-68b3-5ed7-adc8-65f82a6df21e,,/Users/iktahana/Genji/pending/needs_reading/U+5200-U+52FF/ケン於.json,1,
効如,1,,,0,suspected_fragment,keep_pending,embedded evidence is insufficient for automatic rejection,,b06f5585-1e8f-5131-bf32-61f97ab4e501,,/Users/iktahana/Genji/pending/needs_reading/U+5200-U+52FF/コウ如.json,1,
効而,1,,,0,unmatched,keep_pending,no accepted complete-entry evidence,,c7295e2d-f8b6-5402-8c8c-7c4103888d85,,/Users/iktahana/Genji/pending/needs_reading/U+5200-U+52FF/コウ而.json,1,
労倦,1,らうけん,aozora_ruby,1,suspected_fragment,keep_pending,at least one example contains an independent use,,98c4f64c-c337-5936-aa7c-09432f33fb93,,/Users/iktahana/Genji/pending/needs_reading/U+5200-U+52FF/ロウ倦.json,1,
労於,1,,,0,unmatched,keep_pending,no accepted complete-entry evidence,,5a727e08-853b-56bb-8506-d1283bc2b2f2,,/Users/iktahana/Genji/pending/needs_reading/U+5200-U+52FF/ロウ於.json,1,
労犒,1,,,0,suspected_fragment,keep_pending,embedded evidence is insufficient for automatic rejection,,dd19a689-afaf-57c7-ba23-f24719d7c06f,,/Users/iktahana/Genji/pending/needs_reading/U+5200-U+52FF/ロウ犒.json,1,
労衰,3,,,0,suspected_fragment,reject_fragment,all occurrences are embedded across at least two works and authoritative dictionaries have no exact headword,,0a01501a-eb27-545a-b7bd-284d8ddb8967,,/Users/iktahana/Genji/pending/needs_reading/U+5200-U+52FF/ロウ衰.json,1,
分々,10,,,0,suspected_fragment,reject_fragment,all occurrences are embedded across at least two works and authoritative dictionaries have no exact headword,,c7e88c05-18bb-593a-9c95-c25d508e1d71,,/Users/iktahana/Genji/pending/needs_reading/U+5200-U+52FF/分々.json,1,
刎上,5,はねあ|はねあが,aozora_ruby,14,source_conflict,conflict,sources disagree on the complete-entry reading,,2ed1faca-02f5-5fcd-bcdc-6c95cb607f99,,/Users/iktahana/Genji/pending/needs_reading/U+5200-U+52FF/刎上.json,1,
刎返,15,はねかえ|はねかへ,aozora_ruby,12,source_conflict,conflict,sources disagree on the complete-entry reading,,b5d86c74-1c8c-543d-a577-670ce3288b57,,/Users/iktahana/Genji/pending/needs_reading/U+5200-U+52FF/刎返.json,1,
刎釣,6,,,0,suspected_fragment,reject_fragment,all occurrences are embedded across at least two works and authoritative dictionaries have no exact headword,,c45e7091-be92-578c-9483-3b8dd59a2f14,,/Users/iktahana/Genji/pending/needs_reading/U+5200-U+52FF/刎釣.json,1,
刎飛,4,はねと|はねとば,aozora_ruby,6,source_conflict,conflict,sources disagree on the complete-entry reading,,0f81e2db-b38c-53e5-a5c2-ccabe66368f5,,/Users/iktahana/Genji/pending/needs_reading/U+5200-U+52FF/刎飛.json,1,
刧,7,おび|おびやか|おびやかさ,aozora_ruby,3,source_conflict,conflict,sources disagree on the complete-entry reading,,7fcb843f-b057-54c0-95fb-0000f7692e58,,/Users/iktahana/Genji/pending/needs_reading/U+5200-U+52FF/刧.json,1,
刪,40,けず|けづ,aozora_ruby,10,source_conflict,conflict,sources disagree on the complete-entry reading,,6d96824b-6024-5261-8ad9-1acde4a23d17,,/Users/iktahana/Genji/pending/needs_reading/U+5200-U+52FF/刪.json,1,
到々,69,とうとう,aozora_ruby,2,suspected_fragment,reject_fragment,all occurrences are embedded across at least two works and authoritative dictionaries have no exact headword,,003a0350-8f3d-54f0-97c0-c9bc8057b43b,,/Users/iktahana/Genji/pending/needs_reading/U+5200-U+52FF/到々.json,1,
刳貫,17,くりぬき|こかん,aozora_ruby,2,source_conflict,conflict,sources disagree on the complete-entry reading,,894b1182-96d6-5093-a7ec-9c68b93510af,,/Users/iktahana/Genji/pending/needs_reading/U+5200-U+52FF/刳貫.json,1,
制々,4,,,0,suspected_fragment,reject_fragment,all occurrences are embedded across at least two works and authoritative dictionaries have no exact headword,,ef6a2124-25f9-5b9f-9b70-7cf311aa5a52,,/Users/iktahana/Genji/pending/needs_reading/U+5200-U+52FF/制々.json,1,
削取,4,けずりと,aozora_ruby,3,suspected_fragment,reject_fragment,all occurrences are embedded across at least two works and authoritative dictionaries have no exact headword,,0b9a32b9-d12b-518f-8c80-c566da5b7bd0,,/Users/iktahana/Genji/pending/needs_reading/U+5200-U+52FF/削取.json,1,
剌,29,らつ|ゑぐ,aozora_ruby,2,source_conflict,conflict,sources disagree on the complete-entry reading,,1a5242b1-ec83-5f25-8fdd-9d20cb7f1622,,/Users/iktahana/Genji/pending/needs_reading/U+5200-U+52FF/剌.json,1,
剌加,4,,,0,suspected_fragment,reject_fragment,all occurrences are embedded across at least two works and authoritative dictionaries have no exact headword,,0941a71a-e431-52cb-b26d-b4a144897093,,/Users/iktahana/Genji/pending/needs_reading/U+5200-U+52FF/剌加.json,1,
剌子,5,,,0,suspected_fragment,reject_fragment,all occurrences are embedded across at least two works and authoritative dictionaries have no exact headword,,ab34e7f9-8c35-5452-89f7-f020304df57d,,/Users/iktahana/Genji/pending/needs_reading/U+5200-U+52FF/剌子.json,1,
剌帖,13,,,0,suspected_fragment,keep_pending,embedded evidence is insufficient for automatic rejection,,6932d7aa-4510-556c-ae97-5ffb4c622d70,,/Users/iktahana/Genji/pending/needs_reading/U+5200-U+52FF/剌帖.json,1,
剏,6,きずつ|はじ|はじま|はじめ,aozora_ruby|jmnedict,7,source_conflict,conflict,sources disagree on the complete-entry reading,,6f4633e9-073e-5f51-b506-80f045507149,,/Users/iktahana/Genji/pending/needs_reading/U+5200-U+52FF/剏.json,1,
剖刀,4,,,0,suspected_fragment,reject_fragment,all occurrences are embedded across at least two works and authoritative dictionaries have no exact headword,,8337773b-d8dd-50f9-9907-1412c6520648,,/Users/iktahana/Genji/pending/needs_reading/U+5200-U+52FF/剖刀.json,1,
剖葦,15,ぼうい|よしきり,aozora_ruby,6,source_conflict,conflict,sources disagree on the complete-entry reading,,766260bd-170f-5d55-b20e-8721611c35ca,,/Users/iktahana/Genji/pending/needs_reading/U+5200-U+52FF/剖葦.json,1,
剞,7,く,aozora_ruby,1,suspected_fragment,keep_pending,single-character entries require individual review,,f78000e6-9cbd-5ca4-be28-b68cd911763d,,/Users/iktahana/Genji/pending/needs_reading/U+5200-U+52FF/剞.json,1,
剥篤,4,,,0,suspected_fragment,keep_pending,embedded evidence is insufficient for automatic rejection,,fd582b52-0280-5815-8805-0e114e0df7e7,,/Users/iktahana/Genji/pending/needs_reading/U+5200-U+52FF/剥篤.json,1,
剪栽,4,うゑこみ,aozora_ruby,1,suspected_fragment,reject_fragment,all occurrences are embedded across at least two works and authoritative dictionaries have no exact headword,,4aecde6d-cf88-5e33-8554-1d320ac1bb16,,/Users/iktahana/Genji/pending/needs_reading/U+5200-U+52FF/剪栽.json,1,
剪花,4,きりばな,aozora_ruby,2,suspected_fragment,keep_pending,at least one example contains an independent use,,1d217588-3ff9-5c3b-88e4-8edc8920a12b,,/Users/iktahana/Genji/pending/needs_reading/U+5200-U+52FF/剪花.json,1,
剪髪,5,きりがみ|せんぱつ,aozora_ruby,2,source_conflict,conflict,sources disagree on the complete-entry reading,,78b4b500-f6b6-5d34-ac68-6737cb5f8014,,/Users/iktahana/Genji/pending/needs_reading/U+5200-U+52FF/剪髪.json,1,
剳,14,,,0,suspected_fragment,keep_pending,single-character entries require individual review,,33e60789-00a8-591f-bb31-76adb1e1f7a8,,/Users/iktahana/Genji/pending/needs_reading/U+5200-U+52FF/剳.json,1,
剳記,12,さつき,aozora_ruby,1,suspected_fragment,reject_fragment,all occurrences are embedded across at least two works and authoritative dictionaries have no exact headword,,6d03e138-e9e6-5e89-8def-07d295af5213,,/Users/iktahana/Genji/pending/needs_reading/U+5200-U+52FF/剳記.json,1,
剳青,5,ほりもの,aozora_ruby,2,suspected_fragment,reject_fragment,all occurrences are embedded across at least two works and authoritative dictionaries have no exact headword,,d3708bbe-0490-50a2-b71c-9444784b81bb,,/Users/iktahana/Genji/pending/needs_reading/U+5200-U+52FF/剳青.json,1,
剽竊,23,ひょうせつ|へうせつ,aozora_ruby|jmdict,8,source_conflict,conflict,sources disagree on the complete-entry reading,,f7ce5aaa-5604-5548-88b5-2c84741d8964,,/Users/iktahana/Genji/pending/needs_reading/U+5200-U+52FF/剽竊.json,1,
劃策,15,かくさく,aozora_ruby|jmdict,9,suspected_fragment,keep_pending,at least one example contains an independent use,,0c9e3708-add0-5631-a681-c108cf1e7b44,,/Users/iktahana/Genji/pending/needs_reading/U+5200-U+52FF/劃策.json,1,
劃線,4,かくせん,aozora_ruby,1,suspected_fragment,reject_fragment,all occurrences are embedded across at least two works and authoritative dictionaries have no exact headword,,761f3011-04e0-514d-8d43-e73518c98703,,/Users/iktahana/Genji/pending/needs_reading/U+5200-U+52FF/劃線.json,1,
劣作,4,れつさく,aozora_ruby,1,suspected_fragment,keep_pending,at least one example contains an independent use,,21d05968-01e6-58fe-9999-d4bfa103fd8c,,/Users/iktahana/Genji/pending/needs_reading/U+5200-U+52FF/劣作.json,1,
努々,4,ゆめゆめ,aozora_ruby|jmdict,3,invalid_unicode,keep_pending,a source supplied a reading containing illegal characters,,0783517c-7f38-588b-9cc7-e547c9a84103,,/Users/iktahana/Genji/pending/needs_reading/U+5200-U+52FF/努々.json,1,
劬,222,いた|いたは|いたわ|く|なだ|ねぎら,aozora_ruby,152,source_conflict,conflict,sources disagree on the complete-entry reading,,67025167-a1ad-5cbb-bcae-f2bcb45d17f3,,/Users/iktahana/Genji/pending/needs_reading/U+5200-U+52FF/劬.json,1,
劵,50,ふだ,aozora_ruby,1,suspected_fragment,keep_pending,single-character entries require individual review,,a0aaaa92-d9b9-588d-a60d-be484552d8bc,,/Users/iktahana/Genji/pending/needs_reading/U+5200-U+52FF/劵.json,1,
効々,12,かいがい|かひかひ|かひがひ,aozora_ruby,10,invalid_unicode,keep_pending,a source supplied a reading containing illegal characters,,81b9f378-0e92-5c27-95af-112e39192641,,/Users/iktahana/Genji/pending/needs_reading/U+5200-U+52FF/効々.json,1,
勃凸,100,,,0,unmatched,keep_pending,no accepted complete-entry evidence,,6661938d-1e1f-56d6-8abf-1773217db833,,/Users/iktahana/Genji/pending/needs_reading/U+5200-U+52FF/勃凸.json,1,
勇々,5,ゆゆ,aozora_ruby,2,invalid_unicode,keep_pending,a source supplied a reading containing illegal characters,,b662ce46-b067-5586-8b0a-abaae534cd24,,/Users/iktahana/Genji/pending/needs_reading/U+5200-U+52FF/勇々.json,1,
勒瑪,11,,,0,suspected_fragment,keep_pending,embedded evidence is insufficient for automatic rejection,,4989e68d-a677-5250-add3-d0353c1ca562,,/Users/iktahana/Genji/pending/needs_reading/U+5200-U+52FF/勒瑪.json,1,
勗,5,つと|つとむ,aozora_ruby|jmnedict,3,source_conflict,conflict,sources disagree on the complete-entry reading,,1dc88353-b2c7-56c2-9a0d-f95dd67247aa,,/Users/iktahana/Genji/pending/needs_reading/U+5200-U+52FF/勗.json,1,
募人,6,,,0,suspected_fragment,reject_fragment,all occurrences are embedded across at least two works and authoritative dictionaries have no exact headword,,79708de8-a02c-5e3d-96ff-9dfc40b7fe52,,/Users/iktahana/Genji/pending/needs_reading/U+5200-U+52FF/募人.json,1,
勦,15,いた|いたは|いたわ,aozora_ruby,9,source_conflict,conflict,sources disagree on the complete-entry reading,,40aff82c-0802-53c7-8036-c9410aa4db5c,,/Users/iktahana/Genji/pending/needs_reading/U+5200-U+52FF/勦.json,1,
勿堂,5,ふつだう,aozora_ruby,1,single_ruby,keep_pending,ruby occurs in only one distinct Aozora text file,,609b5ee4-59ea-5323-bf8c-9288b4defefa,,/Users/iktahana/Genji/pending/needs_reading/U+5200-U+52FF/勿堂.json,1,
勿憚,4,,,0,suspected_fragment,keep_pending,embedded evidence is insufficient for automatic rejection,,f4d882de-1e4a-5df7-a1ba-c1cec4b017ea,,/Users/iktahana/Genji/pending/needs_reading/U+5200-U+52FF/勿憚.json,1,
勿言,4,,,0,suspected_fragment,reject_fragment,all occurrences are embedded across at least two works and authoritative dictionaries have no exact headword,,e5501694-071c-53e9-b507-68567f047d18,,/Users/iktahana/Genji/pending/needs_reading/U+5200-U+52FF/勿言.json,1,
勿謂,4,,,0,suspected_fragment,reject_fragment,all occurrences are embedded across at least two works and authoritative dictionaries have no exact headword,,f7e70e06-7c20-5b8d-9e4c-de6a3fe88cb2,,/Users/iktahana/Genji/pending/needs_reading/U+5200-U+52FF/勿謂.json,1,
勿躰,57,もったい|もつたい,aozora_ruby,14,invalid_unicode,keep_pending,a source supplied a reading containing illegal characters,,2b99010a-84aa-5430-8bda-fc7f89656189,,/Users/iktahana/Genji/pending/needs_reading/U+5200-U+52FF/勿躰.json,1,
勿関,4,,,0,suspected_fragment,keep_pending,embedded evidence is insufficient for automatic rejection,,9d8bd92e-3985-5689-bc7d-1050889c9229,,/Users/iktahana/Genji/pending/needs_reading/U+5200-U+52FF/勿関.json,1,
勿驚,4,おどろくなかれ,aozora_ruby,2,suspected_fragment,reject_fragment,all occurrences are embedded across at least two works and authoritative dictionaries have no exact headword,,af989ae8-81c6-5b40-9ca6-142adfa17c3e,,/Users/iktahana/Genji/pending/needs_reading/U+5200-U+52FF/勿驚.json,1,
医云,1,,,0,unmatched,keep_pending,no accepted complete-entry evidence,,9204a7d5-c720-5635-9082-c1181da4739d,,/Users/iktahana/Genji/pending/needs_reading/U+5300-U+53FF/イ云.json,1,
号兩,1,,,0,unmatched,keep_pending,no accepted complete-entry evidence,,9037249f-c079-546f-8b51-f7b0336f75c1,,/Users/iktahana/Genji/pending/needs_reading/U+5300-U+53FF/ゴウ兩.json,1,
号紛,1,,,0,suspected_fragment,keep_pending,embedded evidence is insufficient for automatic rejection,,7609e3d0-bf36-5db0-b24b-2501ac7412f7,,/Users/iktahana/Genji/pending/needs_reading/U+5300-U+53FF/ゴウ紛.json,1,
号舍,2,,,0,suspected_fragment,keep_pending,embedded evidence is insufficient for automatic rejection,,dbe9788d-ed4f-58af-9c7a-53cd712b3506,,/Users/iktahana/Genji/pending/needs_reading/U+5300-U+53FF/ゴウ舍.json,1,
参如,1,,,0,unmatched,keep_pending,no accepted complete-entry evidence,,2858940f-952c-50c6-9c3a-dca7df40eb2f,,/Users/iktahana/Genji/pending/needs_reading/U+5300-U+53FF/サン如.json,1,
台憑,3,,,0,unmatched,keep_pending,no accepted complete-entry evidence,,5604b888-92e8-5896-bacd-0959cfd31b87,,/Users/iktahana/Genji/pending/needs_reading/U+5300-U+53FF/ダイ憑.json,1,
台掃,1,,,0,unmatched,keep_pending,no accepted complete-entry evidence,,121da9b1-eafe-55fd-bd7e-3e716648c958,,/Users/iktahana/Genji/pending/needs_reading/U+5300-U+53FF/ダイ掃.json,1,
台滅,1,,,0,suspected_fragment,reject_fragment,all occurrences are embedded across at least two works and authoritative dictionaries have no exact headword,,7a8c629a-5bad-5ad9-92e4-361d37770fa2,,/Users/iktahana/Genji/pending/needs_reading/U+5300-U+53FF/ダイ滅.json,1,
台裝,5,,,0,suspected_fragment,reject_fragment,all occurrences are embedded across at least two works and authoritative dictionaries have no exact headword,,d241b2c4-2205-5d1c-b03d-02046d6eb188,,/Users/iktahana/Genji/pending/needs_reading/U+5300-U+53FF/ダイ裝.json,1,
台送,1,,,0,suspected_fragment,keep_pending,embedded evidence is insufficient for automatic rejection,,4743ff9d-ebc7-588b-a3b7-caa49b0e8812,,/Users/iktahana/Genji/pending/needs_reading/U+5300-U+53FF/ダイ送.json,1,
台馴,1,,,0,suspected_fragment,reject_fragment,all occurrences are embedded across at least two works and authoritative dictionaries have no exact headword,,d2e9c5fa-2902-59ef-935c-b62fa857ec85,,/Users/iktahana/Genji/pending/needs_reading/U+5300-U+53FF/ダイ馴.json,1,
匆,24,いそが,aozora_ruby,1,suspected_fragment,keep_pending,single-character entries require individual review,,e1dfe2b2-5d49-54da-9a15-0ccebba1b744,,/Users/iktahana/Genji/pending/needs_reading/U+5300-U+53FF/匆.json,1,
匆卒,15,いきなり|そうそつ|ゆきなり,aozora_ruby|jmdict,12,source_conflict,conflict,sources disagree on the complete-entry reading,,b2bcceaf-307c-5ad2-97d5-99b6b6973324,,/Users/iktahana/Genji/pending/needs_reading/U+5300-U+53FF/匆卒.json,1,
匆忙,9,そうばう|そうぼう,aozora_ruby,5,source_conflict,conflict,sources disagree on the complete-entry reading,,1edbc9c8-19d3-582e-bf50-f134f634884c,,/Users/iktahana/Genji/pending/needs_reading/U+5300-U+53FF/匆忙.json,1,
匈牙,25,,,0,suspected_fragment,reject_fragment,all occurrences are embedded across at least two works and authoritative dictionaries have no exact headword,,0a08aade-cfce-56e6-a65d-49f856663102,,/Users/iktahana/Genji/pending/needs_reading/U+5300-U+53FF/匈牙.json,1,
匍出,6,はいだ,aozora_ruby,6,suspected_fragment,reject_fragment,all occurrences are embedded across at least two works and authoritative dictionaries have no exact headword,,0d436989-c2e4-559e-a0a2-e18667f8c990,,/Users/iktahana/Genji/pending/needs_reading/U+5300-U+53FF/匍出.json,1,
匐,69,のたく|のめ|は|はい|はっ|はらば|ば|ばい|へ|べ,aozora_ruby,118,source_conflict,conflict,sources disagree on the complete-entry reading,,fbc96819-5b2e-5d6d-8e1d-06e41f811c97,,/Users/iktahana/Genji/pending/needs_reading/U+5300-U+53FF/匐.json,1,
北々,12,,,0,suspected_fragment,reject_fragment,all occurrences are embedded across at least two works and authoritative dictionaries have no exact headword,,48152aaf-9c46-5444-a978-dd78d4bf3c2f,,/Users/iktahana/Genji/pending/needs_reading/U+5300-U+53FF/北々.json,1,
匝,21,そう|まわ|め|めぐ|めぐり|メグ,aozora_ruby,17,source_conflict,conflict,sources disagree on the complete-entry reading,,da84022a-7a78-5599-a31d-46b9a125619d,,/Users/iktahana/Genji/pending/needs_reading/U+5300-U+53FF/匝.json,1,
匪首,8,,,0,suspected_fragment,keep_pending,at least one example contains an independent use,,505822f3-2b7c-544a-a65d-c18a5a60f761,,/Users/iktahana/Genji/pending/needs_reading/U+5300-U+53FF/匪首.json,1,
匱,16,とぼ|はこ|ひつ|ヒツ,aozora_ruby,7,source_conflict,conflict,sources disagree on the complete-entry reading,,51d28fc0-5264-551d-8736-910ceee70a97,,/Users/iktahana/Genji/pending/needs_reading/U+5300-U+53FF/匱.json,1,
匿不,7,,,0,suspected_fragment,keep_pending,embedded evidence is insufficient for automatic rejection,,91a3965e-5620-54b5-9447-96f3e3dc376e,,/Users/iktahana/Genji/pending/needs_reading/U+5300-U+53FF/匿不.json,1,
南々,24,なな,jmnedict,1,suspected_fragment,reject_fragment,all occurrences are embedded across at least two works and authoritative dictionaries have no exact headword,,a429f0dd-afba-5261-ad25-5aa2fd4f742d,,/Users/iktahana/Genji/pending/needs_reading/U+5300-U+53FF/南々.json,1,
却々,294,なかなか,aozora_ruby|jmdict,105,invalid_unicode,keep_pending,a source supplied a reading containing illegal characters,,9fc39636-27df-559c-bcca-c51ac3330414,,/Users/iktahana/Genji/pending/needs_reading/U+5300-U+53FF/却々.json,1,
却做,4,,,0,suspected_fragment,keep_pending,embedded evidence is insufficient for automatic rejection,,b20f9252-76f5-54bc-a8bc-b464463a3405,,/Users/iktahana/Genji/pending/needs_reading/U+5300-U+53FF/却做.json,1,
却而,11,かえつて|かへつて,aozora_ruby,3,source_conflict,conflict,sources disagree on the complete-entry reading,,5ec0341d-3e3c-552e-9490-7f5ee9e3b0e0,,/Users/iktahana/Genji/pending/needs_reading/U+5300-U+53FF/却而.json,1,
厭々,107,あきあき|いまいま|いやいや|エンエン,aozora_ruby|jmdict,27,invalid_unicode,keep_pending,a source supplied a reading containing illegal characters,,7181f47f-11af-5027-828b-e0899b2b9c55,,/Users/iktahana/Genji/pending/needs_reading/U+5300-U+53FF/厭々.json,1,
厮,21,,,0,suspected_fragment,keep_pending,single-character entries require individual review,,68d27282-e218-5ca5-9975-7b409ce0e906,,/Users/iktahana/Genji/pending/needs_reading/U+5300-U+53FF/厮.json,1,
厶,304,こざ|ござ|ござい|ござる,aozora_ruby,29,source_conflict,conflict,sources disagree on the complete-entry reading,,b07546a3-bbf6-5c66-b7db-ec45627bb682,,/Users/iktahana/Genji/pending/needs_reading/U+5300-U+53FF/厶.json,1,
去々,20,,,0,suspected_fragment,reject_fragment,all occurrences are embedded across at least two works and authoritative dictionaries have no exact headword,,066db2b8-ac3f-5871-9af6-57d22460c34b,,/Users/iktahana/Genji/pending/needs_reading/U+5300-U+53FF/去々.json,1,
参々,7,しんしん,aozora_ruby,2,suspected_fragment,keep_pending,at least one example contains an independent use,,9ace886c-5e91-5fe5-9719-89c401c27eea,,/Users/iktahana/Genji/pending/needs_reading/U+5300-U+53FF/参々.json,1,
叔公,4,をぢさん,aozora_ruby,1,suspected_fragment,keep_pending,at least one example contains an independent use,,ff0d68f2-88e2-5a83-8ab6-49b252230203,,/Users/iktahana/Genji/pending/needs_reading/U+5300-U+53FF/叔公.json,1,
叔圉,10,,,0,suspected_fragment,reject_fragment,all occurrences are embedded across at least two works and authoritative dictionaries have no exact headword,,e2b1372d-ea0c-5868-8cc5-b316b8ac70c0,,/Users/iktahana/Genji/pending/needs_reading/U+5300-U+53FF/叔圉.json,1,
叔塔,17,,,0,suspected_fragment,reject_fragment,all occurrences are embedded across at least two works and authoritative dictionaries have no exact headword,,1f96c6cb-f094-5d8a-bcea-b8f2d9911d51,,/Users/iktahana/Genji/pending/needs_reading/U+5300-U+53FF/叔塔.json,1,
叔女,4,,,0,unmatched,keep_pending,no accepted complete-entry evidence,,018d4b48-54fa-5be6-a94d-f23c8d7469f0,,/Users/iktahana/Genji/pending/needs_reading/U+5300-U+53FF/叔女.json,1,
叔茂,5,しゆくも,aozora_ruby,1,suspected_fragment,keep_pending,embedded evidence is insufficient for automatic rejection,,66d57620-950c-5be5-93d9-b10dcde89ab1,,/Users/iktahana/Genji/pending/needs_reading/U+5300-U+53FF/叔茂.json,1,
叛反,5,むほん,aozora_ruby,1,suspected_fragment,keep_pending,at least one example contains an independent use,,130500ac-5df7-5c2e-9cae-6ec5a06e6f4f,,/Users/iktahana/Genji/pending/needs_reading/U+5300-U+53FF/叛反.json,1,
叛起,5,,,0,suspected_fragment,keep_pending,at least one example contains an independent use,,793e9d8b-0742-58a7-b2d7-5de172df379d,,/Users/iktahana/Genji/pending/needs_reading/U+5300-U+53FF/叛起.json,1,
古々,7,ふるぶる,aozora_ruby,1,suspected_fragment,reject_fragment,all occurrences are embedded across at least two works and authoritative dictionaries have no exact headword,,f855c89d-5b9d-5362-83db-7b4fa45690a1,,/Users/iktahana/Genji/pending/needs_reading/U+5300-U+53FF/古々.json,1,
叨,18,みだ|みだり|むさぼ,aozora_ruby,11,source_conflict,conflict,sources disagree on the complete-entry reading,,2cb03ca7-5543-5529-ba74-048f987dba5e,,/Users/iktahana/Genji/pending/needs_reading/U+5300-U+53FF/叨.json,1,
叩戸,4,ノック,aozora_ruby,3,suspected_fragment,keep_pending,at least one example contains an independent use,,510efbf3-1042-58b8-932e-3dbb426f9d36,,/Users/iktahana/Genji/pending/needs_reading/U+5300-U+53FF/叩戸.json,1,
叩音,7,こうおん|ノック,aozora_ruby,5,source_conflict,conflict,sources disagree on the complete-entry reading,,305510a7-bee7-58a3-affb-47912b0c894b,,/Users/iktahana/Genji/pending/needs_reading/U+5300-U+53FF/叩音.json,1,
叭,11,あくび|おくび|かます,aozora_ruby,9,source_conflict,conflict,sources disagree on the complete-entry reading,,1d011249-69e7-57b2-b784-c696aa83f2ca,,/Users/iktahana/Genji/pending/needs_reading/U+5300-U+53FF/叭.json,1,
叮,7,てい,aozora_ruby,3,suspected_fragment,keep_pending,single-character entries require individual review,,37b2dc14-5722-5d95-82b6-d1952e77ac66,,/Users/iktahana/Genji/pending/needs_reading/U+5300-U+53FF/叮.json,1,
叮重,26,ていちやう|ていちょう|ていちよう,aozora_ruby,12,source_conflict,conflict,sources disagree on the complete-entry reading,,61266dc0-037d-5c30-b12f-dbddf469b414,,/Users/iktahana/Genji/pending/needs_reading/U+5300-U+53FF/叮重.json,1,
叱々,5,しっしっ,aozora_ruby,3,invalid_unicode,keep_pending,a source supplied a reading containing illegal characters,,8a3ac2de-fbd8-509c-9a21-5291f5ae660b,,/Users/iktahana/Genji/pending/needs_reading/U+5300-U+53FF/叱々.json,1,
叱呼,21,しっこ,aozora_ruby,8,suspected_fragment,keep_pending,at least one example contains an independent use,,8a0b76a1-f697-55b6-8fbc-111da8e01040,,/Users/iktahana/Genji/pending/needs_reading/U+5300-U+53FF/叱呼.json,1,
吁々,10,あゝ,aozora_ruby,2,suspected_fragment,reject_fragment,all occurrences are embedded across at least two works and authoritative dictionaries have no exact headword,,23f94b11-eb3f-5856-8f21-173e0c5b43f5,,/Users/iktahana/Genji/pending/needs_reading/U+5400-U+54FF/吁々.json,1,
吃々,19,きつきつ|とつとつ,aozora_ruby,11,invalid_unicode,keep_pending,a source supplied a reading containing illegal characters,,c606f1c4-093d-57b1-8886-b93a5c00724d,,/Users/iktahana/Genji/pending/needs_reading/U+5400-U+54FF/吃々.json,1,
吃度,25,きっと|きつと,aozora_ruby,9,source_conflict,conflict,sources disagree on the complete-entry reading,,c39e383d-fdf1-5b03-8af4-5bd45feab9a0,,/Users/iktahana/Genji/pending/needs_reading/U+5400-U+54FF/吃度.json,1,
吃男,15,,,0,unmatched,keep_pending,no accepted complete-entry evidence,,24591ce7-0aba-5aed-86cd-c57e91e0ff23,,/Users/iktahana/Genji/pending/needs_reading/U+5400-U+54FF/吃男.json,1,
吋半,5,,,0,suspected_fragment,keep_pending,at least one example contains an independent use,,a7e5e2ad-9224-50ad-ab5e-6550f3d9752a,,/Users/iktahana/Genji/pending/needs_reading/U+5400-U+54FF/吋半.json,1,
吋四,4,,,0,suspected_fragment,reject_fragment,all occurrences are embedded across at least two works and authoritative dictionaries have no exact headword,,fa593f78-9cda-55fa-b16c-e9d40f218582,,/Users/iktahana/Genji/pending/needs_reading/U+5400-U+54FF/吋四.json,1,
吋片,7,,,0,suspected_fragment,keep_pending,embedded evidence is insufficient for automatic rejection,,4b4af958-4912-5cbc-a6a4-29404dc97980,,/Users/iktahana/Genji/pending/needs_reading/U+5400-U+54FF/吋片.json,1,
吋砲,10,インチほう,aozora_ruby,1,suspected_fragment,keep_pending,at least one example contains an independent use,,2e62d9aa-7faa-5bb1-919c-454bade810ce,,/Users/iktahana/Genji/pending/needs_reading/U+5400-U+54FF/吋砲.json,1,
向々,6,むきむき,aozora_ruby,2,invalid_unicode,keep_pending,a source supplied a reading containing illegal characters,,8fa8a6ff-c4c5-5771-a3c7-65153f0a078a,,/Users/iktahana/Genji/pending/needs_reading/U+5400-U+54FF/向々.json,1,
君々,12,きみきみ,aozora_ruby,1,invalid_unicode,keep_pending,a source supplied a reading containing illegal characters,,601b636e-bedf-5954-8d11-80a315ee78e6,,/Users/iktahana/Genji/pending/needs_reading/U+5400-U+54FF/君々.json,1,
吝々,21,けちけち,aozora_ruby,7,invalid_unicode,keep_pending,a source supplied a reading containing illegal characters,,31880c0f-540c-5f29-82f1-bba54166899a,,/Users/iktahana/Genji/pending/needs_reading/U+5400-U+54FF/吝々.json,1,
吠,163,うた|うな|うなり|すえかね|すえがら|な|のりやす|べい|ほ|ほえ|ほざ|ぼ,aozora_ruby|jmnedict,266,ambiguous,conflict,jmnedict has multiple applicable full-entry readings,,a3d29390-6446-585e-a86c-2a5e9786695b,,/Users/iktahana/Genji/pending/needs_reading/U+5400-U+54FF/吠.json,1,
吠神,6,,,0,suspected_fragment,keep_pending,embedded evidence is insufficient for automatic rejection,,5b304bad-3069-58a4-a72d-7e38dcc39ed6,,/Users/iktahana/Genji/pending/needs_reading/U+5400-U+54FF/吠神.json,1,
吩,36,い|いひつ,aozora_ruby,3,source_conflict,conflict,sources disagree on the complete-entry reading,,9b99c46b-0386-5fc9-afa2-b22f75e57313,,/Users/iktahana/Genji/pending/needs_reading/U+5400-U+54FF/吩.json,1,
吩付,5,いいつ|いいつけ|いひつ,aozora_ruby,12,source_conflict,conflict,sources disagree on the complete-entry reading,,99a8bee9-f105-5803-b1a3-0e1398c56463,,/Users/iktahana/Genji/pending/needs_reading/U+5400-U+54FF/吩付.json,1,
吩附,9,いいつ|いいつけ|いひつ|いひつけ,aozora_ruby,19,source_conflict,conflict,sources disagree on the complete-entry reading,,d15244a2-da06-5d99-a768-30e585d80a2f,,/Users/iktahana/Genji/pending/needs_reading/U+5400-U+54FF/吩附.json,1,
吮,11,す|すす|すは,aozora_ruby,7,source_conflict,conflict,sources disagree on the complete-entry reading,,2abcb363-5338-5f34-a6e3-4027f7e52c37,,/Users/iktahana/Genji/pending/needs_reading/U+5400-U+54FF/吮.json,1,
吶弁,5,とつべん,aozora_ruby,3,suspected_fragment,keep_pending,at least one example contains an independent use,,139c0eab-2d2b-5f86-830f-7ba9319faae2,,/Users/iktahana/Genji/pending/needs_reading/U+5400-U+54FF/吶弁.json,1,
吻々,7,ふつふつ|ほほ,aozora_ruby,6,source_conflict,conflict,sources disagree on the complete-entry reading,,7d1ee537-7600-5ce4-bff6-39f2c2645bb0,,/Users/iktahana/Genji/pending/needs_reading/U+5400-U+54FF/吻々.json,1,
呀,171,あ|あっ|あつ|あな|あなや|あわや|あツ|おや|はつ|や|やあ|わつ|アイヤ|アッ|オヤ|テイヤ|ヤ|ヤレヤレ,aozora_ruby,158,source_conflict,conflict,sources disagree on the complete-entry reading,,b726464b-fefd-5b59-acd8-afb6a5de9357,,/Users/iktahana/Genji/pending/needs_reading/U+5400-U+54FF/呀.json,1,
呂々,7,りょりょ,aozora_ruby,4,suspected_fragment,keep_pending,at least one example contains an independent use,,03008531-5066-5709-a1bd-0ff6b3f50f73,,/Users/iktahana/Genji/pending/needs_reading/U+5400-U+54FF/呂々.json,1,
呆々,4,ほうほう|ほうぼう,aozora_ruby,2,source_conflict,conflict,sources disagree on the complete-entry reading,,735ec346-d835-5df0-802f-c1527adbb063,,/Users/iktahana/Genji/pending/needs_reading/U+5400-U+54FF/呆々.json,1,
呆乎,4,ぼんやり,aozora_ruby,1,suspected_fragment,keep_pending,at least one example contains an independent use,,8caef54d-4e47-55e8-b791-945184a4de6b,,/Users/iktahana/Genji/pending/needs_reading/U+5400-U+54FF/呆乎.json,1,
呆坐,4,,,0,suspected_fragment,reject_fragment,all occurrences are embedded across at least two works and authoritative dictionaries have no exact headword,,ae0def96-a16b-5f1f-9cce-7122c8805d2d,,/Users/iktahana/Genji/pending/needs_reading/U+5400-U+54FF/呆坐.json,1,
呆返,4,あきれかえ|あきれかえっ|あきれかへ,aozora_ruby,3,source_conflict,conflict,sources disagree on the complete-entry reading,,cbb2e63e-ea10-572f-81d2-6cd9b387e719,,/Users/iktahana/Genji/pending/needs_reading/U+5400-U+54FF/呆返.json,1,
呈供,21,ていきょう,aozora_ruby,2,suspected_fragment,reject_fragment,all occurrences are embedded across at least two works and authoritative dictionaries have no exact headword,,d5c155b9-adc7-5a71-bd4b-29bed1096c39,,/Users/iktahana/Genji/pending/needs_reading/U+5400-U+54FF/呈供.json,1,
呈利,4,,,0,suspected_fragment,keep_pending,embedded evidence is insufficient for automatic rejection,,4e2b7bed-4067-5677-b745-9f985220da57,,/Users/iktahana/Genji/pending/needs_reading/U+5400-U+54FF/呈利.json,1,
呎七,4,,,0,unmatched,keep_pending,no accepted complete-entry evidence,,a44dfafb-eb5c-560e-a6e1-e5cee3830483,,/Users/iktahana/Genji/pending/needs_reading/U+5400-U+54FF/呎七.json,1,
呎三,4,,,0,unmatched,keep_pending,no accepted complete-entry evidence,,c734b5d5-281c-5910-a0be-d635035b303f,,/Users/iktahana/Genji/pending/needs_reading/U+5400-U+54FF/呎三.json,1,
呎以,7,,,0,suspected_fragment,reject_fragment,all occurrences are embedded across at least two works and authoritative dictionaries have no exact headword,,3167d203-a261-5510-adbe-c67fffdbc5ad,,/Users/iktahana/Genji/pending/needs_reading/U+5400-U+54FF/呎以.json,1,
呎六,5,,,0,unmatched,keep_pending,no accepted complete-entry evidence,,c5cba639-3ed8-5023-9a55-a070fbc311cf,,/Users/iktahana/Genji/pending/needs_reading/U+5400-U+54FF/呎六.json,1,
呎半,7,,,0,suspected_fragment,keep_pending,at least one example contains an independent use,,7d484117-a27d-53a1-af3f-59ea43806c10,,/Users/iktahana/Genji/pending/needs_reading/U+5400-U+54FF/呎半.json,1,
呎程,6,,,0,unmatched,keep_pending,no accepted complete-entry evidence,,c23a6545-0f65-5d69-afeb-ab2ae0ff2998,,/Users/iktahana/Genji/pending/needs_reading/U+5400-U+54FF/呎程.json,1,
呪々,5,のろのろ|ノロノロ|ノロヽヽ,aozora_ruby,4,invalid_unicode,keep_pending,a source supplied a reading containing illegal characters,,980dc4ad-565b-51d9-a863-6906b172a7d7,,/Users/iktahana/Genji/pending/needs_reading/U+5400-U+54FF/呪々.json,1,
呵勢,5,,,0,suspected_fragment,reject_fragment,all occurrences are embedded across at least two works and authoritative dictionaries have no exact headword,,2fd65a7e-14a1-5d59-b3e0-304a40d588e5,,/Users/iktahana/Genji/pending/needs_reading/U+5400-U+54FF/呵勢.json,1,
呶,4,ど|ぬか,aozora_ruby,3,source_conflict,conflict,sources disagree on the complete-entry reading,,502cb32a-84e2-5670-bf27-15c20cba8459,,/Users/iktahana/Genji/pending/needs_reading/U+5400-U+54FF/呶.json,1,
呶声,12,どせい,aozora_ruby,5,suspected_fragment,keep_pending,at least one example contains an independent use,,62722df2-86dd-54e6-a047-41bcce45f694,,/Users/iktahana/Genji/pending/needs_reading/U+5400-U+54FF/呶声.json,1,
呶罵,8,どば,aozora_ruby,5,suspected_fragment,keep_pending,at least one example contains an independent use,,8f608e47-920a-5a16-8116-f4a316193cda,,/Users/iktahana/Genji/pending/needs_reading/U+5400-U+54FF/呶罵.json,1,
呶鳴,149,がな|がみ|どな|どなり,aozora_ruby,283,source_conflict,conflict,sources disagree on the complete-entry reading,,6378c7b5-042a-52a0-8696-6c253519810c,,/Users/iktahana/Genji/pending/needs_reading/U+5400-U+54FF/呶鳴.json,1,
咏,171,うた|えい|つぶや|なが|よ,aozora_ruby|jmdict,54,source_conflict,conflict,sources disagree on the complete-entry reading,,8d7a5fe1-b121-5da6-9d16-05b2e3393597,,/Users/iktahana/Genji/pending/needs_reading/U+5400-U+54FF/咏.json,1,
咏唱,4,,,0,suspected_fragment,keep_pending,embedded evidence is insufficient for automatic rejection,,d864cd58-78a7-53c8-a1c1-c8641c9e9e93,,/Users/iktahana/Genji/pending/needs_reading/U+5400-U+54FF/咏唱.json,1,
咏嘆,63,えいたん,aozora_ruby,9,suspected_fragment,keep_pending,at least one example contains an independent use,,e3c55c31-589d-5559-b0d6-76634eba1305,,/Users/iktahana/Genji/pending/needs_reading/U+5400-U+54FF/咏嘆.json,1,
咏歎,14,えいたん,aozora_ruby,5,suspected_fragment,keep_pending,at least one example contains an independent use,,c750dfbf-d2e9-5877-bc05-f85c824235a6,,/Users/iktahana/Genji/pending/needs_reading/U+5400-U+54FF/咏歎.json,1,
咐,7,いいつ|いひつか,aozora_ruby,4,source_conflict,conflict,sources disagree on the complete-entry reading,,0a010201-a15d-5e9a-8e76-335d1ec9bfdb,,/Users/iktahana/Genji/pending/needs_reading/U+5400-U+54FF/咐.json,1,
咥,44,くえ|くは|くはへ|くら|くわ|ぐわ,aozora_ruby,99,invalid_unicode,keep_pending,a source supplied a reading containing illegal characters,,8ae3cc27-c316-59cb-97df-52ef2377ab2c,,/Users/iktahana/Genji/pending/needs_reading/U+5400-U+54FF/咥.json,1,
咨,9,,,0,suspected_fragment,keep_pending,single-character entries require individual review,,ee6cc28c-e2aa-5a44-a2d7-222ddc6c5e79,,/Users/iktahana/Genji/pending/needs_reading/U+5400-U+54FF/咨.json,1,
咬,113,か|かじ|かぶ|かま|かみ|く|くい|くは|くら|くわ|け|カ,aozora_ruby,221,source_conflict,conflict,sources disagree on the complete-entry reading,,5a70b6cd-b1cf-5b5c-8856-0f46ca8a7dfd,,/Users/iktahana/Genji/pending/needs_reading/U+5400-U+54FF/咬.json,1,
咯,24,は,aozora_ruby,11,suspected_fragment,keep_pending,single-character entries require individual review,,5cdd3b78-15ba-5707-8663-453474fb7a02,,/Users/iktahana/Genji/pending/needs_reading/U+5400-U+54FF/咯.json,1,
哂,73,あざけ|わら,aozora_ruby,34,source_conflict,conflict,sources disagree on the complete-entry reading,,b93c7ee3-4d75-5a0c-b465-fca198c4ba74,,/Users/iktahana/Genji/pending/needs_reading/U+5400-U+54FF/哂.json,1,
哇,71,,,0,suspected_fragment,keep_pending,single-character entries require individual review,,4551742c-a732-57d8-b9e0-525169c9a783,,/Users/iktahana/Genji/pending/needs_reading/U+5400-U+54FF/哇.json,1,
哈々,6,こうこう|ごうごう,aozora_ruby,3,source_conflict,conflict,sources disagree on the complete-entry reading,,59fd2e93-4f71-5bac-acb9-0f4170a84cfd,,/Users/iktahana/Genji/pending/needs_reading/U+5400-U+54FF/哈々.json,1,
哈利,5,,,0,suspected_fragment,reject_fragment,all occurrences are embedded across at least two works and authoritative dictionaries have no exact headword,,b2924200-42ec-5917-97b3-2c9fff04f5d2,,/Users/iktahana/Genji/pending/needs_reading/U+5400-U+54FF/哈利.json,1,
哈嗹,4,,,0,suspected_fragment,reject_fragment,all occurrences are embedded across at least two works and authoritative dictionaries have no exact headword,,34784e80-ca5a-5cc1-af5a-3442acd02141,,/Users/iktahana/Genji/pending/needs_reading/U+5400-U+54FF/哈嗹.json,1,
哈爾,26,チチハル,aozora_ruby,1,suspected_fragment,reject_fragment,all occurrences are embedded across at least two works and authoritative dictionaries have no exact headword,,cc27df14-855a-540f-8f9e-5498189ede67,,/Users/iktahana/Genji/pending/needs_reading/U+5400-U+54FF/哈爾.json,1,
哢,4,,,0,suspected_fragment,keep_pending,single-character entries require individual review,,455ed93e-15a9-59fd-b915-70bc9974cc4b,,/Users/iktahana/Genji/pending/needs_reading/U+5400-U+54FF/哢.json,1,
哦,9,,,0,suspected_fragment,keep_pending,single-character entries require individual review,,c7aece6b-0a90-558e-9e1c-95ce7b39af61,,/Users/iktahana/Genji/pending/needs_reading/U+5400-U+54FF/哦.json,1,
哩以,23,,,0,suspected_fragment,reject_fragment,all occurrences are embedded across at least two works and authoritative dictionaries have no exact headword,,764d7d4d-4502-556b-bfcb-27c2aeefc627,,/Users/iktahana/Genji/pending/needs_reading/U+5400-U+54FF/哩以.json,1,
哩位,9,,,0,suspected_fragment,keep_pending,at least one example contains an independent use,,167690c4-ea49-5a43-96b3-1363349e9eb6,,/Users/iktahana/Genji/pending/needs_reading/U+5400-U+54FF/哩位.json,1,
哩先,4,,,0,unmatched,keep_pending,no accepted complete-entry evidence,,5f6acd19-0e01-5abd-a1a9-7ba4b40c6063,,/Users/iktahana/Genji/pending/needs_reading/U+5400-U+54FF/哩先.json,1,
哩半,21,,,0,suspected_fragment,keep_pending,at least one example contains an independent use,,0f46ac01-934e-512a-9a20-e89e8183d84a,,/Users/iktahana/Genji/pending/needs_reading/U+5400-U+54FF/哩半.json,1,
哩四,4,,,0,suspected_fragment,reject_fragment,all occurrences are embedded across at least two works and authoritative dictionaries have no exact headword,,e103d3ae-05c7-526d-8db7-cbfae51e4708,,/Users/iktahana/Genji/pending/needs_reading/U+5400-U+54FF/哩四.json,1,
哩数,5,,,0,unmatched,keep_pending,no accepted complete-entry evidence,,f8f95b60-2f78-508f-bb70-a75ed4418572,,/Users/iktahana/Genji/pending/needs_reading/U+5400-U+54FF/哩数.json,1,
哩程,15,,,0,suspected_fragment,reject_fragment,all occurrences are embedded across at least two works and authoritative dictionaries have no exact headword,,10603f12-5468-59ae-9d56-36a76ea6cdb4,,/Users/iktahana/Genji/pending/needs_reading/U+5400-U+54FF/哩程.json,1,
哩隔,4,,,0,suspected_fragment,reject_fragment,all occurrences are embedded across at least two works and authoritative dictionaries have no exact headword,,c16a9958-472c-5cfb-84af-31a24c22e888,,/Users/iktahana/Genji/pending/needs_reading/U+5400-U+54FF/哩隔.json,1,
哩離,18,,,0,suspected_fragment,reject_fragment,all occurrences are embedded across at least two works and authoritative dictionaries have no exact headword,,332df94d-b765-5696-a058-0f23ee148e7c,,/Users/iktahana/Genji/pending/needs_reading/U+5400-U+54FF/哩離.json,1,
哽,4,たて|む|むせ,aozora_ruby,3,source_conflict,conflict,sources disagree on the complete-entry reading,,3521d46e-1df6-5885-b970-6fe95f845625,,/Users/iktahana/Genji/pending/needs_reading/U+5400-U+54FF/哽.json,1,
唏,21,すす|な,aozora_ruby,8,source_conflict,conflict,sources disagree on the complete-entry reading,,b3ad2ead-fa0f-53dc-ab68-b8fa43dc7985,,/Users/iktahana/Genji/pending/needs_reading/U+5500-U+55FF/唏.json,1,
售,33,う,aozora_ruby,18,suspected_fragment,keep_pending,single-character entries require individual review,,62523174-ac52-5e63-b6cd-07dcaebe2765,,/Users/iktahana/Genji/pending/needs_reading/U+5500-U+55FF/售.json,1,
唸,455,うな|うなり|うむ|うめ|つぶ|な|なげ|ほ|ウナ|ウメ|ツブヤ,aozora_ruby,677,source_conflict,conflict,sources disagree on the complete-entry reading,,590c32b7-1396-5dbb-a244-ee23e471a8d8,,/Users/iktahana/Genji/pending/needs_reading/U+5500-U+55FF/唸.json,1,
唸音,6,うなりおと|ハミング|ビート,aozora_ruby,3,source_conflict,conflict,sources disagree on the complete-entry reading,,9706ec3f-ecce-5f1f-8c62-16f96c099f2b,,/Users/iktahana/Genji/pending/needs_reading/U+5500-U+55FF/唸音.json,1,
啌,20,うそ,aozora_ruby,9,suspected_fragment,keep_pending,single-character entries require individual review,,645d4396-9745-5464-9dd0-5995a5e6bfad,,/Users/iktahana/Genji/pending/needs_reading/U+5500-U+55FF/啌.json,1,
啖付,5,くいつ|くらひつ,aozora_ruby,4,source_conflict,conflict,sources disagree on the complete-entry reading,,a79177ad-a934-591a-8b00-52699ef9c7dd,,/Users/iktahana/Genji/pending/needs_reading/U+5500-U+55FF/啖付.json,1,
啖壺,4,たんつぼ,aozora_ruby,1,single_ruby,keep_pending,ruby occurs in only one distinct Aozora text file,,f7bcb64d-e9b5-53e0-b907-ed31608f3bce,,/Users/iktahana/Genji/pending/needs_reading/U+5500-U+55FF/啖壺.json,1,
啖肉,4,たんにく,aozora_ruby,1,suspected_fragment,reject_fragment,all occurrences are embedded across at least two works and authoritative dictionaries have no exact headword,,3383d774-2a6c-56f3-aaf8-dd8daeaaf9db,,/Users/iktahana/Genji/pending/needs_reading/U+5500-U+55FF/啖肉.json,1,
啗,17,く|くは|くら,aozora_ruby,12,source_conflict,conflict,sources disagree on the complete-entry reading,,3e5a52ea-fa42-58b1-a76d-b4f9b3377fbc,,/Users/iktahana/Genji/pending/needs_reading/U+5500-U+55FF/啗.json,1,
啣,431,か|くは|くわ|こぼ|はま|ふく|ふくま,aozora_ruby,299,invalid_unicode,keep_pending,a source supplied a reading containing illegal characters,,fbfd79fc-10cb-566e-8e91-429106a60c27,,/Users/iktahana/Genji/pending/needs_reading/U+5500-U+55FF/啣.json,1,
啣楊,5,,,0,suspected_fragment,reject_fragment,all occurrences are embedded across at least two works and authoritative dictionaries have no exact headword,,79eeddec-0dbe-5541-9a1e-77ee6df4ad21,,/Users/iktahana/Genji/pending/needs_reading/U+5500-U+55FF/啣楊.json,1,
啼石,14,,,0,suspected_fragment,reject_fragment,all occurrences are embedded across at least two works and authoritative dictionaries have no exact headword,,61ed5ca2-041b-54ad-affd-a8ff2e7f22fd,,/Users/iktahana/Genji/pending/needs_reading/U+5500-U+55FF/啼石.json,1,
啼音,12,ていおん|なきね|なくね,aozora_ruby,7,source_conflict,conflict,sources disagree on the complete-entry reading,,67abf70d-5fb6-5ed1-880a-36395fd017a3,,/Users/iktahana/Genji/pending/needs_reading/U+5500-U+55FF/啼音.json,1,
喀喇,6,,,0,suspected_fragment,reject_fragment,all occurrences are embedded across at least two works and authoritative dictionaries have no exact headword,,10701af0-70f4-53d0-9b82-e0734b2767d6,,/Users/iktahana/Genji/pending/needs_reading/U+5500-U+55FF/喀喇.json,1,
喇,4,せき|とから,aozora_ruby,2,source_conflict,conflict,sources disagree on the complete-entry reading,,6821d9ca-1574-5924-b059-ec3e92e7e257,,/Users/iktahana/Genji/pending/needs_reading/U+5500-U+55FF/喇.json,1,
喊呼,13,かんこ|カンコ,aozora_ruby,12,source_conflict,conflict,sources disagree on the complete-entry reading,,bc447f47-b944-56d5-9dca-0059daa8b754,,/Users/iktahana/Genji/pending/needs_reading/U+5500-U+55FF/喊呼.json,1,
喘々,7,せいせい|ぜいぜい|ぜんぜん,aozora_ruby,3,invalid_unicode,keep_pending,a source supplied a reading containing illegal characters,,66b3a5fb-bafe-5bdd-a3bb-0efbdcc1ab00,,/Users/iktahana/Genji/pending/needs_reading/U+5500-U+55FF/喘々.json,1,
喙,162,かい|くち|くちばし|つ|ついば|つつ|つッつ|はし|クチバシ,aozora_ruby|jmdict,101,source_conflict,conflict,sources disagree on the complete-entry reading,,e7dd3af5-c98e-578f-a706-ec880f679f77,,/Users/iktahana/Genji/pending/needs_reading/U+5500-U+55FF/喙.json,1,
喚出,10,よびいだ|よびだ,aozora_ruby,6,source_conflict,conflict,sources disagree on the complete-entry reading,,a5e69121-a7f1-578e-95a4-ebce5a812ea2,,/Users/iktahana/Genji/pending/needs_reading/U+5500-U+55FF/喚出.json,1,
喚子,14,,,0,suspected_fragment,reject_fragment,all occurrences are embedded across at least two works and authoritative dictionaries have no exact headword,,91bca3a3-3a54-51c8-8842-3b59adfffa37,,/Users/iktahana/Genji/pending/needs_reading/U+5500-U+55FF/喚子.json,1,
喚求,4,,,0,suspected_fragment,keep_pending,embedded evidence is insufficient for automatic rejection,,7166b9b6-6171-51cc-bed8-89cc2ec7895f,,/Users/iktahana/Genji/pending/needs_reading/U+5500-U+55FF/喚求.json,1,
喞,169,かこ|かこた|くは|くわ|こぼ|ごち|すだ|な|ふく,aozora_ruby,95,source_conflict,conflict,sources disagree on the complete-entry reading,,849bac80-5aa9-5f38-a022-93c2b6dd4930,,/Users/iktahana/Genji/pending/needs_reading/U+5500-U+55FF/喞.json,1,
喞々,7,しつじつ|しょくしょく|しよくしよく|ショクショク,aozora_ruby,4,invalid_unicode,keep_pending,a source supplied a reading containing illegal characters,,7d4468cd-3578-5bcb-a23f-080b873e2f77,,/Users/iktahana/Genji/pending/needs_reading/U+5500-U+55FF/喞々.json,1,
喞子,4,しょくし|ピストン,aozora_ruby|jmdict,2,source_conflict,conflict,sources disagree on the complete-entry reading,,1fb190b4-5757-5796-aa36-8f5fd04bceef,,/Users/iktahana/Genji/pending/needs_reading/U+5500-U+55FF/喞子.json,1,
喞言,4,かこちごと|かこと,aozora_ruby,2,source_conflict,conflict,sources disagree on the complete-entry reading,,739b93f1-c68e-510f-b4ed-42908a50d6cb,,/Users/iktahana/Genji/pending/needs_reading/U+5500-U+55FF/喞言.json,1,
喧譁,7,けんくわ,aozora_ruby,1,suspected_fragment,keep_pending,at least one example contains an independent use,,58e4f23b-2561-5f38-ac4e-e1fa714fef71,,/Users/iktahana/Genji/pending/needs_reading/U+5500-U+55FF/喧譁.json,1,
喨,8,りょう|りょうりょう,aozora_ruby|jmnedict,2,source_conflict,conflict,sources disagree on the complete-entry reading,,cd0601c4-a13b-5dc4-8c4d-c60960f81d54,,/Users/iktahana/Genji/pending/needs_reading/U+5500-U+55FF/喨.json,1,
喫殻,7,すいがら,aozora_ruby,1,single_ruby,keep_pending,ruby occurs in only one distinct Aozora text file,,acf91008-ec6a-58a3-bb12-84479e57d016,,/Users/iktahana/Genji/pending/needs_reading/U+5500-U+55FF/喫殻.json,1,
喫烟,21,きつえん,aozora_ruby|jmdict,6,suspected_fragment,keep_pending,at least one example contains an independent use,,24dd24ea-1e4c-50f6-b0f9-a123ff7b5e38,,/Users/iktahana/Genji/pending/needs_reading/U+5500-U+55FF/喫烟.json,1,
喫菜,4,,,0,suspected_fragment,keep_pending,embedded evidence is insufficient for automatic rejection,,e0201a8a-89b3-5c71-b4cb-1bae8e90bf05,,/Users/iktahana/Genji/pending/needs_reading/U+5500-U+55FF/喫菜.json,1,
嗄,58,か|かす|から|が|しは|しはが|しゃ|しゃが|しやが|しわ|しわが|しわがれ|カ,aozora_ruby,356,source_conflict,conflict,sources disagree on the complete-entry reading,,ad6636ae-e533-55a8-a7a0-f054ca55efbc,,/Users/iktahana/Genji/pending/needs_reading/U+5500-U+55FF/嗄.json,1,
嗇,8,しわ|やぶさか|をし,aozora_ruby,3,source_conflict,conflict,sources disagree on the complete-entry reading,,54f0fafe-6c65-5ed6-97a7-ea9f8f6f6805,,/Users/iktahana/Genji/pending/needs_reading/U+5500-U+55FF/嗇.json,1,
嗔,5,いか|いかり|しん|みは,aozora_ruby|jmdict,13,source_conflict,conflict,sources disagree on the complete-entry reading,,c19a9978-7472-50bb-871c-69aba6d7f6bc,,/Users/iktahana/Genji/pending/needs_reading/U+5500-U+55FF/嗔.json,1,
嗜人,14,,,0,suspected_fragment,keep_pending,embedded evidence is insufficient for automatic rejection,,e18e969c-fee4-5b5d-b236-66a20796f9ff,,/Users/iktahana/Genji/pending/needs_reading/U+5500-U+55FF/嗜人.json,1,
嗜性,9,しせい,aozora_ruby,1,single_ruby,keep_pending,ruby occurs in only one distinct Aozora text file,,6fd60bce-76ae-58d4-96ca-5910a6d9c273,,/Users/iktahana/Genji/pending/needs_reading/U+5500-U+55FF/嗜性.json,1,
嗜文,6,,,0,unmatched,keep_pending,no accepted complete-entry evidence,,8b2b83ec-2aca-5d2b-9c47-038ef6e6b821,,/Users/iktahana/Genji/pending/needs_reading/U+5500-U+55FF/嗜文.json,1,
嗜血,6,しけつ,aozora_ruby,2,suspected_fragment,reject_fragment,all occurrences are embedded across at least two works and authoritative dictionaries have no exact headword,,2e37e151-9f62-5db7-b55b-ce3d60b1e58f,,/Users/iktahana/Genji/pending/needs_reading/U+5500-U+55FF/嗜血.json,1,
嗜読,4,しどく,aozora_ruby,1,suspected_fragment,reject_fragment,all occurrences are embedded across at least two works and authoritative dictionaries have no exact headword,,66d7aab2-b135-503a-a14f-e3b4ef09eeeb,,/Users/iktahana/Genji/pending/needs_reading/U+5500-U+55FF/嗜読.json,1,
嗤,290,あざわ|あざわら|わう|わら|わらい|わらわ|わろ|アザ|ワラ,aozora_ruby,284,invalid_unicode,keep_pending,a source supplied a reading containing illegal characters,,4096cdd5-12fd-501a-ad61-47af4ae5484e,,/Users/iktahana/Genji/pending/needs_reading/U+5500-U+55FF/嗤.json,1,
嗹国,4,,,0,suspected_fragment,keep_pending,at least one example contains an independent use,,3a6858c6-c787-5ab4-b761-ea933bfc2548,,/Users/iktahana/Genji/pending/needs_reading/U+5500-U+55FF/嗹国.json,1,
嘖,23,ころ|ころび|さいな,aozora_ruby,9,source_conflict,conflict,sources disagree on the complete-entry reading,,095d083f-d108-5b3d-be26-8e7d25625295,,/Users/iktahana/Genji/pending/needs_reading/U+5600-U+56FF/嘖.json,1,
嘸々,18,さぞさぞ,aozora_ruby,4,invalid_unicode,keep_pending,a source supplied a reading containing illegal characters,,7b9617fc-6dc4-581c-85c8-407461fea725,,/Users/iktahana/Genji/pending/needs_reading/U+5600-U+56FF/嘸々.json,1,
噌久,26,,,0,suspected_fragment,keep_pending,embedded evidence is insufficient for automatic rejection,,5f4d1bd7-95cf-5229-8815-bb4ec1b09db3,,/Users/iktahana/Genji/pending/needs_reading/U+5600-U+56FF/噌久.json,1,
噌唹,9,,,0,suspected_fragment,keep_pending,at least one example contains an independent use,,b48f5e53-9e8f-578d-a160-29bdb049686f,,/Users/iktahana/Genji/pending/needs_reading/U+5600-U+56FF/噌唹.json,1,
噌漉,31,,,0,suspected_fragment,reject_fragment,all occurrences are embedded across at least two works and authoritative dictionaries have no exact headword,,905a3006-8b47-57e6-b6a6-3a83df9178fc,,/Users/iktahana/Genji/pending/needs_reading/U+5600-U+56FF/噌漉.json,1,
噐,45,,,0,suspected_fragment,keep_pending,single-character entries require individual review,,0343ab95-d88d-5738-931a-f84713b52194,,/Users/iktahana/Genji/pending/needs_reading/U+5600-U+56FF/噐.json,1,
噐具,6,きぐ,aozora_ruby,1,suspected_fragment,keep_pending,embedded evidence is insufficient for automatic rejection,,34cbde55-ecdf-53f3-a3e1-7c012d9de581,,/Users/iktahana/Genji/pending/needs_reading/U+5600-U+56FF/噐具.json,1,
噐氏,15,,,0,suspected_fragment,keep_pending,embedded evidence is insufficient for automatic rejection,,e2a781cf-383b-5800-912f-249e4352ef2d,,/Users/iktahana/Genji/pending/needs_reading/U+5600-U+56FF/噐氏.json,1,
噛切,9,かみき|かみきり|かみし|くいしば,aozora_ruby,8,source_conflict,conflict,sources disagree on the complete-entry reading,,f0ef2665-a5a1-509b-b384-63f1b318092d,,/Users/iktahana/Genji/pending/needs_reading/U+5600-U+56FF/噛切.json,1,
噛締,6,かみし|かみしめ|くひしめ,aozora_ruby,7,source_conflict,conflict,sources disagree on the complete-entry reading,,804479f8-2223-5287-96d7-3b977d8de898,,/Users/iktahana/Genji/pending/needs_reading/U+5600-U+56FF/噛締.json,1,
噛附,4,かみつ|かみつか|かみつこ,aozora_ruby,3,source_conflict,conflict,sources disagree on the complete-entry reading,,23858c8a-26eb-574c-a388-e4c6ebf687fe,,/Users/iktahana/Genji/pending/needs_reading/U+5600-U+56FF/噛附.json,1,
噪,31,さわ|さわがし|さわぎ|ののめ|は|はし|はしゃ|はしや|はや|やかま|わ,aozora_ruby,116,source_conflict,conflict,sources disagree on the complete-entry reading,,ed0db88a-e556-52d0-bdb8-489dfd5fc13e,,/Users/iktahana/Genji/pending/needs_reading/U+5600-U+56FF/噪.json,1,
噪々,4,おしやべり|そうぞう,aozora_ruby,3,source_conflict,conflict,sources disagree on the complete-entry reading,,352d493e-89cd-56c3-9a62-d6110c469cbd,,/Users/iktahana/Genji/pending/needs_reading/U+5600-U+56FF/噪々.json,1,
噪然,5,さうぜん|そうぜん,aozora_ruby,5,source_conflict,conflict,sources disagree on the complete-entry reading,,ec5b8638-1e3a-51cf-95a9-8e9b5b2901b5,,/Users/iktahana/Genji/pending/needs_reading/U+5600-U+56FF/噪然.json,1,
噫々,8,ああ|ああああ,aozora_ruby,3,source_conflict,conflict,sources disagree on the complete-entry reading,,c679701d-58ac-57da-a49d-22635d298ce0,,/Users/iktahana/Genji/pending/needs_reading/U+5600-U+56FF/噫々.json,1,
噬,11,か|かじ|かま|かみ|くはへ|くら|こつぜい|の,aozora_ruby,40,source_conflict,conflict,sources disagree on the complete-entry reading,,4f083d93-0a59-520f-8c47-b4a61b033d4b,,/Users/iktahana/Genji/pending/needs_reading/U+5600-U+56FF/噬.json,1,
嚀,8,,,0,suspected_fragment,keep_pending,single-character entries require individual review,,516ad035-61ca-57e9-9e7e-39410c6ad6d5,,/Users/iktahana/Genji/pending/needs_reading/U+5600-U+56FF/嚀.json,1,
嚊々,8,かかあ,aozora_ruby,3,suspected_fragment,keep_pending,at least one example contains an independent use,,4a7849a4-a4f8-54ff-bde4-07196e4dd8b2,,/Users/iktahana/Genji/pending/needs_reading/U+5600-U+56FF/嚊々.json,1,
嚥,4,か|さぞ|の|のみ,aozora_ruby,213,invalid_unicode,keep_pending,a source supplied a reading containing illegal characters,,5a2d53df-ad51-561f-b7ce-56a2b5fec352,,/Users/iktahana/Genji/pending/needs_reading/U+5600-U+56FF/嚥.json,1,
嚥脂,5,えんじ|べに,aozora_ruby,2,source_conflict,conflict,sources disagree on the complete-entry reading,,2a2d4a39-0a13-5cd5-a608-cced226e11dd,,/Users/iktahana/Genji/pending/needs_reading/U+5600-U+56FF/嚥脂.json,1,
嚥込,8,のみこ,aozora_ruby,8,suspected_fragment,reject_fragment,all occurrences are embedded across at least two works and authoritative dictionaries have no exact headword,,2ca669b5-85a9-5570-8be7-955d4dab2295,,/Users/iktahana/Genji/pending/needs_reading/U+5600-U+56FF/嚥込.json,1,
嚶々,7,おうおう,aozora_ruby,1,invalid_unicode,keep_pending,a source supplied a reading containing illegal characters,,04a739fc-4c4c-5ef6-961c-c031cacdf9fd,,/Users/iktahana/Genji/pending/needs_reading/U+5600-U+56FF/嚶々.json,1,
嚼,12,か|かじ|くら,aozora_ruby,16,source_conflict,conflict,sources disagree on the complete-entry reading,,70b66549-df76-552d-8f89-06480fe269b6,,/Users/iktahana/Genji/pending/needs_reading/U+5600-U+56FF/嚼.json,1,
嚼母,4,まま|ママ|マヽ,aozora_ruby,4,source_conflict,conflict,sources disagree on the complete-entry reading,,9462e8ca-8b6d-54d9-8413-d8013586dc68,,/Users/iktahana/Genji/pending/needs_reading/U+5600-U+56FF/嚼母.json,1,
囀鳥,10,,,0,suspected_fragment,reject_fragment,all occurrences are embedded across at least two works and authoritative dictionaries have no exact headword,,5b8db4b1-e696-56fd-9e9e-1bb2f2ec1219,,/Users/iktahana/Genji/pending/needs_reading/U+5600-U+56FF/囀鳥.json,1,
囁,28,さえず|ささ|ささめき|ささや|ささやき|さゝ|さゝや|さゝやき|じょう|つぶ|つぶや|ササヤ,aozora_ruby|jmnedict,852,ambiguous,conflict,jmnedict has multiple applicable full-entry readings,,e43e8a26-8163-587e-b68b-1c42add71193,,/Users/iktahana/Genji/pending/needs_reading/U+5600-U+56FF/囁.json,1,
囈,4,たわ,aozora_ruby,1,suspected_fragment,keep_pending,single-character entries require individual review,,fa3ee415-970b-5302-8390-69ae78e35ab6,,/Users/iktahana/Genji/pending/needs_reading/U+5600-U+56FF/囈.json,1,
囓,34,か|かじ|かぢ|かみ|くわ,aozora_ruby,27,source_conflict,conflict,sources disagree on the complete-entry reading,,b4f16a36-40a3-5f43-8ad8-3ccecf999251,,/Users/iktahana/Genji/pending/needs_reading/U+5600-U+56FF/囓.json,1,
囘々,7,フイフイ,aozora_ruby,3,suspected_fragment,reject_fragment,all occurrences are embedded across at least two works and authoritative dictionaries have no exact headword,,576b9382-e260-5ef1-8e1a-848c011a159a,,/Users/iktahana/Genji/pending/needs_reading/U+5600-U+56FF/囘々.json,1,
回々,44,ふいふい|フィフィ|フイフイ|マホメット,aozora_ruby,12,invalid_unicode,keep_pending,a source supplied a reading containing illegal characters,,86cc0600-c191-5b09-8cd0-5a628a884582,,/Users/iktahana/Genji/pending/needs_reading/U+5600-U+56FF/回々.json,1,
団々,63,だんだん,aozora_ruby,7,invalid_unicode,keep_pending,a source supplied a reading containing illegal characters,,b5558a1f-8b39-514b-84ad-e38a6c0d8761,,/Users/iktahana/Genji/pending/needs_reading/U+5600-U+56FF/団々.json,1,
困乱,5,,,0,suspected_fragment,keep_pending,at least one example contains an independent use,,edac5953-3ff6-51bf-a778-6f49fff84ac8,,/Users/iktahana/Genji/pending/needs_reading/U+5600-U+56FF/困乱.json,1,
困果,9,いんぐわ,aozora_ruby,1,suspected_fragment,keep_pending,at least one example contains an independent use,,1702ad06-fb0f-5221-b5d6-c8ecc5189aa5,,/Users/iktahana/Genji/pending/needs_reading/U+5600-U+56FF/困果.json,1,
困阨,4,こんやく,aozora_ruby|jmdict,3,suspected_fragment,keep_pending,embedded evidence is insufficient for automatic rejection,,e14d4557-37ff-5542-bf0f-b5dd54f509bf,,/Users/iktahana/Genji/pending/needs_reading/U+5600-U+56FF/困阨.json,1,
図々,44,ずうずう|づうづう,aozora_ruby,63,invalid_unicode,keep_pending,a source supplied a reading containing illegal characters,,7dc551f5-5759-570c-a799-6459cf0ef1b1,,/Users/iktahana/Genji/pending/needs_reading/U+5600-U+56FF/図々.json,1,
固々,4,もともと,aozora_ruby,2,suspected_fragment,reject_fragment,all occurrences are embedded across at least two works and authoritative dictionaries have no exact headword,,1a49c427-eee1-5ccb-a0b0-d54605e90c03,,/Users/iktahana/Genji/pending/needs_reading/U+5600-U+56FF/固々.json,1,
囿,9,その,aozora_ruby,1,suspected_fragment,keep_pending,single-character entries require individual review,,b23b1919-0028-5b21-b597-941234624a57,,/Users/iktahana/Genji/pending/needs_reading/U+5600-U+56FF/囿.json,1,
圧逼,1,あっぱく|あつぱく,aozora_ruby,3,source_conflict,conflict,sources disagree on the complete-entry reading,,c70cfbf4-d3ed-5c36-ae56-75d91526349b,,/Users/iktahana/Genji/pending/needs_reading/U+5700-U+57FF/アツ逼.json,1,
圉,32,ぎょ,aozora_ruby,1,suspected_fragment,keep_pending,single-character entries require individual review,,d718587b-f336-5490-905c-49f381533add,,/Users/iktahana/Genji/pending/needs_reading/U+5700-U+57FF/圉.json,1,
園々,5,,,0,suspected_fragment,keep_pending,embedded evidence is insufficient for automatic rejection,,24e10ff9-4a0e-5592-8259-5b26ae91f42c,,/Users/iktahana/Genji/pending/needs_reading/U+5700-U+57FF/園々.json,1,
圜,6,かん|けん|まる|わ,aozora_ruby,4,source_conflict,conflict,sources disagree on the complete-entry reading,,6fdd2100-a6db-508a-9e31-531bbd471372,,/Users/iktahana/Genji/pending/needs_reading/U+5700-U+57FF/圜.json,1,
圷,4,あくう|あくち|あくつ|あぐつ|あつく|しも|はい,jmnedict,7,ambiguous,conflict,jmnedict has multiple applicable full-entry readings,,323993d1-cbab-5307-89b1-c0266b245fa6,,/Users/iktahana/Genji/pending/needs_reading/U+5700-U+57FF/圷.json,1,
坊々,31,ぼんぼん|まちまち|まちみ|マチマチ|マチヽヽ,aozora_ruby,9,invalid_unicode,keep_pending,a source supplied a reading containing illegal characters,,be6dd00c-8f18-57e7-a872-4cedddd91277,,/Users/iktahana/Genji/pending/needs_reading/U+5700-U+57FF/坊々.json,1,
垂々,33,たらたら|だらだら|だらり|なんなん|ぽたぽた,aozora_ruby,24,invalid_unicode,keep_pending,a source supplied a reading containing illegal characters,,9b40d181-c100-5bf8-ab34-e005cacafbfc,,/Users/iktahana/Genji/pending/needs_reading/U+5700-U+57FF/垂々.json,1,
垠,16,さかひ|はず|はずれ|はて|はてし,aozora_ruby,10,source_conflict,conflict,sources disagree on the complete-entry reading,,49990d2f-32f9-5b29-8819-89999c967a99,,/Users/iktahana/Genji/pending/needs_reading/U+5700-U+57FF/垠.json,1,
垤,7,ありずか|ありづか|とう,aozora_ruby|jmdict|jmnedict,4,ambiguous,conflict,jmnedict has multiple applicable full-entry readings,,9c01d7b9-b09e-5886-9e69-46034935c5a0,,/Users/iktahana/Genji/pending/needs_reading/U+5700-U+57FF/垤.json,1,
埀,7,た|ほとり,aozora_ruby,4,source_conflict,conflict,sources disagree on the complete-entry reading,,90fd9e1b-47eb-54dd-a308-194a580f40ce,,/Users/iktahana/Genji/pending/needs_reading/U+5700-U+57FF/埀.json,1,
埋地,24,うめち,aozora_ruby,3,suspected_fragment,keep_pending,at least one example contains an independent use,,662287da-699a-5af9-a096-0ee559ea6978,,/Users/iktahana/Genji/pending/needs_reading/U+5700-U+57FF/埋地.json,1,
埋字,4,,,0,unmatched,keep_pending,no accepted complete-entry evidence,,f56e9695-310e-5bed-92b0-79eaa30a07aa,,/Users/iktahana/Genji/pending/needs_reading/U+5700-U+57FF/埋字.json,1,
埋宝,22,,,0,unmatched,keep_pending,no accepted complete-entry evidence,,d6dfd2df-1fa1-540f-aae6-95daa3721385,,/Users/iktahana/Genji/pending/needs_reading/U+5700-U+57FF/埋宝.json,1,
城々,15,,,0,suspected_fragment,keep_pending,at least one example contains an independent use,,2f2191ad-cf83-51ba-8843-d9651e8dff7d,,/Users/iktahana/Genji/pending/needs_reading/U+5700-U+57FF/城々.json,1,
埠,4,,,0,suspected_fragment,keep_pending,single-character entries require individual review,,1a7dc5b8-be85-5ab8-88e3-2ed622b3294f,,/Users/iktahana/Genji/pending/needs_reading/U+5700-U+57FF/埠.json,1,
執做,4,とりなし,aozora_ruby,2,suspected_fragment,keep_pending,embedded evidence is insufficient for automatic rejection,,c315d30f-8a37-59ed-b5be-0a8a9f5dcfef,,/Users/iktahana/Genji/pending/needs_reading/U+5700-U+57FF/執做.json,1,
執成,23,つくろひ|とりな|とりなし,aozora_ruby,40,source_conflict,conflict,sources disagree on the complete-entry reading,,31f6c47b-f54c-54eb-bda5-16cebed770bf,,/Users/iktahana/Genji/pending/needs_reading/U+5700-U+57FF/執成.json,1,
執暦,7,,,0,suspected_fragment,keep_pending,embedded evidence is insufficient for automatic rejection,,35288717-e9c2-5d11-9974-9c4f368d715a,,/Users/iktahana/Genji/pending/needs_reading/U+5700-U+57FF/執暦.json,1,
執次,6,とりつ|とりつぎ,aozora_ruby,6,source_conflict,conflict,sources disagree on the complete-entry reading,,a9bdc9e8-9da6-5d41-b959-ebe0d060f241,,/Users/iktahana/Genji/pending/needs_reading/U+5700-U+57FF/執次.json,1,
執術,5,トルワザ,aozora_ruby,1,suspected_fragment,reject_fragment,all occurrences are embedded across at least two works and authoritative dictionaries have no exact headword,,b5dfa4ea-b604-5468-a949-311b8fbceec5,,/Users/iktahana/Genji/pending/needs_reading/U+5700-U+57FF/執術.json,1,
壱兩,1,,,0,unmatched,keep_pending,no accepted complete-entry evidence,,d1e9db8a-2edc-50a5-a072-78c2b3af9e9d,,/Users/iktahana/Genji/pending/needs_reading/U+5800-U+58FF/イチ兩.json,1,
売毘,1,,,0,suspected_fragment,keep_pending,embedded evidence is insufficient for automatic rejection,,23e74e08-6661-5d71-80ff-180ab7ed25af,,/Users/iktahana/Genji/pending/needs_reading/U+5800-U+58FF/ウリ毘.json,1,
売陀,7,,,0,suspected_fragment,reject_fragment,all occurrences are embedded across at least two works and authoritative dictionaries have no exact headword,,532985d0-a7c4-5983-b47c-e2e3baa591f3,,/Users/iktahana/Genji/pending/needs_reading/U+5800-U+58FF/ウリ陀.json,1,
壊攪,1,,,0,suspected_fragment,keep_pending,embedded evidence is insufficient for automatic rejection,,44d6d930-ceb7-528f-a1ac-f3f7aa4dd324,,/Users/iktahana/Genji/pending/needs_reading/U+5800-U+58FF/カイ攪.json,1,
声励,2,,,0,suspected_fragment,reject_fragment,all occurrences are embedded across at least two works and authoritative dictionaries have no exact headword,,b94bd46f-bf4c-5c35-9888-9f5b12b42f49,,/Users/iktahana/Genji/pending/needs_reading/U+5800-U+58FF/コエ励.json,1,
声叱,2,,,0,suspected_fragment,reject_fragment,all occurrences are embedded across at least two works and authoritative dictionaries have no exact headword,,f415321b-d86d-5c93-8309-877f74ded1ae,,/Users/iktahana/Genji/pending/needs_reading/U+5800-U+58FF/コエ叱.json,1,
声呶,1,,,0,suspected_fragment,reject_fragment,all occurrences are embedded across at least two works and authoritative dictionaries have no exact headword,,4c297d8b-5e48-505b-8c69-a8a09a456d5d,,/Users/iktahana/Genji/pending/needs_reading/U+5800-U+58FF/コエ呶.json,1,
声啼,5,,,0,suspected_fragment,reject_fragment,all occurrences are embedded across at least two works and authoritative dictionaries have no exact headword,,5ff7c163-bf8d-59c0-9344-59afd48aea5f,,/Users/iktahana/Genji/pending/needs_reading/U+5800-U+58FF/コエ啼.json,1,
声喚,1,,,0,suspected_fragment,reject_fragment,all occurrences are embedded across at least two works and authoritative dictionaries have no exact headword,,e4b7ec65-9439-5d2e-a01d-427ef55c143a,,/Users/iktahana/Genji/pending/needs_reading/U+5800-U+58FF/コエ喚.json,1,
声喧,2,,,0,suspected_fragment,reject_fragment,all occurrences are embedded across at least two works and authoritative dictionaries have no exact headword,,371e50cd-89fd-5e24-b14f-72839b439b32,,/Users/iktahana/Genji/pending/needs_reading/U+5800-U+58FF/コエ喧.json,1,
声嗄,2,,,0,suspected_fragment,keep_pending,embedded evidence is insufficient for automatic rejection,,38181b7d-61ab-503e-9d09-1257b7778243,,/Users/iktahana/Genji/pending/needs_reading/U+5800-U+58FF/コエ嗄.json,1,
声如,1,,,0,suspected_fragment,reject_fragment,all occurrences are embedded across at least two works and authoritative dictionaries have no exact headword,,b1be732b-58cf-5506-9d70-fe38b7e7c58f,,/Users/iktahana/Genji/pending/needs_reading/U+5800-U+58FF/コエ如.json,1,
声嬌,1,,,0,suspected_fragment,keep_pending,embedded evidence is insufficient for automatic rejection,,fabf3a4e-27dd-55f3-bd33-9c73a788ba0f,,/Users/iktahana/Genji/pending/needs_reading/U+5800-U+58FF/コエ嬌.json,1,
声恰,1,,,0,suspected_fragment,keep_pending,embedded evidence is insufficient for automatic rejection,,c7e40e8c-7f21-56bf-9009-e58d5702147c,,/Users/iktahana/Genji/pending/needs_reading/U+5800-U+58FF/コエ恰.json,1,
声惻,1,,,0,suspected_fragment,keep_pending,embedded evidence is insufficient for automatic rejection,,f404afe0-04df-5056-9d2c-8045f85bcf34,,/Users/iktahana/Genji/pending/needs_reading/U+5800-U+58FF/コエ惻.json,1,
声懸,3,,,0,suspected_fragment,reject_fragment,all occurrences are embedded across at least two works and authoritative dictionaries have no exact headword,,2e753e6c-43f0-5072-b680-65e0534f674e,,/Users/iktahana/Genji/pending/needs_reading/U+5800-U+58FF/コエ懸.json,1,
声揺,1,,,0,unmatched,keep_pending,no accepted complete-entry evidence,,c222d40c-cfeb-53e3-b91a-a14d9c1df5e1,,/Users/iktahana/Genji/pending/needs_reading/U+5800-U+58FF/コエ揺.json,1,
声洩,1,,,0,suspected_fragment,reject_fragment,all occurrences are embedded across at least two works and authoritative dictionaries have no exact headword,,588916d0-b98a-5c10-bc16-962a7a0c39a1,,/Users/iktahana/Genji/pending/needs_reading/U+5800-U+58FF/コエ洩.json,1,
声耆,7,,,0,suspected_fragment,reject_fragment,all occurrences are embedded across at least two works and authoritative dictionaries have no exact headword,,469e7b71-0086-523b-a1f4-5db059cbf1a9,,/Users/iktahana/Genji/pending/needs_reading/U+5800-U+58FF/コエ耆.json,1,
声而,1,,,0,suspected_fragment,reject_fragment,all occurrences are embedded across at least two works and authoritative dictionaries have no exact headword,,6b7cbf17-52f1-51dd-85db-e5de4d236fff,,/Users/iktahana/Genji/pending/needs_reading/U+5800-U+58FF/コエ而.json,1,
声送,1,,,0,suspected_fragment,keep_pending,embedded evidence is insufficient for automatic rejection,,04f1bafc-7385-5215-9984-dfbd2657f46e,,/Users/iktahana/Genji/pending/needs_reading/U+5800-U+58FF/コエ送.json,1,
声顫,1,,,0,suspected_fragment,keep_pending,at least one example contains an independent use,,d662009b-9420-5ba2-ae20-8d97ab2bafe3,,/Users/iktahana/Genji/pending/needs_reading/U+5800-U+58FF/コエ顫.json,1,
塩兩,1,,,0,unmatched,keep_pending,no accepted complete-entry evidence,,054d323f-9f3b-53e3-b744-50abcea5327d,,/Users/iktahana/Genji/pending/needs_reading/U+5800-U+58FF/シオ兩.json,1,
塩握,1,,,0,suspected_fragment,reject_fragment,all occurrences are embedded across at least two works and authoritative dictionaries have no exact headword,,62f1aa1d-b010-5ddf-916d-c2ca958be1ec,,/Users/iktahana/Genji/pending/needs_reading/U+5800-U+58FF/シオ握.json,1,
塩棠,2,,,0,suspected_fragment,keep_pending,embedded evidence is insufficient for automatic rejection,,343500de-efdf-5891-8371-822a7a8f2767,,/Users/iktahana/Genji/pending/needs_reading/U+5800-U+58FF/シオ棠.json,1,
塩鹸,1,,,0,suspected_fragment,keep_pending,embedded evidence is insufficient for automatic rejection,,e240e668-1700-54e9-bfb3-4673b6de0ce9,,/Users/iktahana/Genji/pending/needs_reading/U+5800-U+58FF/シオ鹸.json,1,
場稽,1,,,0,suspected_fragment,keep_pending,embedded evidence is insufficient for automatic rejection,,eea83abe-eaa3-5cd8-b7df-f848e723a852,,/Users/iktahana/Genji/pending/needs_reading/U+5800-U+58FF/バ稽.json,1,
場維,1,,,0,suspected_fragment,keep_pending,embedded evidence is insufficient for automatic rejection,,5dc15fec-87cd-5233-b4e5-70d189df3a2b,,/Users/iktahana/Genji/pending/needs_reading/U+5800-U+58FF/バ維.json,1,
堅々,6,かたがた,aozora_ruby,1,suspected_fragment,reject_fragment,all occurrences are embedded across at least two works and authoritative dictionaries have no exact headword,,bc3fa002-6f20-5ca9-9cf8-2f763f363bce,,/Users/iktahana/Genji/pending/needs_reading/U+5800-U+58FF/堅々.json,1,
堪七,6,,,0,unmatched,keep_pending,no accepted complete-entry evidence,,64aca6c8-9cd7-59e7-9970-82f49c1f73d9,,/Users/iktahana/Genji/pending/needs_reading/U+5800-U+58FF/堪七.json,1,
堪兼,17,こらへかね|たえか|たえかね|たへか|たへかね|たへがね|たまりか,aozora_ruby,14,source_conflict,conflict,sources disagree on the complete-entry reading,,0b66ac75-c776-5ff5-a79b-fb4c4b8759b8,,/Users/iktahana/Genji/pending/needs_reading/U+5800-U+58FF/堪兼.json,1,
堪喜,6,,,0,suspected_fragment,reject_fragment,all occurrences are embedded across at least two works and authoritative dictionaries have no exact headword,,e9bda537-d7c2-526a-afad-e3d81cfb9042,,/Users/iktahana/Genji/pending/needs_reading/U+5800-U+58FF/堪喜.json,1,
堪難,6,たえがた|たへがた,aozora_ruby,9,source_conflict,conflict,sources disagree on the complete-entry reading,,3b87bcd3-a35a-5aeb-9a6a-2faf891bb2e8,,/Users/iktahana/Genji/pending/needs_reading/U+5800-U+58FF/堪難.json,1,
塋,53,けい,aozora_ruby,2,suspected_fragment,keep_pending,single-character entries require individual review,,7ff3342c-b841-5b20-9b9d-9caf11772987,,/Users/iktahana/Genji/pending/needs_reading/U+5800-U+58FF/塋.json,1,
塋穴,7,えいけつ,aozora_ruby,1,single_ruby,keep_pending,ruby occurs in only one distinct Aozora text file,,0aa9e9c8-0a1c-56a4-8d2f-0e9e7bc9d2be,,/Users/iktahana/Genji/pending/needs_reading/U+5800-U+58FF/塋穴.json,1,
塋窟,4,カタコンブ,aozora_ruby,1,suspected_fragment,reject_fragment,all occurrences are embedded across at least two works and authoritative dictionaries have no exact headword,,b5998bc8-139a-5475-8f46-e4e9286808d2,,/Users/iktahana/Genji/pending/needs_reading/U+5800-U+58FF/塋窟.json,1,
填,43,う|うず|うづ|うま|うめ|こ|つ|つま|は|はま|ふさ|ふさが|まき|み|ウズ|テン,aozora_ruby|jmnedict,104,source_conflict,conflict,sources disagree on the complete-entry reading,,5f48bdf3-c017-59df-9307-dee5e5f6cdaa,,/Users/iktahana/Genji/pending/needs_reading/U+5800-U+58FF/填.json,1,
墜厥,4,,,0,unmatched,keep_pending,no accepted complete-entry evidence,,47efc20e-8d24-5151-b487-106477b71bdc,,/Users/iktahana/Genji/pending/needs_reading/U+5800-U+58FF/墜厥.json,1,
墜坑,4,,,0,suspected_fragment,keep_pending,embedded evidence is insufficient for automatic rejection,,bd68c9f2-6544-5d4e-9de9-d091360f84a7,,/Users/iktahana/Genji/pending/needs_reading/U+5800-U+58FF/墜坑.json,1,
墜石,4,,,0,suspected_fragment,reject_fragment,all occurrences are embedded across at least two works and authoritative dictionaries have no exact headword,,58f8272c-ce1f-520a-8216-41f9860dcd25,,/Users/iktahana/Genji/pending/needs_reading/U+5800-U+58FF/墜石.json,1,
墾小,5,,,0,suspected_fragment,reject_fragment,all occurrences are embedded across at least two works and authoritative dictionaries have no exact headword,,deb25ffc-bbcf-5537-afd4-6e35c691cdcb,,/Users/iktahana/Genji/pending/needs_reading/U+5800-U+58FF/墾小.json,1,
奨推,1,,,0,suspected_fragment,keep_pending,embedded evidence is insufficient for automatic rejection,,a438f1ff-718a-5418-933b-20ed13ae7946,,/Users/iktahana/Genji/pending/needs_reading/U+5900-U+59FF/ススム推.json,1,
夐,13,はる|はるか,aozora_ruby,6,source_conflict,conflict,sources disagree on the complete-entry reading,,64daf718-bfe1-55b4-8f93-7ddba470243c,,/Users/iktahana/Genji/pending/needs_reading/U+5900-U+59FF/夐.json,1,
夕々,4,ゆうべゆうべ|ゆふべゆふべ,aozora_ruby,2,source_conflict,conflict,sources disagree on the complete-entry reading,,4a5441e4-2cc8-5005-8538-949b3812116b,,/Users/iktahana/Genji/pending/needs_reading/U+5900-U+59FF/夕々.json,1,
外々,26,そらぞら|よそよそ,aozora_ruby,4,invalid_unicode,keep_pending,a source supplied a reading containing illegal characters,,56338565-73ac-5379-a70e-827a99fc371e,,/Users/iktahana/Genji/pending/needs_reading/U+5900-U+59FF/外々.json,1,
夙人,5,しゅくびと|はやびと,aozora_ruby,3,source_conflict,conflict,sources disagree on the complete-entry reading,,f18b5cc1-2c0d-5edd-891a-e63424b53e79,,/Users/iktahana/Genji/pending/needs_reading/U+5900-U+59FF/夙人.json,1,
夢々,16,むむ|ゆめゆめ|ゆゆ,jmdict|jmnedict,3,ambiguous,conflict,jmnedict has multiple applicable full-entry readings,,226a0c09-7e9a-567a-afcf-eb097bb71e8e,,/Users/iktahana/Genji/pending/needs_reading/U+5900-U+59FF/夢々.json,1,
夫々,966,おっとおっと|それぞれ,aozora_ruby|jmdict,42,invalid_unicode,keep_pending,a source supplied a reading containing illegal characters,,6af505c7-2e4a-5d82-bc21-10d881577eb1,,/Users/iktahana/Genji/pending/needs_reading/U+5900-U+59FF/夫々.json,1,
夾河,6,,,0,suspected_fragment,keep_pending,embedded evidence is insufficient for automatic rejection,,f8fb3c14-8663-53ed-94ab-5f71342fb50b,,/Users/iktahana/Genji/pending/needs_reading/U+5900-U+59FF/夾河.json,1,
奄芸,4,,,0,suspected_fragment,keep_pending,embedded evidence is insufficient for automatic rejection,,2163302f-6b0d-5d2c-99b1-e18e950004b1,,/Users/iktahana/Genji/pending/needs_reading/U+5900-U+59FF/奄芸.json,1,
奉内,4,,,0,suspected_fragment,keep_pending,embedded evidence is insufficient for automatic rejection,,c896d64a-b137-53a2-b8e0-6874604b3a9b,,/Users/iktahana/Genji/pending/needs_reading/U+5900-U+59FF/奉内.json,1,
奉化,19,ほうか|ほうげ,aozora_ruby,5,source_conflict,conflict,sources disagree on the complete-entry reading,,497a7517-83b9-5897-8673-d33f53b7d00f,,/Users/iktahana/Genji/pending/needs_reading/U+5900-U+59FF/奉化.json,1,
奉大,11,,,0,suspected_fragment,reject_fragment,all occurrences are embedded across at least two works and authoritative dictionaries have no exact headword,,d8cba77a-3bce-51fd-9a67-d20e1975d366,,/Users/iktahana/Genji/pending/needs_reading/U+5900-U+59FF/奉大.json,1,
奉存,190,ぞんじたてまつり,aozora_ruby,7,suspected_fragment,reject_fragment,all occurrences are embedded across at least two works and authoritative dictionaries have no exact headword,,8157219f-eb50-5c60-9bfd-1a03bd390d55,,/Users/iktahana/Genji/pending/needs_reading/U+5900-U+59FF/奉存.json,1,
奉家,5,,,0,suspected_fragment,keep_pending,embedded evidence is insufficient for automatic rejection,,a875433d-d233-5f88-9e2e-7484433f8ec8,,/Users/iktahana/Genji/pending/needs_reading/U+5900-U+59FF/奉家.json,1,
奉察,6,,,0,suspected_fragment,reject_fragment,all occurrences are embedded across at least two works and authoritative dictionaries have no exact headword,,99a6db02-51e3-5294-9cbe-d58101cfe927,,/Users/iktahana/Genji/pending/needs_reading/U+5900-U+59FF/奉察.json,1,
奉崇,5,,,0,suspected_fragment,reject_fragment,all occurrences are embedded across at least two works and authoritative dictionaries have no exact headword,,7c0a0030-df35-5d0d-a4a9-b176be59e767,,/Users/iktahana/Genji/pending/needs_reading/U+5900-U+59FF/奉崇.json,1,
奉差,4,,,0,suspected_fragment,reject_fragment,all occurrences are embedded across at least two works and authoritative dictionaries have no exact headword,,90931fe7-fee8-5f9e-b860-15fba1d306d4,,/Users/iktahana/Genji/pending/needs_reading/U+5900-U+59FF/奉差.json,1,
奉希,11,こひねがひたてまつり|ねがいたてまつり,aozora_ruby,2,source_conflict,conflict,sources disagree on the complete-entry reading,,63947740-f056-5361-9c27-8f07bb298dc5,,/Users/iktahana/Genji/pending/needs_reading/U+5900-U+59FF/奉希.json,1,
奉恐,14,,,0,suspected_fragment,reject_fragment,all occurrences are embedded across at least two works and authoritative dictionaries have no exact headword,,f8916e39-919c-5211-9e86-77e3edde6433,,/Users/iktahana/Genji/pending/needs_reading/U+5900-U+59FF/奉恐.json,1,
奉悼,4,,,0,suspected_fragment,reject_fragment,all occurrences are embedded across at least two works and authoritative dictionaries have no exact headword,,8898aeef-5472-5b8d-86be-a80e99ff451b,,/Users/iktahana/Genji/pending/needs_reading/U+5900-U+59FF/奉悼.json,1,
奉申,11,,,0,suspected_fragment,reject_fragment,all occurrences are embedded across at least two works and authoritative dictionaries have no exact headword,,845288a5-3972-53cb-a41e-2c7c4d44e5bb,,/Users/iktahana/Genji/pending/needs_reading/U+5900-U+59FF/奉申.json,1,
奉紳,7,,,0,suspected_fragment,keep_pending,embedded evidence is insufficient for automatic rejection,,c850aec0-830d-5b25-a207-f7be7ea48f2e,,/Users/iktahana/Genji/pending/needs_reading/U+5900-U+59FF/奉紳.json,1,
奉線,13,,,0,suspected_fragment,reject_fragment,all occurrences are embedded across at least two works and authoritative dictionaries have no exact headword,,c106b31f-1d5b-5f26-9cb5-a1dc1c73bcd4,,/Users/iktahana/Genji/pending/needs_reading/U+5900-U+59FF/奉線.json,1,
奉蒙,6,,,0,suspected_fragment,reject_fragment,all occurrences are embedded across at least two works and authoritative dictionaries have no exact headword,,08354c8e-ffc8-5bcc-abac-dcddd5cc5dae,,/Users/iktahana/Genji/pending/needs_reading/U+5900-U+59FF/奉蒙.json,1,
奉部,6,,,0,suspected_fragment,reject_fragment,all occurrences are embedded across at least two works and authoritative dictionaries have no exact headword,,9d9bc78e-1b94-5f3e-b5c5-84004bd501a2,,/Users/iktahana/Genji/pending/needs_reading/U+5900-U+59FF/奉部.json,1,
奉鉄,4,,,0,suspected_fragment,keep_pending,embedded evidence is insufficient for automatic rejection,,230017fa-f25e-5a8a-8161-fdc8bfe1c7ab,,/Users/iktahana/Genji/pending/needs_reading/U+5900-U+59FF/奉鉄.json,1,
奉頼,4,,,0,suspected_fragment,reject_fragment,all occurrences are embedded across at least two works and authoritative dictionaries have no exact headword,,763786df-073f-5a4c-8af0-65a3d0e7ee13,,/Users/iktahana/Genji/pending/needs_reading/U+5900-U+59FF/奉頼.json,1,
奉願,136,,,0,suspected_fragment,reject_fragment,all occurrences are embedded across at least two works and authoritative dictionaries have no exact headword,,d197e220-adf2-5331-9ad2-d5e47bc9c67d,,/Users/iktahana/Genji/pending/needs_reading/U+5900-U+59FF/奉願.json,1,
奐,33,あきら|かん,jmnedict,2,ambiguous,conflict,jmnedict has multiple applicable full-entry readings,,d5dde7ca-2ca4-5491-b43a-e07343dafd51,,/Users/iktahana/Genji/pending/needs_reading/U+5900-U+59FF/奐.json,1,
契冲,10,けいちゅう|けいちゆう,aozora_ruby,5,source_conflict,conflict,sources disagree on the complete-entry reading,,7dbca948-1413-53ad-92ed-2bb5bd36755d,,/Users/iktahana/Genji/pending/needs_reading/U+5900-U+59FF/契冲.json,1,
契月,23,けいげつ,jmnedict,1,suspected_fragment,keep_pending,at least one example contains an independent use,,f009e7d2-27a4-5749-a609-754023e11de9,,/Users/iktahana/Genji/pending/needs_reading/U+5900-U+59FF/契月.json,1,
契点,5,,,0,unmatched,keep_pending,no accepted complete-entry evidence,,330682c5-9364-58aa-a1ae-dee9a055068e,,/Users/iktahana/Genji/pending/needs_reading/U+5900-U+59FF/契点.json,1,
奔々,7,ほんほん|ほんぽん,aozora_ruby,6,source_conflict,conflict,sources disagree on the complete-entry reading,,598136b9-895e-5b0b-80ff-c9e5693b26d5,,/Users/iktahana/Genji/pending/needs_reading/U+5900-U+59FF/奔々.json,1,
奔下,32,,,0,suspected_fragment,reject_fragment,all occurrences are embedded across at least two works and authoritative dictionaries have no exact headword,,7b03c298-ec74-596e-a5fe-9170db291c65,,/Users/iktahana/Genji/pending/needs_reading/U+5900-U+59FF/奔下.json,1,
奔入,5,ほんにゅう,aozora_ruby,2,suspected_fragment,reject_fragment,all occurrences are embedded across at least two works and authoritative dictionaries have no exact headword,,23f87785-b99b-552d-ade6-71e9866eba14,,/Users/iktahana/Genji/pending/needs_reading/U+5900-U+59FF/奔入.json,1,
奔弄,4,ほんろう,aozora_ruby,1,suspected_fragment,reject_fragment,all occurrences are embedded across at least two works and authoritative dictionaries have no exact headword,,cbdca02e-23d4-5a38-83e1-8205acb0829a,,/Users/iktahana/Genji/pending/needs_reading/U+5900-U+59FF/奔弄.json,1,
奔河,11,ほんが,aozora_ruby,8,suspected_fragment,keep_pending,at least one example contains an independent use,,1bcb6333-4a28-57dd-9e06-bed00dbf9632,,/Users/iktahana/Genji/pending/needs_reading/U+5900-U+59FF/奔河.json,1,
奔涛,7,,,0,suspected_fragment,keep_pending,at least one example contains an independent use,,0450ff3d-b910-54e3-a49a-1a33329b2dcd,,/Users/iktahana/Genji/pending/needs_reading/U+5900-U+59FF/奔涛.json,1,
奔蹤,4,,,0,unmatched,keep_pending,no accepted complete-entry evidence,,23731b72-bbfb-5dc9-aa80-4090aa812b0c,,/Users/iktahana/Genji/pending/needs_reading/U+5900-U+59FF/奔蹤.json,1,
奔飛,4,,,0,suspected_fragment,reject_fragment,all occurrences are embedded across at least two works and authoritative dictionaries have no exact headword,,c6b55ac3-92b4-564f-b0cd-d0459e172849,,/Users/iktahana/Genji/pending/needs_reading/U+5900-U+59FF/奔飛.json,1,
套靴,13,オオヴァシュウズ|オヴァ・シューズ|オーバシューズ,aozora_ruby,4,source_conflict,conflict,sources disagree on the complete-entry reading,,9542ac2b-5e41-5c90-bc44-fea3b92fc7a1,,/Users/iktahana/Genji/pending/needs_reading/U+5900-U+59FF/套靴.json,1,
奘冊,6,,,0,suspected_fragment,reject_fragment,all occurrences are embedded across at least two works and authoritative dictionaries have no exact headword,,eaa28bc8-250e-53d1-a13c-ffd931efc64b,,/Users/iktahana/Genji/pending/needs_reading/U+5900-U+59FF/奘冊.json,1,
奢令,5,,,0,suspected_fragment,reject_fragment,all occurrences are embedded across at least two works and authoritative dictionaries have no exact headword,,a7947847-6777-573f-a6ec-56dc8d66718b,,/Users/iktahana/Genji/pending/needs_reading/U+5900-U+59FF/奢令.json,1,
奢母,5,,,0,suspected_fragment,keep_pending,embedded evidence is insufficient for automatic rejection,,3f926efa-f648-52ac-8226-b2193157b13b,,/Users/iktahana/Genji/pending/needs_reading/U+5900-U+59FF/奢母.json,1,
奩妝,5,おこしらえ|こしらえ|よめいりどうぐ,aozora_ruby,3,source_conflict,conflict,sources disagree on the complete-entry reading,,e55580c5-cf8c-5405-8fe3-b033d7bc66fa,,/Users/iktahana/Genji/pending/needs_reading/U+5900-U+59FF/奩妝.json,1,
奮慨,10,,,0,suspected_fragment,reject_fragment,all occurrences are embedded across at least two works and authoritative dictionaries have no exact headword,,b0ffe31e-7414-53ad-9955-a2c5aaca6b0b,,/Users/iktahana/Genji/pending/needs_reading/U+5900-U+59FF/奮慨.json,1,
如々,11,にょにょ,aozora_ruby|jmnedict,3,suspected_fragment,keep_pending,at least one example contains an independent use,,fa52c207-c807-5bd3-bada-1f8e0508dfa8,,/Users/iktahana/Genji/pending/needs_reading/U+5900-U+59FF/如々.json,1,
如不,5,,,0,suspected_fragment,reject_fragment,all occurrences are embedded across at least two works and authoritative dictionaries have no exact headword,,94974e9c-4796-52f9-bb5a-1d9f49238c70,,/Users/iktahana/Genji/pending/needs_reading/U+5900-U+59FF/如不.json,1,
如丘,10,,,0,suspected_fragment,reject_fragment,all occurrences are embedded across at least two works and authoritative dictionaries have no exact headword,,d5262bc8-0818-5ad3-b262-728cae23ba10,,/Users/iktahana/Genji/pending/needs_reading/U+5900-U+59FF/如丘.json,1,
如丹,8,じょたん,aozora_ruby,1,suspected_fragment,keep_pending,at least one example contains an independent use,,37e33079-5960-5520-bad1-ebb325030eb6,,/Users/iktahana/Genji/pending/needs_reading/U+5900-U+59FF/如丹.json,1,
如之,8,のみ,aozora_ruby,1,suspected_fragment,reject_fragment,all occurrences are embedded across at least two works and authoritative dictionaries have no exact headword,,1fb20aaa-753a-59d0-9632-6bb674fe4da8,,/Users/iktahana/Genji/pending/needs_reading/U+5900-U+59FF/如之.json,1,
如亭,8,じょてい,jmnedict,1,suspected_fragment,keep_pending,at least one example contains an independent use,,6ff09e9c-dba6-5692-aed5-8b71f34a251a,,/Users/iktahana/Genji/pending/needs_reading/U+5900-U+59FF/如亭.json,1,
如人,5,,,0,suspected_fragment,reject_fragment,all occurrences are embedded across at least two works and authoritative dictionaries have no exact headword,,466f6abd-0ff7-577e-a0f2-0193dc2dd385,,/Users/iktahana/Genji/pending/needs_reading/U+5900-U+59FF/如人.json,1,
如仰,4,,,0,suspected_fragment,reject_fragment,all occurrences are embedded across at least two works and authoritative dictionaries have no exact headword,,20397740-5be1-5162-9911-f615b556a2a7,,/Users/iktahana/Genji/pending/needs_reading/U+5900-U+59FF/如仰.json,1,
如件,46,くだんのごとき|くだんのごとく|くだんのごとし,aozora_ruby,12,source_conflict,conflict,sources disagree on the complete-entry reading,,fabb4665-e7ea-5b1b-90c3-757aaa95e198,,/Users/iktahana/Genji/pending/needs_reading/U+5900-U+59FF/如件.json,1,
如其,40,,,0,suspected_fragment,reject_fragment,all occurrences are embedded across at least two works and authoritative dictionaries have no exact headword,,3e9e8b74-1c05-5f92-b86f-a98f7d26b12f,,/Users/iktahana/Genji/pending/needs_reading/U+5900-U+59FF/如其.json,1,
如前,6,,,0,suspected_fragment,reject_fragment,all occurrences are embedded across at least two works and authoritative dictionaries have no exact headword,,ce7f4dff-5f07-526f-ad1c-ed0b76c441e9,,/Users/iktahana/Genji/pending/needs_reading/U+5900-U+59FF/如前.json,1,
如可,4,,,0,suspected_fragment,reject_fragment,all occurrences are embedded across at least two works and authoritative dictionaries have no exact headword,,3a723065-597a-5f32-b87f-f60950a804f1,,/Users/iktahana/Genji/pending/needs_reading/U+5900-U+59FF/如可.json,1,
如單,4,,,0,suspected_fragment,reject_fragment,all occurrences are embedded across at least two works and authoritative dictionaries have no exact headword,,00a9244a-d1ee-5ad5-9a1d-72f96dea7792,,/Users/iktahana/Genji/pending/needs_reading/U+5900-U+59FF/如單.json,1,
如夢,10,,,0,suspected_fragment,reject_fragment,all occurrences are embedded across at least two works and authoritative dictionaries have no exact headword,,054db4f0-4fa6-5cf9-b9ed-55391138c204,,/Users/iktahana/Genji/pending/needs_reading/U+5900-U+59FF/如夢.json,1,
如大,8,,,0,suspected_fragment,reject_fragment,all occurrences are embedded across at least two works and authoritative dictionaries have no exact headword,,4059efa7-1308-5996-8f87-37c03405788d,,/Users/iktahana/Genji/pending/needs_reading/U+5900-U+59FF/如大.json,1,
如左,7,さのごとき|さのごとし,aozora_ruby,2,source_conflict,conflict,sources disagree on the complete-entry reading,,56999938-6481-5cf3-b760-91390f81aa6c,,/Users/iktahana/Genji/pending/needs_reading/U+5900-U+59FF/如左.json,1,
如彼,8,ああ|あんな|あゝ,aozora_ruby,6,source_conflict,conflict,sources disagree on the complete-entry reading,,f425333a-259a-5452-aa0f-9161c1401628,,/Users/iktahana/Genji/pending/needs_reading/U+5900-U+59FF/如彼.json,1,
如往,4,,,0,suspected_fragment,reject_fragment,all occurrences are embedded across at least two works and authoritative dictionaries have no exact headword,,6cdc6163-ce40-50bb-8f93-eca2d66b8b96,,/Users/iktahana/Genji/pending/needs_reading/U+5900-U+59FF/如往.json,1,
如律,11,,,0,suspected_fragment,reject_fragment,all occurrences are embedded across at least two works and authoritative dictionaries have no exact headword,,4bdcbd1f-64ee-57dd-801d-cf79c126904c,,/Users/iktahana/Genji/pending/needs_reading/U+5900-U+59FF/如律.json,1,
如心,11,,,0,suspected_fragment,keep_pending,at least one example contains an independent use,,ce7bede2-a68c-5adc-ad38-fe3f58ee7d6c,,/Users/iktahana/Genji/pending/needs_reading/U+5900-U+59FF/如心.json,1,
如斯,48,かく|かくのごと|かくのごとき|かくのごとく|かくのごとし|こう|こん|こんな,aozora_ruby,22,source_conflict,conflict,sources disagree on the complete-entry reading,,fc48691d-79ab-5a15-b85d-6bcc4b9176eb,,/Users/iktahana/Genji/pending/needs_reading/U+5900-U+59FF/如斯.json,1,
如有,5,,,0,suspected_fragment,reject_fragment,all occurrences are embedded across at least two works and authoritative dictionaries have no exact headword,,ca981be2-63a5-5112-93c4-9e6527289899,,/Users/iktahana/Genji/pending/needs_reading/U+5900-U+59FF/如有.json,1,
如本,4,,,0,suspected_fragment,reject_fragment,all occurrences are embedded across at least two works and authoritative dictionaries have no exact headword,,1c5d6215-c50e-5dd1-adf8-bd32f6a25dd1,,/Users/iktahana/Genji/pending/needs_reading/U+5900-U+59FF/如本.json,1,
如林,7,,,0,suspected_fragment,reject_fragment,all occurrences are embedded across at least two works and authoritative dictionaries have no exact headword,,16b394a3-2049-572f-9b58-2103f2ae6c59,,/Users/iktahana/Genji/pending/needs_reading/U+5900-U+59FF/如林.json,1,
如柏,4,,,0,suspected_fragment,keep_pending,embedded evidence is insufficient for automatic rejection,,9ededaf2-0b99-5449-b4c4-6bf4624261b6,,/Users/iktahana/Genji/pending/needs_reading/U+5900-U+59FF/如柏.json,1,
如染,6,,,0,suspected_fragment,reject_fragment,all occurrences are embedded across at least two works and authoritative dictionaries have no exact headword,,172e002a-0c54-5a6a-b6ac-23f05beee29b,,/Users/iktahana/Genji/pending/needs_reading/U+5900-U+59FF/如染.json,1,
如海,56,ことみ|にょかい,aozora_ruby|jmnedict,2,source_conflict,conflict,sources disagree on the complete-entry reading,,6711de32-37b3-54d4-828c-d58cedbb9069,,/Users/iktahana/Genji/pending/needs_reading/U+5900-U+59FF/如海.json,1,
如湧,5,,,0,suspected_fragment,reject_fragment,all occurrences are embedded across at least two works and authoritative dictionaries have no exact headword,,81994262-f797-59b7-a49c-d3514443addc,,/Users/iktahana/Genji/pending/needs_reading/U+5900-U+59FF/如湧.json,1,
如火,7,,,0,suspected_fragment,reject_fragment,all occurrences are embedded across at least two works and authoritative dictionaries have no exact headword,,fb41857f-9b01-52a3-85ff-1a9cd5a7291a,,/Users/iktahana/Genji/pending/needs_reading/U+5900-U+59FF/如火.json,1,
如烟,4,,,0,unmatched,keep_pending,no accepted complete-entry evidence,,afe46254-f786-551e-bff2-aed7a2ab2ffa,,/Users/iktahana/Genji/pending/needs_reading/U+5900-U+59FF/如烟.json,1,
如煙,7,,,0,suspected_fragment,reject_fragment,all occurrences are embedded across at least two works and authoritative dictionaries have no exact headword,,dc94fbbe-bdac-5a02-b739-dc0a311e74ab,,/Users/iktahana/Genji/pending/needs_reading/U+5900-U+59FF/如煙.json,1,
如申,4,,,0,suspected_fragment,keep_pending,embedded evidence is insufficient for automatic rejection,,fb271515-8bee-56d5-9a10-11d388aac5cc,,/Users/iktahana/Genji/pending/needs_reading/U+5900-U+59FF/如申.json,1,
如碁,4,,,0,suspected_fragment,reject_fragment,all occurrences are embedded across at least two works and authoritative dictionaries have no exact headword,,4a431557-c9ab-5b54-a8dc-bc0b483bbaff,,/Users/iktahana/Genji/pending/needs_reading/U+5900-U+59FF/如碁.json,1,
如羊,4,,,0,suspected_fragment,reject_fragment,all occurrences are embedded across at least two works and authoritative dictionaries have no exact headword,,72dc7244-bdb0-54cd-981f-6fcf542f23d9,,/Users/iktahana/Genji/pending/needs_reading/U+5900-U+59FF/如羊.json,1,
如鏡,6,,,0,suspected_fragment,reject_fragment,all occurrences are embedded across at least two works and authoritative dictionaries have no exact headword,,581bb59d-5fc0-5a9a-9dfc-0312b1ba7b18,,/Users/iktahana/Genji/pending/needs_reading/U+5900-U+59FF/如鏡.json,1,
如雪,7,じょせつ|なおゆき|にょせつ,aozora_ruby|jmnedict,4,ambiguous,conflict,jmnedict has multiple applicable full-entry readings,,8d887523-9999-5023-b1e4-80f4352ecc61,,/Users/iktahana/Genji/pending/needs_reading/U+5900-U+59FF/如雪.json,1,
妖々,18,ようよう,aozora_ruby,7,suspected_fragment,keep_pending,at least one example contains an independent use,,e5be7275-19d8-594b-997c-c3607daafe49,,/Users/iktahana/Genji/pending/needs_reading/U+5900-U+59FF/妖々.json,1,
妝,14,なり|ヨソホ,aozora_ruby,2,source_conflict,conflict,sources disagree on the complete-entry reading,,1a21ebb9-c167-5a19-a04f-d93dcc1300ab,,/Users/iktahana/Genji/pending/needs_reading/U+5900-U+59FF/妝.json,1,
妬情,15,とじやう|とじょう|ねたみごころ,aozora_ruby,4,source_conflict,conflict,sources disagree on the complete-entry reading,,1a5f1d3e-0b24-5ffc-834b-d36783ed2f75,,/Users/iktahana/Genji/pending/needs_reading/U+5900-U+59FF/妬情.json,1,
姶,4,,,0,suspected_fragment,keep_pending,single-character entries require individual review,,545112ef-3bbe-5003-9886-91ba6a61ee58,,/Users/iktahana/Genji/pending/needs_reading/U+5900-U+59FF/姶.json,1,
娑子,16,,,0,suspected_fragment,reject_fragment,all occurrences are embedded across at least two works and authoritative dictionaries have no exact headword,,8672bce2-53e2-5a33-a773-4deb0b81a4da,,/Users/iktahana/Genji/pending/needs_reading/U+5A00-U+5AFF/娑子.json,1,
娜,25,えんえんじょうだ|しな|しなやか|じょうだ|たおやか|たをやか|なよなよ,aozora_ruby,9,source_conflict,conflict,sources disagree on the complete-entry reading,,670dd7dd-3ae9-54e4-ad46-37d332c2b1ff,,/Users/iktahana/Genji/pending/needs_reading/U+5A00-U+5AFF/娜.json,1,
娯集,4,,,0,suspected_fragment,reject_fragment,all occurrences are embedded across at least two works and authoritative dictionaries have no exact headword,,17f244d3-98f7-5382-9303-41cd0a1cf023,,/Users/iktahana/Genji/pending/needs_reading/U+5A00-U+5AFF/娯集.json,1,
娶合,45,めあ|めあは|めあはせ|めあわ,aozora_ruby,45,source_conflict,conflict,sources disagree on the complete-entry reading,,d12eebf3-3417-5783-abad-0f624dd66873,,/Users/iktahana/Genji/pending/needs_reading/U+5A00-U+5AFF/娶合.json,1,
婆々,143,ばば|ばばあ|ばゝ|ばゞ|ばゞあ,aozora_ruby,39,source_conflict,conflict,sources disagree on the complete-entry reading,,202cd5c6-8166-5f7a-99e5-a4d0edeebebe,,/Users/iktahana/Genji/pending/needs_reading/U+5A00-U+5AFF/婆々.json,1,
媽々,49,かか|かかあ|かゝ|かゝあ|にょうぼう,aozora_ruby,26,source_conflict,conflict,sources disagree on the complete-entry reading,,4cb8aed2-404b-54d9-8fcb-a59539c7f2ab,,/Users/iktahana/Genji/pending/needs_reading/U+5A00-U+5AFF/媽々.json,1,
媾,17,あ|こう|つる|ア|メ,aozora_ruby,7,source_conflict,conflict,sources disagree on the complete-entry reading,,5af85a58-1c1c-5bb9-b727-75cb6ec08455,,/Users/iktahana/Genji/pending/needs_reading/U+5A00-U+5AFF/媾.json,1,
嫣乎,9,にっこ|にっこり|につこり,aozora_ruby,3,source_conflict,conflict,sources disagree on the complete-entry reading,,fcb8d10f-f8b3-557f-a7fa-6392b99f904d,,/Users/iktahana/Genji/pending/needs_reading/U+5A00-U+5AFF/嫣乎.json,1,
嫩,28,ふたば|やはら|やわ|やわら|わか,aozora_ruby|jmdict|jmnedict,28,ambiguous,conflict,jmnedict has multiple applicable full-entry readings,,64ddf58b-b3f3-5da2-adbe-25f9ba1c36a4,,/Users/iktahana/Genji/pending/needs_reading/U+5A00-U+5AFF/嫩.json,1,
嫩会,4,ふたばかい,aozora_ruby,1,single_ruby,keep_pending,ruby occurs in only one distinct Aozora text file,,cc8db6b1-0619-5e2f-ae3f-c48efbe8a68f,,/Users/iktahana/Genji/pending/needs_reading/U+5A00-U+5AFF/嫩会.json,1,
嫩軍,7,,,0,suspected_fragment,reject_fragment,all occurrences are embedded across at least two works and authoritative dictionaries have no exact headword,,ec858029-da7d-5bf0-bc65-d5642f3a2a18,,/Users/iktahana/Genji/pending/needs_reading/U+5A00-U+5AFF/嫩軍.json,1,
嫻,21,しと|しとや|なら|はなこ|みやび|ナラ,aozora_ruby|jmnedict,17,source_conflict,conflict,sources disagree on the complete-entry reading,,bab2c740-51cb-5d4f-b6c6-76f278c37823,,/Users/iktahana/Genji/pending/needs_reading/U+5A00-U+5AFF/嫻.json,1,
宝憧,1,,,0,suspected_fragment,keep_pending,embedded evidence is insufficient for automatic rejection,,8269dd51-53b9-5e72-92fb-0677d8150b0f,,/Users/iktahana/Genji/pending/needs_reading/U+5B00-U+5BFF/タカラ憧.json,1,
宝聚,1,,,0,suspected_fragment,keep_pending,embedded evidence is insufficient for automatic rejection,,ed7d890e-e87d-52d6-a85a-0f3b9506a4bf,,/Users/iktahana/Genji/pending/needs_reading/U+5B00-U+5BFF/タカラ聚.json,1,
宝齎,1,,,0,suspected_fragment,keep_pending,embedded evidence is insufficient for automatic rejection,,56317c6e-f40f-56ff-94a0-26b03990f068,,/Users/iktahana/Genji/pending/needs_reading/U+5B00-U+5BFF/タカラ齎.json,1,
寝仆,1,,,0,suspected_fragment,reject_fragment,all occurrences are embedded across at least two works and authoritative dictionaries have no exact headword,,a8d9e2ba-b56e-5dd1-864c-a384d2b65558,,/Users/iktahana/Genji/pending/needs_reading/U+5B00-U+5BFF/ネ仆.json,1,
寝崩,1,,,0,suspected_fragment,reject_fragment,all occurrences are embedded across at least two works and authoritative dictionaries have no exact headword,,e4a86281-b435-54dd-a9b5-eebf2ce19117,,/Users/iktahana/Genji/pending/needs_reading/U+5B00-U+5BFF/ネ崩.json,1,
寝還,1,,,0,unmatched,keep_pending,no accepted complete-entry evidence,,09b5b4f7-12a8-5629-a529-01afa86c2c1e,,/Users/iktahana/Genji/pending/needs_reading/U+5B00-U+5BFF/ネ還.json,1,
寝醒,5,ねざ|ねざめ,aozora_ruby,7,source_conflict,conflict,sources disagree on the complete-entry reading,,523674f2-4df0-55e2-967b-fe1f9c56cf53,,/Users/iktahana/Genji/pending/needs_reading/U+5B00-U+5BFF/ネ醒.json,1,
寝馴,1,,,0,suspected_fragment,reject_fragment,all occurrences are embedded across at least two works and authoritative dictionaries have no exact headword,,9a8134d0-9afd-5a6b-9b97-1b0224d5a294,,/Users/iktahana/Genji/pending/needs_reading/U+5B00-U+5BFF/ネ馴.json,1,
嬌慢,5,けうまん,aozora_ruby,2,suspected_fragment,keep_pending,at least one example contains an independent use,,1aa65ba6-18a8-52f5-9981-c21ef06acf9e,,/Users/iktahana/Genji/pending/needs_reading/U+5B00-U+5BFF/嬌慢.json,1,
嬌枝,5,たかえ,jmnedict,1,suspected_fragment,keep_pending,embedded evidence is insufficient for automatic rejection,,8f3d56e7-76a0-5c1a-b2f2-da1302d6d018,,/Users/iktahana/Genji/pending/needs_reading/U+5B00-U+5BFF/嬌枝.json,1,
嬌然,8,きょうぜん|にっこり,aozora_ruby,5,source_conflict,conflict,sources disagree on the complete-entry reading,,b84fe1fd-a74b-5712-8783-b07537574c65,,/Users/iktahana/Genji/pending/needs_reading/U+5B00-U+5BFF/嬌然.json,1,
嬌瞋,11,きやうしん|きょうしん|けうしん,aozora_ruby,11,source_conflict,conflict,sources disagree on the complete-entry reading,,69c4614d-89a3-5c01-8c64-974ffeef922b,,/Users/iktahana/Genji/pending/needs_reading/U+5B00-U+5BFF/嬌瞋.json,1,
嬬,17,おとめ|つま|をとめ,aozora_ruby,9,source_conflict,conflict,sources disagree on the complete-entry reading,,fc00f5d9-b2c9-59be-85d7-c56eb2187509,,/Users/iktahana/Genji/pending/needs_reading/U+5B00-U+5BFF/嬬.json,1,
嬬屋,4,つまや|ツマヤ,aozora_ruby,3,source_conflict,conflict,sources disagree on the complete-entry reading,,1d061827-153f-5651-acab-53e04168c06a,,/Users/iktahana/Genji/pending/needs_reading/U+5B00-U+5BFF/嬬屋.json,1,
嬬手,9,,,0,suspected_fragment,reject_fragment,all occurrences are embedded across at least two works and authoritative dictionaries have no exact headword,,a55cf435-258b-5dff-893a-bbcc41d6bb1e,,/Users/iktahana/Genji/pending/needs_reading/U+5B00-U+5BFF/嬬手.json,1,
嬾,10,しどな|もの|ものう|ものうく,aozora_ruby,6,source_conflict,conflict,sources disagree on the complete-entry reading,,b7c80319-9710-5944-ac36-e76f3c114512,,/Users/iktahana/Genji/pending/needs_reading/U+5B00-U+5BFF/嬾.json,1,
孕独,7,,,0,suspected_fragment,keep_pending,embedded evidence is insufficient for automatic rejection,,eba724a8-5f14-580b-a080-5680f3b18d3f,,/Users/iktahana/Genji/pending/needs_reading/U+5B00-U+5BFF/孕独.json,1,
字々,10,,,0,suspected_fragment,keep_pending,at least one example contains an independent use,,9719fb87-4067-57d1-911d-fc09aa0649a9,,/Users/iktahana/Genji/pending/needs_reading/U+5B00-U+5BFF/字々.json,1,
孥,16,ど,aozora_ruby,1,suspected_fragment,keep_pending,single-character entries require individual review,,9fbdd053-ee24-5ba4-94dc-981fc2a30a41,,/Users/iktahana/Genji/pending/needs_reading/U+5B00-U+5BFF/孥.json,1,
孥東,4,,,0,suspected_fragment,keep_pending,embedded evidence is insufficient for automatic rejection,,cf645f73-5afc-5b96-924a-bf3a19c0ab44,,/Users/iktahana/Genji/pending/needs_reading/U+5B00-U+5BFF/孥東.json,1,
学々,7,,,0,suspected_fragment,reject_fragment,all occurrences are embedded across at least two works and authoritative dictionaries have no exact headword,,e6bd1275-d1e5-5285-b31c-599f16113ae5,,/Users/iktahana/Genji/pending/needs_reading/U+5B00-U+5BFF/学々.json,1,
孱,24,せん,aozora_ruby,1,suspected_fragment,keep_pending,single-character entries require individual review,,f1a747ab-5997-5114-ada7-b081662c8a5b,,/Users/iktahana/Genji/pending/needs_reading/U+5B00-U+5BFF/孱.json,1,
孳々,4,しし|じじ|じゝ,aozora_ruby,4,source_conflict,conflict,sources disagree on the complete-entry reading,,54e1cef9-e215-52ad-943c-f6d166412ab8,,/Users/iktahana/Genji/pending/needs_reading/U+5B00-U+5BFF/孳々.json,1,
孵置,6,インキュベーション,aozora_ruby,1,suspected_fragment,keep_pending,at least one example contains an independent use,,1909eeee-b4f2-5f1b-9dc4-7356b1f6b4a2,,/Users/iktahana/Genji/pending/needs_reading/U+5B00-U+5BFF/孵置.json,1,
孺悲,4,じゅひ,aozora_ruby,1,single_ruby,keep_pending,ruby occurs in only one distinct Aozora text file,,749f7177-a6b4-56cb-9830-b46efc3128b5,,/Users/iktahana/Genji/pending/needs_reading/U+5B00-U+5BFF/孺悲.json,1,
宍,15,しし|しゝ|シシ,aozora_ruby|jmdict,9,source_conflict,conflict,sources disagree on the complete-entry reading,,1e60df7e-6460-545a-86f7-69654991b928,,/Users/iktahana/Genji/pending/needs_reading/U+5B00-U+5BFF/宍.json,1,
宕,14,,,0,suspected_fragment,keep_pending,single-character entries require individual review,,62238163-4d78-51b7-a5ba-02bdf9ec1f25,,/Users/iktahana/Genji/pending/needs_reading/U+5B00-U+5BFF/宕.json,1,
宕渠,9,とうきょ,aozora_ruby,1,suspected_fragment,keep_pending,at least one example contains an independent use,,fb5b2985-a009-561c-b329-5a34b6bb00f8,,/Users/iktahana/Genji/pending/needs_reading/U+5B00-U+5BFF/宕渠.json,1,
宜々,6,,,0,invalid_unicode,keep_pending,a source supplied a reading containing illegal characters,,f6a93cff-9ad0-56a0-83f4-f37c1c5a07a3,,/Users/iktahana/Genji/pending/needs_reading/U+5B00-U+5BFF/宜々.json,1,
室々,47,へやへや|へやべや,aozora_ruby,10,invalid_unicode,keep_pending,a source supplied a reading containing illegal characters,,d6c6c247-cce9-5d3f-bdfb-a24888b5bffe,,/Users/iktahana/Genji/pending/needs_reading/U+5B00-U+5BFF/室々.json,1,
宦,16,くわん,aozora_ruby,1,suspected_fragment,keep_pending,single-character entries require individual review,,76b47be5-5697-56da-ae50-af4a56b421c9,,/Users/iktahana/Genji/pending/needs_reading/U+5B00-U+5BFF/宦.json,1,
宸影,7,,,0,suspected_fragment,reject_fragment,all occurrences are embedded across at least two works and authoritative dictionaries have no exact headword,,f043773b-39f3-5a42-8551-931d1dc9dbdd,,/Users/iktahana/Genji/pending/needs_reading/U+5B00-U+5BFF/宸影.json,1,
宿々,89,しゅくしゅく|しゅくじゅく,aozora_ruby,13,invalid_unicode,keep_pending,a source supplied a reading containing illegal characters,,8137010b-b97e-56b6-8bd8-81b69730b9f7,,/Users/iktahana/Genji/pending/needs_reading/U+5B00-U+5BFF/宿々.json,1,
寄々,14,よりより,aozora_ruby,7,invalid_unicode,keep_pending,a source supplied a reading containing illegal characters,,4dc34a02-b7e3-5375-a8a4-492fdc2fb478,,/Users/iktahana/Genji/pending/needs_reading/U+5B00-U+5BFF/寄々.json,1,
寄一,4,きいち|よりかず,jmnedict,2,ambiguous,conflict,jmnedict has multiple applicable full-entry readings,,0a3593e8-f16c-56bd-a07b-2d981d4dc2b4,,/Users/iktahana/Genji/pending/needs_reading/U+5B00-U+5BFF/寄一.json,1,
寄候,4,,,0,suspected_fragment,reject_fragment,all occurrences are embedded across at least two works and authoritative dictionaries have no exact headword,,29ab05fd-0c6f-5ddb-9913-22f0c7a9800e,,/Users/iktahana/Genji/pending/needs_reading/U+5B00-U+5BFF/寄候.json,1,
寄兄,4,,,0,unmatched,keep_pending,no accepted complete-entry evidence,,b7706a21-4d59-5d03-980d-ae509a9e2ecd,,/Users/iktahana/Genji/pending/needs_reading/U+5B00-U+5BFF/寄兄.json,1,
寄加,8,,,0,suspected_fragment,reject_fragment,all occurrences are embedded across at least two works and authoritative dictionaries have no exact headword,,1099e753-61de-5cff-a97d-7d27ebec4a31,,/Users/iktahana/Genji/pending/needs_reading/U+5B00-U+5BFF/寄加.json,1,
寄来,59,よこ|よりき|よりく,aozora_ruby,17,source_conflict,conflict,sources disagree on the complete-entry reading,,8445082f-e960-508f-bdf0-189ba19e0ead,,/Users/iktahana/Genji/pending/needs_reading/U+5B00-U+5BFF/寄来.json,1,
寄示,16,きし,aozora_ruby,1,suspected_fragment,reject_fragment,all occurrences are embedded across at least two works and authoritative dictionaries have no exact headword,,caed2a23-c31e-5393-8bfe-4ff55c3eab42,,/Users/iktahana/Genji/pending/needs_reading/U+5B00-U+5BFF/寄示.json,1,
寄越,5,よこ|よこし,aozora_ruby,93,source_conflict,conflict,sources disagree on the complete-entry reading,,a6bcb57e-0aab-52d0-a271-09542c7aab01,,/Users/iktahana/Genji/pending/needs_reading/U+5B00-U+5BFF/寄越.json,1,
寛々,72,かんかん|ひろびろ|ゆつくり|ゆるゆる|らくらく|クワンクワン|クワンヽヽヽ,aozora_ruby,21,invalid_unicode,keep_pending,a source supplied a reading containing illegal characters,,f7cd567c-701a-5f79-adc0-4624b8e21ea0,,/Users/iktahana/Genji/pending/needs_reading/U+5B00-U+5BFF/寛々.json,1,
寞々,5,ばくばく,aozora_ruby,3,suspected_fragment,reject_fragment,all occurrences are embedded across at least two works and authoritative dictionaries have no exact headword,,0d118982-897e-5ca5-a291-607db496b691,,/Users/iktahana/Genji/pending/needs_reading/U+5B00-U+5BFF/寞々.json,1,
察々,4,,,0,suspected_fragment,keep_pending,at least one example contains an independent use,,0d07eca5-2864-5e09-9c3e-6281c5ce4246,,/Users/iktahana/Genji/pending/needs_reading/U+5B00-U+5BFF/察々.json,1,
寤,32,ご|さ|さと|さま|さめ|ざ|めざ|サ,aozora_ruby,45,source_conflict,conflict,sources disagree on the complete-entry reading,,fc3ca526-5b6b-5f16-9c35-a3d4df38eb33,,/Users/iktahana/Genji/pending/needs_reading/U+5B00-U+5BFF/寤.json,1,
寥平,7,,,0,suspected_fragment,reject_fragment,all occurrences are embedded across at least two works and authoritative dictionaries have no exact headword,,34897bd8-b6ce-552d-b6fc-43e3710e74c0,,/Users/iktahana/Genji/pending/needs_reading/U+5B00-U+5BFF/寥平.json,1,
寰,9,,,0,suspected_fragment,keep_pending,single-character entries require individual review,,c0e357fc-bd55-5143-a46f-bfff9bcf9cd5,,/Users/iktahana/Genji/pending/needs_reading/U+5B00-U+5BFF/寰.json,1,
将争,1,,,0,suspected_fragment,reject_fragment,all occurrences are embedded across at least two works and authoritative dictionaries have no exact headword,,f5f93531-649c-5603-940a-07aafbacb19a,,/Users/iktahana/Genji/pending/needs_reading/U+5C00-U+5CFF/ショウ争.json,1,
将仗,1,,,0,suspected_fragment,keep_pending,embedded evidence is insufficient for automatic rejection,,c5617bc9-78a4-5b62-b128-18db8d18bb51,,/Users/iktahana/Genji/pending/needs_reading/U+5C00-U+5CFF/ショウ仗.json,1,
将劔,1,,,0,suspected_fragment,keep_pending,embedded evidence is insufficient for automatic rejection,,3b1d41e0-ec73-59ad-b781-afab9ad8c1ba,,/Users/iktahana/Genji/pending/needs_reading/U+5C00-U+5CFF/ショウ劔.json,1,
将励,2,,,0,suspected_fragment,keep_pending,embedded evidence is insufficient for automatic rejection,,39b452bf-2881-5c75-973f-781824ef94fe,,/Users/iktahana/Genji/pending/needs_reading/U+5C00-U+5CFF/ショウ励.json,1,
将奮,2,,,0,suspected_fragment,keep_pending,embedded evidence is insufficient for automatic rejection,,a35e9b1a-3281-5a86-b355-ff194001b8e8,,/Users/iktahana/Genji/pending/needs_reading/U+5C00-U+5CFF/ショウ奮.json,1,
将已,1,,,0,suspected_fragment,keep_pending,embedded evidence is insufficient for automatic rejection,,3e8a3d3a-d916-5816-a00d-65301888fa73,,/Users/iktahana/Genji/pending/needs_reading/U+5C00-U+5CFF/ショウ已.json,1,
将撻,1,,,0,unmatched,keep_pending,no accepted complete-entry evidence,,1e8d4c2e-d3be-5b70-bb76-37d6fc04d2c0,,/Users/iktahana/Genji/pending/needs_reading/U+5C00-U+5CFF/ショウ撻.json,1,
将攀,1,,,0,suspected_fragment,keep_pending,embedded evidence is insufficient for automatic rejection,,b99c01f6-9e80-5b9f-ad32-9a7f9493c655,,/Users/iktahana/Genji/pending/needs_reading/U+5C00-U+5CFF/ショウ攀.json,1,
将救,1,,,0,suspected_fragment,keep_pending,embedded evidence is insufficient for automatic rejection,,57b90681-9a28-5e97-89d1-80a9ec3a8140,,/Users/iktahana/Genji/pending/needs_reading/U+5C00-U+5CFF/ショウ救.json,1,
将於,1,,,0,suspected_fragment,keep_pending,embedded evidence is insufficient for automatic rejection,,c9f0704b-469b-5b8e-81c8-eb695fde930f,,/Users/iktahana/Genji/pending/needs_reading/U+5C00-U+5CFF/ショウ於.json,1,
将殉,1,,,0,unmatched,keep_pending,no accepted complete-entry evidence,,cb14b8a6-da61-5c0b-a9a4-28f421446a4d,,/Users/iktahana/Genji/pending/needs_reading/U+5C00-U+5CFF/ショウ殉.json,1,
将焉,1,,,0,suspected_fragment,keep_pending,embedded evidence is insufficient for automatic rejection,,1952303b-4cb9-54ea-8af0-56d96758cac7,,/Users/iktahana/Genji/pending/needs_reading/U+5C00-U+5CFF/ショウ焉.json,1,
将維,4,,,0,suspected_fragment,reject_fragment,all occurrences are embedded across at least two works and authoritative dictionaries have no exact headword,,e9da09a2-7543-52fa-8c3b-8e551226cfd2,,/Users/iktahana/Genji/pending/needs_reading/U+5C00-U+5CFF/ショウ維.json,1,
将而,7,,,0,suspected_fragment,keep_pending,embedded evidence is insufficient for automatic rejection,,ce736769-070a-55da-a12f-ef4eb124d778,,/Users/iktahana/Genji/pending/needs_reading/U+5C00-U+5CFF/ショウ而.json,1,
将赴,1,,,0,suspected_fragment,keep_pending,embedded evidence is insufficient for automatic rejection,,dd280c22-7e68-53b7-97fa-02029a3496ed,,/Users/iktahana/Genji/pending/needs_reading/U+5C00-U+5CFF/ショウ赴.json,1,
将踏,1,,,0,suspected_fragment,keep_pending,embedded evidence is insufficient for automatic rejection,,1e341e92-f1a6-5cd0-ab34-9370ad7b4c1f,,/Users/iktahana/Genji/pending/needs_reading/U+5C00-U+5CFF/ショウ踏.json,1,
将逐,1,,,0,suspected_fragment,keep_pending,embedded evidence is insufficient for automatic rejection,,963db271-a823-5591-9b82-9fb59ea24320,,/Users/iktahana/Genji/pending/needs_reading/U+5C00-U+5CFF/ショウ逐.json,1,
将雙,1,,,0,unmatched,keep_pending,no accepted complete-entry evidence,,dc9aa019-e8d2-5864-9f94-7dc9c4cea1f6,,/Users/iktahana/Genji/pending/needs_reading/U+5C00-U+5CFF/ショウ雙.json,1,
将驀,1,,,0,suspected_fragment,keep_pending,embedded evidence is insufficient for automatic rejection,,8d7f69d1-0679-56d6-ac01-f2913d069b1b,,/Users/iktahana/Genji/pending/needs_reading/U+5C00-U+5CFF/ショウ驀.json,1,
尽如,1,,,0,unmatched,keep_pending,no accepted complete-entry evidence,,587739d4-21be-5813-a74e-7d4aed484130,,/Users/iktahana/Genji/pending/needs_reading/U+5C00-U+5CFF/ジン如.json,1,
尽焉,1,,,0,unmatched,keep_pending,no accepted complete-entry evidence,,34480d3c-e359-5817-aa3a-9c289633bd25,,/Users/iktahana/Genji/pending/needs_reading/U+5C00-U+5CFF/ジン焉.json,1,
尽矣,1,,,0,unmatched,keep_pending,no accepted complete-entry evidence,,4f0bd2d1-5a03-502d-b980-191a671b5154,,/Users/iktahana/Genji/pending/needs_reading/U+5C00-U+5CFF/ジン矣.json,1,
尽紛,1,,,0,suspected_fragment,keep_pending,embedded evidence is insufficient for automatic rejection,,a66a7e00-a554-58d6-b8bb-b4e120b61e58,,/Users/iktahana/Genji/pending/needs_reading/U+5C00-U+5CFF/ジン紛.json,1,
尽隨,1,,,0,suspected_fragment,keep_pending,embedded evidence is insufficient for automatic rejection,,9b28d555-38b4-5ee8-aa2f-607fd19e0bef,,/Users/iktahana/Genji/pending/needs_reading/U+5C00-U+5CFF/ジン隨.json,1,
専而,1,,,0,suspected_fragment,keep_pending,embedded evidence is insufficient for automatic rejection,,f2a7a9bf-d939-5809-89f0-8ba33ebd84fd,,/Users/iktahana/Genji/pending/needs_reading/U+5C00-U+5CFF/セン而.json,1,
属舍,1,,,0,suspected_fragment,keep_pending,embedded evidence is insufficient for automatic rejection,,5c896531-4771-52c8-b0cb-2262ac3ac4e1,,/Users/iktahana/Genji/pending/needs_reading/U+5C00-U+5CFF/ゾク舍.json,1,
属飮,1,,,0,unmatched,keep_pending,no accepted complete-entry evidence,,8963647a-5562-5126-ad68-deb0569ddf6c,,/Users/iktahana/Genji/pending/needs_reading/U+5C00-U+5CFF/ゾク飮.json,1,
届濟,1,,,0,suspected_fragment,keep_pending,embedded evidence is insufficient for automatic rejection,,1528e5f9-bb32-5f2e-93eb-2996ce95e358,,/Users/iktahana/Genji/pending/needs_reading/U+5C00-U+5CFF/トドケ濟.json,1,
尅,14,こく|コク,aozora_ruby,3,source_conflict,conflict,sources disagree on the complete-entry reading,,c265d672-58e6-56d6-bd0a-1cc80c6f048c,,/Users/iktahana/Genji/pending/needs_reading/U+5C00-U+5CFF/尅.json,1,
尅上,11,,,0,suspected_fragment,reject_fragment,all occurrences are embedded across at least two works and authoritative dictionaries have no exact headword,,729dba33-be09-55a1-bf6a-b500e3501e49,,/Users/iktahana/Genji/pending/needs_reading/U+5C00-U+5CFF/尅上.json,1,
小々,9,しょうしょう,aozora_ruby|jmdict|jmnedict,3,invalid_unicode,keep_pending,a source supplied a reading containing illegal characters,,0922bdf3-ac4b-5b87-a46a-ad70659d8de1,,/Users/iktahana/Genji/pending/needs_reading/U+5C00-U+5CFF/小々.json,1,
尖々,6,せんせん|とげとげ,aozora_ruby,5,invalid_unicode,keep_pending,a source supplied a reading containing illegal characters,,bbbe2c4b-af07-50d6-958c-4723fe6b81cf,,/Users/iktahana/Genji/pending/needs_reading/U+5C00-U+5CFF/尖々.json,1,
尖先,5,きっさき|とっさき,aozora_ruby,4,source_conflict,conflict,sources disagree on the complete-entry reading,,f6ce1f4e-8673-597e-8b4e-6d22dbfda983,,/Users/iktahana/Genji/pending/needs_reading/U+5C00-U+5CFF/尖先.json,1,
尖刀,5,きっさき|せんとう,aozora_ruby,2,source_conflict,conflict,sources disagree on the complete-entry reading,,5d0915e0-62e4-5e53-bb7b-bba1e7cf44b6,,/Users/iktahana/Genji/pending/needs_reading/U+5C00-U+5CFF/尖刀.json,1,
尖帽,9,せんばう|せんぼう,aozora_ruby,3,source_conflict,conflict,sources disagree on the complete-entry reading,,b093b047-bdba-5bff-a258-89b4d8ea40b1,,/Users/iktahana/Genji/pending/needs_reading/U+5C00-U+5CFF/尖帽.json,1,
尖弾,4,,,0,unmatched,keep_pending,no accepted complete-entry evidence,,7afc70ec-061a-5200-8f02-db1c0c22b294,,/Users/iktahana/Genji/pending/needs_reading/U+5C00-U+5CFF/尖弾.json,1,
尖柱,10,オベリスコス,aozora_ruby,1,suspected_fragment,keep_pending,at least one example contains an independent use,,c16a6a70-149c-53e8-a472-deaa92328841,,/Users/iktahana/Genji/pending/needs_reading/U+5C00-U+5CFF/尖柱.json,1,
尖波,4,,,0,unmatched,keep_pending,no accepted complete-entry evidence,,039a8992-b944-546c-a992-9f36baf32c99,,/Users/iktahana/Genji/pending/needs_reading/U+5C00-U+5CFF/尖波.json,1,
尖衝,9,,,0,suspected_fragment,keep_pending,embedded evidence is insufficient for automatic rejection,,664aa068-b8e6-530b-92d8-fadf98438d50,,/Users/iktahana/Genji/pending/needs_reading/U+5C00-U+5CFF/尖衝.json,1,
尠,36,すく|すくな|すくなか|すくの|すこ|ずく|まれ|スクナ,aozora_ruby,302,source_conflict,conflict,sources disagree on the complete-entry reading,,ebfb62a9-9bac-5e18-b470-020dee90c272,,/Users/iktahana/Genji/pending/needs_reading/U+5C00-U+5CFF/尠.json,1,
就其,6,,,0,suspected_fragment,reject_fragment,all occurrences are embedded across at least two works and authoritative dictionaries have no exact headword,,66dc8abd-f71c-5877-817e-5ebdacef7ace,,/Users/iktahana/Genji/pending/needs_reading/U+5C00-U+5CFF/就其.json,1,
局々,13,つぼね|つぼねつぼね|ところところ,aozora_ruby,9,source_conflict,conflict,sources disagree on the complete-entry reading,,7ce5f140-d449-54b3-8cab-2d4c1dd32cd6,,/Users/iktahana/Genji/pending/needs_reading/U+5C00-U+5CFF/局々.json,1,
屈居,5,かがん|くっきょ,aozora_ruby,3,source_conflict,conflict,sources disagree on the complete-entry reading,,34fe866f-cd78-5f40-92ed-c1e525e789d1,,/Users/iktahana/Genji/pending/needs_reading/U+5C00-U+5CFF/屈居.json,1,
屈木,7,,,0,unmatched,keep_pending,no accepted complete-entry evidence,,29982406-26ad-5d96-a19e-c7367b4f9fb6,,/Users/iktahana/Genji/pending/needs_reading/U+5C00-U+5CFF/屈木.json,1,
屈竟,113,くっきゃう|くっきょう|くつきやう|くつけう,aozora_ruby,69,source_conflict,conflict,sources disagree on the complete-entry reading,,37e564fe-de46-5831-a6f9-f22cb89c37fa,,/Users/iktahana/Genji/pending/needs_reading/U+5C00-U+5CFF/屈竟.json,1,
屈者,4,,,0,suspected_fragment,reject_fragment,all occurrences are embedded across at least two works and authoritative dictionaries have no exact headword,,6e4fa492-f0c3-56fe-ac5f-6fb6c5728fb7,,/Users/iktahana/Genji/pending/needs_reading/U+5C00-U+5CFF/屈者.json,1,
屈腰,5,かがみごし,aozora_ruby,5,suspected_fragment,keep_pending,at least one example contains an independent use,,edd59b56-b8f9-5f9e-a3bb-69e700dd93f6,,/Users/iktahana/Genji/pending/needs_reading/U+5C00-U+5CFF/屈腰.json,1,
屈静,4,,,0,suspected_fragment,keep_pending,embedded evidence is insufficient for automatic rejection,,e3df3186-4fb4-56c4-ae54-d9c9c5109db6,,/Users/iktahana/Genji/pending/needs_reading/U+5C00-U+5CFF/屈静.json,1,
屑々,9,けち|せつせつ,aozora_ruby,3,source_conflict,conflict,sources disagree on the complete-entry reading,,109c4e48-58eb-50fa-bc8e-47df9bf73b3b,,/Users/iktahana/Genji/pending/needs_reading/U+5C00-U+5CFF/屑々.json,1,
履仲,4,りちゅう,jmnedict,1,suspected_fragment,reject_fragment,all occurrences are embedded across at least two works and authoritative dictionaries have no exact headword,,c1a557de-8537-5f8a-aeee-754c4b5086d4,,/Users/iktahana/Genji/pending/needs_reading/U+5C00-U+5CFF/履仲.json,1,
履工,4,,,0,suspected_fragment,keep_pending,at least one example contains an independent use,,7726d996-6f08-58a2-a650-76bd5cee68be,,/Users/iktahana/Genji/pending/needs_reading/U+5C00-U+5CFF/履工.json,1,
履穿,11,,,0,suspected_fragment,reject_fragment,all occurrences are embedded across at least two works and authoritative dictionaries have no exact headword,,f0e098fa-098d-58be-908f-dc773eff094f,,/Users/iktahana/Genji/pending/needs_reading/U+5C00-U+5CFF/履穿.json,1,
履脱,13,くつぬ|くつぬぎ,aozora_ruby,5,source_conflict,conflict,sources disagree on the complete-entry reading,,66463d5b-87da-5fc3-990a-023a75808121,,/Users/iktahana/Genji/pending/needs_reading/U+5C00-U+5CFF/履脱.json,1,
履音,6,くつおと,aozora_ruby,3,suspected_fragment,keep_pending,at least one example contains an independent use,,b2255e44-e66e-5e60-ae96-a8b8fb672df2,,/Users/iktahana/Genji/pending/needs_reading/U+5C00-U+5CFF/履音.json,1,
岔水,33,,,0,suspected_fragment,reject_fragment,all occurrences are embedded across at least two works and authoritative dictionaries have no exact headword,,89358c2a-010a-51fc-9805-b5793f037343,,/Users/iktahana/Genji/pending/needs_reading/U+5C00-U+5CFF/岔水.json,1,
岩々,22,がんがん,aozora_ruby,2,suspected_fragment,keep_pending,at least one example contains an independent use,,ebcc41f5-7451-5269-9bb4-f86d2d9c5760,,/Users/iktahana/Genji/pending/needs_reading/U+5C00-U+5CFF/岩々.json,1,
岱,68,たい|たいざき,jmnedict,2,ambiguous,conflict,jmnedict has multiple applicable full-entry readings,,848ac900-7f10-5f70-be45-c97f204f19f1,,/Users/iktahana/Genji/pending/needs_reading/U+5C00-U+5CFF/岱.json,1,
岱水,9,たいすい,aozora_ruby,2,suspected_fragment,keep_pending,at least one example contains an independent use,,70ffac24-499f-5d01-b231-e76fd95a1394,,/Users/iktahana/Genji/pending/needs_reading/U+5C00-U+5CFF/岱水.json,1,
岸々,10,がんがん,aozora_ruby,5,suspected_fragment,keep_pending,at least one example contains an independent use,,32405f0f-5aba-5698-bdf9-a98541ee8b9b,,/Users/iktahana/Genji/pending/needs_reading/U+5C00-U+5CFF/岸々.json,1,
峠々,5,とうげとうげ,aozora_ruby,1,single_ruby,keep_pending,ruby occurs in only one distinct Aozora text file,,ef4aab73-4fb1-596f-a83d-34093567f65b,,/Users/iktahana/Genji/pending/needs_reading/U+5C00-U+5CFF/峠々.json,1,
峩,5,たか,aozora_ruby,1,suspected_fragment,keep_pending,single-character entries require individual review,,0460518b-1dec-5692-8c1c-aab6e027a6c2,,/Users/iktahana/Genji/pending/needs_reading/U+5C00-U+5CFF/峩.json,1,
峩斎,4,がさい,aozora_ruby,1,single_ruby,keep_pending,ruby occurs in only one distinct Aozora text file,,c65be8f9-5a69-5fc2-8847-395041829bd8,,/Users/iktahana/Genji/pending/needs_reading/U+5C00-U+5CFF/峩斎.json,1,
峭,26,けわし|そそ,aozora_ruby,2,source_conflict,conflict,sources disagree on the complete-entry reading,,52bd88c1-5672-508b-aeab-4cf78ee28407,,/Users/iktahana/Genji/pending/needs_reading/U+5C00-U+5CFF/峭.json,1,
峯々,42,みねみね,aozora_ruby,2,invalid_unicode,keep_pending,a source supplied a reading containing illegal characters,,e0e00587-46b1-5b9e-92a1-ec3dc7fe1038,,/Users/iktahana/Genji/pending/needs_reading/U+5C00-U+5CFF/峯々.json,1,
崕,82,がけ|きし,aozora_ruby|jmnedict,35,source_conflict,conflict,sources disagree on the complete-entry reading,,99503219-306f-5997-be31-23c48a89439d,,/Users/iktahana/Genji/pending/needs_reading/U+5D00-U+5DFF/崕.json,1,
崗子,38,おかこ,jmnedict,1,suspected_fragment,reject_fragment,all occurrences are embedded across at least two works and authoritative dictionaries have no exact headword,,daee7a4d-5798-574c-92e5-a7a83a926084,,/Users/iktahana/Genji/pending/needs_reading/U+5D00-U+5DFF/崗子.json,1,
崗本,9,おかもと,aozora_ruby|jmnedict,2,suspected_fragment,reject_fragment,all occurrences are embedded across at least two works and authoritative dictionaries have no exact headword,,a4cd1d13-e3d4-5ef4-b54a-6fb5b48b0d9a,,/Users/iktahana/Genji/pending/needs_reading/U+5D00-U+5DFF/崗本.json,1,
崛,10,,,0,suspected_fragment,keep_pending,single-character entries require individual review,,33aae3e7-368f-569c-83cc-881f50f86dd5,,/Users/iktahana/Genji/pending/needs_reading/U+5D00-U+5DFF/崛.json,1,
崩岩,5,,,0,unmatched,keep_pending,no accepted complete-entry evidence,,7de11b01-7ada-5425-aba3-f79c8464638b,,/Users/iktahana/Genji/pending/needs_reading/U+5D00-U+5DFF/崩岩.json,1,
崩崖,4,ナギ,aozora_ruby,1,suspected_fragment,keep_pending,at least one example contains an independent use,,8ed9ceb3-f9c9-51b5-81ba-d3c9b6293d9e,,/Users/iktahana/Genji/pending/needs_reading/U+5D00-U+5DFF/崩崖.json,1,
崩折,4,くずお|くずれお|くずを|くづほ|くづを,aozora_ruby,96,source_conflict,conflict,sources disagree on the complete-entry reading,,3d999d56-4115-5f62-aafd-22f7605d409c,,/Users/iktahana/Genji/pending/needs_reading/U+5D00-U+5DFF/崩折.json,1,
崩石,6,,,0,suspected_fragment,keep_pending,at least one example contains an independent use,,bd9f3598-c2cc-5cf3-b27e-5120bfe24e68,,/Users/iktahana/Genji/pending/needs_reading/U+5D00-U+5DFF/崩石.json,1,
崩薨,4,,,0,suspected_fragment,keep_pending,at least one example contains an independent use,,a6c8faf8-b77e-53c4-ac4b-c26c8622f47b,,/Users/iktahana/Genji/pending/needs_reading/U+5D00-U+5DFF/崩薨.json,1,
崩越,6,くずこし,jmnedict,1,suspected_fragment,keep_pending,at least one example contains an independent use,,2784a9f4-f957-5137-ad4d-80479e2006ff,,/Users/iktahana/Genji/pending/needs_reading/U+5D00-U+5DFF/崩越.json,1,
嵬,36,くわい|たかし,aozora_ruby,2,source_conflict,conflict,sources disagree on the complete-entry reading,,62e8e36c-0825-57c8-9c97-d087b384577f,,/Users/iktahana/Genji/pending/needs_reading/U+5D00-U+5DFF/嵬.json,1,
嵬気,4,かいき,aozora_ruby,1,suspected_fragment,keep_pending,at least one example contains an independent use,,51d223fb-a386-5865-9513-5c962bd31deb,,/Users/iktahana/Genji/pending/needs_reading/U+5D00-U+5DFF/嵬気.json,1,
嶂,10,あきら,jmnedict,1,suspected_fragment,keep_pending,single-character entries require individual review,,a55e75a7-4de0-56c4-a7a1-49779bcfa7bc,,/Users/iktahana/Genji/pending/needs_reading/U+5D00-U+5DFF/嶂.json,1,
嶂壁,9,,,0,suspected_fragment,keep_pending,at least one example contains an independent use,,6ebb4c60-acc5-5e2a-a46e-8b8a7985f013,,/Users/iktahana/Genji/pending/needs_reading/U+5D00-U+5DFF/嶂壁.json,1,
嶂山,4,,,0,suspected_fragment,reject_fragment,all occurrences are embedded across at least two works and authoritative dictionaries have no exact headword,,38544250-7357-5285-9d4f-46eeb155dc6f,,/Users/iktahana/Genji/pending/needs_reading/U+5D00-U+5DFF/嶂山.json,1,
嶂氏,5,,,0,suspected_fragment,reject_fragment,all occurrences are embedded across at least two works and authoritative dictionaries have no exact headword,,a1e309f7-d5a1-5d42-aa51-b673af394ab7,,/Users/iktahana/Genji/pending/needs_reading/U+5D00-U+5DFF/嶂氏.json,1,
嶄岩,10,ざんがん,aozora_ruby,6,suspected_fragment,keep_pending,at least one example contains an independent use,,faed69f1-d91a-5287-bb36-1e5c3024a1f7,,/Users/iktahana/Genji/pending/needs_reading/U+5D00-U+5DFF/嶄岩.json,1,
嶋々,5,,,0,suspected_fragment,keep_pending,at least one example contains an independent use,,b954da7b-08d4-5279-906c-a45e37168516,,/Users/iktahana/Genji/pending/needs_reading/U+5D00-U+5DFF/嶋々.json,1,
嶢,5,たかし,jmnedict,1,suspected_fragment,keep_pending,single-character entries require individual review,,4424c014-433a-57f3-917f-0dbea5205fcb,,/Users/iktahana/Genji/pending/needs_reading/U+5D00-U+5DFF/嶢.json,1,
嶮坂,6,けんばん,aozora_ruby,1,single_ruby,keep_pending,ruby occurs in only one distinct Aozora text file,,28376a80-94ad-53c4-ad97-3bfca41f2e58,,/Users/iktahana/Genji/pending/needs_reading/U+5D00-U+5DFF/嶮坂.json,1,
嶮山,22,けんざん,aozora_ruby|jmdict,8,suspected_fragment,keep_pending,at least one example contains an independent use,,1c335e5a-e528-5265-8867-04bfa97e3535,,/Users/iktahana/Genji/pending/needs_reading/U+5D00-U+5DFF/嶮山.json,1,
嶮要,12,けんよう,aozora_ruby,3,suspected_fragment,keep_pending,at least one example contains an independent use,,9e4244b1-a48a-5460-b0a3-e7931a3cd9eb,,/Users/iktahana/Genji/pending/needs_reading/U+5D00-U+5DFF/嶮要.json,1,
嶮道,4,けんどう,aozora_ruby,2,suspected_fragment,keep_pending,at least one example contains an independent use,,964aa1c7-d24f-5469-833a-f9dbbe6dde4d,,/Users/iktahana/Genji/pending/needs_reading/U+5D00-U+5DFF/嶮道.json,1,
嶷,35,ぎ,aozora_ruby,1,suspected_fragment,keep_pending,single-character entries require individual review,,3f0e4637-d008-5c37-aa2f-3d9f5b0b536d,,/Users/iktahana/Genji/pending/needs_reading/U+5D00-U+5DFF/嶷.json,1,
巉岩,11,ざんがん,aozora_ruby,6,suspected_fragment,keep_pending,at least one example contains an independent use,,498d489f-155e-54a2-83c1-49b5e7919276,,/Users/iktahana/Genji/pending/needs_reading/U+5D00-U+5DFF/巉岩.json,1,
巌々,6,がんがん,aozora_ruby,5,suspected_fragment,reject_fragment,all occurrences are embedded across at least two works and authoritative dictionaries have no exact headword,,ea7c1842-0976-52c0-bbc0-68d8f73cfb00,,/Users/iktahana/Genji/pending/needs_reading/U+5D00-U+5DFF/巌々.json,1,
巒,32,らん,aozora_ruby,2,suspected_fragment,keep_pending,single-character entries require individual review,,af28d9f3-c987-5293-a28a-ca4dfda9b98e,,/Users/iktahana/Genji/pending/needs_reading/U+5D00-U+5DFF/巒.json,1,
巒色,4,らんしょく,aozora_ruby,1,single_ruby,keep_pending,ruby occurs in only one distinct Aozora text file,,2532fa28-3d0b-5c94-96f1-d2cb2ca5e303,,/Users/iktahana/Genji/pending/needs_reading/U+5D00-U+5DFF/巒色.json,1,
川々,11,,,0,suspected_fragment,keep_pending,at least one example contains an independent use,,823715ad-7b45-5116-b528-454dbb306d5f,,/Users/iktahana/Genji/pending/needs_reading/U+5D00-U+5DFF/川々.json,1,
巧々,6,うまうま,aozora_ruby,5,invalid_unicode,keep_pending,a source supplied a reading containing illegal characters,,a81bcfe1-075f-5aa4-b0f4-785b4bd71be1,,/Users/iktahana/Genji/pending/needs_reading/U+5D00-U+5DFF/巧々.json,1,
已前,13,あと|いぜん|まへ,aozora_ruby|jmdict,6,source_conflict,conflict,sources disagree on the complete-entry reading,,64dd2b50-92a7-5147-8e4a-f5141b7767fc,,/Users/iktahana/Genji/pending/needs_reading/U+5D00-U+5DFF/已前.json,1,
已十,5,,,0,suspected_fragment,reject_fragment,all occurrences are embedded across at least two works and authoritative dictionaries have no exact headword,,7ce2648b-d6ff-5108-b2e0-93645645a439,,/Users/iktahana/Genji/pending/needs_reading/U+5D00-U+5DFF/已十.json,1,
已在,5,,,0,suspected_fragment,reject_fragment,all occurrences are embedded across at least two works and authoritative dictionaries have no exact headword,,a14c159a-3d29-5fdd-bf4f-612efb925bc1,,/Users/iktahana/Genji/pending/needs_reading/U+5D00-U+5DFF/已在.json,1,
已忘,5,,,0,suspected_fragment,reject_fragment,all occurrences are embedded across at least two works and authoritative dictionaries have no exact headword,,c031940a-de9f-5cc3-b10b-47009cbd1742,,/Users/iktahana/Genji/pending/needs_reading/U+5D00-U+5DFF/已忘.json,1,
已死,5,,,0,suspected_fragment,reject_fragment,all occurrences are embedded across at least two works and authoritative dictionaries have no exact headword,,701c6948-42ea-5358-aa18-2f818e93e40a,,/Users/iktahana/Genji/pending/needs_reading/U+5D00-U+5DFF/已死.json,1,
已殺,4,,,0,unmatched,keep_pending,no accepted complete-entry evidence,,7d27b419-7b7e-5bef-85c2-ff206af64f75,,/Users/iktahana/Genji/pending/needs_reading/U+5D00-U+5DFF/已殺.json,1,
已為,5,,,0,suspected_fragment,reject_fragment,all occurrences are embedded across at least two works and authoritative dictionaries have no exact headword,,69174f3c-2c82-5486-83e3-c6c298693e58,,/Users/iktahana/Genji/pending/needs_reading/U+5D00-U+5DFF/已為.json,1,
已百,4,,,0,suspected_fragment,reject_fragment,all occurrences are embedded across at least two works and authoritative dictionaries have no exact headword,,398bd682-85c5-57a4-85c5-93ee64a3a51a,,/Users/iktahana/Genji/pending/needs_reading/U+5D00-U+5DFF/已百.json,1,
已而,7,,,0,suspected_fragment,reject_fragment,all occurrences are embedded across at least two works and authoritative dictionaries have no exact headword,,85fcec6d-e50b-5ae2-9475-813d14ada891,,/Users/iktahana/Genji/pending/needs_reading/U+5D00-U+5DFF/已而.json,1,
已行,4,,,0,unmatched,keep_pending,no accepted complete-entry evidence,,b4dd37d7-dc26-5fd5-b639-575572054bf6,,/Users/iktahana/Genji/pending/needs_reading/U+5D00-U+5DFF/已行.json,1,
已見,5,,,0,suspected_fragment,reject_fragment,all occurrences are embedded across at least two works and authoritative dictionaries have no exact headword,,77fdbfb6-2ef8-5a6a-aa5a-756eda77cafb,,/Users/iktahana/Genji/pending/needs_reading/U+5D00-U+5DFF/已見.json,1,
已長,5,,,0,suspected_fragment,reject_fragment,all occurrences are embedded across at least two works and authoritative dictionaries have no exact headword,,a45e9750-01ad-5c1d-b289-10da2b435b94,,/Users/iktahana/Genji/pending/needs_reading/U+5D00-U+5DFF/已長.json,1,
巻々,29,,,0,unmatched,keep_pending,no accepted complete-entry evidence,,779b9377-0058-503c-8bcf-6a799684e509,,/Users/iktahana/Genji/pending/needs_reading/U+5D00-U+5DFF/巻々.json,1,
帯雙,1,,,0,suspected_fragment,keep_pending,embedded evidence is insufficient for automatic rejection,,506c8e8f-ecd1-5ee6-bfef-75d245a1df05,,/Users/iktahana/Genji/pending/needs_reading/U+5E00-U+5EFF/オビ雙.json,1,
廃祀,1,,,0,suspected_fragment,keep_pending,embedded evidence is insufficient for automatic rejection,,df554be4-0f47-59a4-9036-008d72775d65,,/Users/iktahana/Genji/pending/needs_reading/U+5E00-U+5EFF/ハイ祀.json,1,
廃菴,1,,,0,unmatched,keep_pending,no accepted complete-entry evidence,,57c9864d-2d99-5987-b63e-3b6f0818a509,,/Users/iktahana/Genji/pending/needs_reading/U+5E00-U+5EFF/ハイ菴.json,1,
廃衰,1,,,0,suspected_fragment,keep_pending,embedded evidence is insufficient for automatic rejection,,acc9cf2a-5b3a-5b24-9971-22f88068fd7d,,/Users/iktahana/Genji/pending/needs_reading/U+5E00-U+5EFF/ハイ衰.json,1,
帋,17,がみ,aozora_ruby,2,suspected_fragment,keep_pending,single-character entries require individual review,,d1d2d4b2-9c76-528d-a3b0-3a15f0150155,,/Users/iktahana/Genji/pending/needs_reading/U+5E00-U+5EFF/帋.json,1,
師々,17,,,0,suspected_fragment,keep_pending,at least one example contains an independent use,,248069f5-cf6a-52d5-b5b2-87dab972188c,,/Users/iktahana/Genji/pending/needs_reading/U+5E00-U+5EFF/師々.json,1,
帰也,4,,,0,suspected_fragment,keep_pending,embedded evidence is insufficient for automatic rejection,,dfe6a705-e565-5c07-8ad3-bce8404e4863,,/Users/iktahana/Genji/pending/needs_reading/U+5E00-U+5EFF/帰也.json,1,
帰于,7,,,0,suspected_fragment,reject_fragment,all occurrences are embedded across at least two works and authoritative dictionaries have no exact headword,,06a4f840-7bbc-5286-88e2-d8dc827a11e2,,/Users/iktahana/Genji/pending/needs_reading/U+5E00-U+5EFF/帰于.json,1,
帰仁,7,,,0,suspected_fragment,reject_fragment,all occurrences are embedded across at least two works and authoritative dictionaries have no exact headword,,7da3f5b3-51d4-5461-b4d1-e6ea130b9158,,/Users/iktahana/Genji/pending/needs_reading/U+5E00-U+5EFF/帰仁.json,1,
帰因,22,,,0,suspected_fragment,reject_fragment,all occurrences are embedded across at least two works and authoritative dictionaries have no exact headword,,2f49564b-30b9-5a64-9e6d-092a8a026533,,/Users/iktahana/Genji/pending/needs_reading/U+5E00-U+5EFF/帰因.json,1,
帰場,9,,,0,suspected_fragment,keep_pending,embedded evidence is insufficient for automatic rejection,,5429e3ee-f66d-5c1e-a77b-741a11e7a0d4,,/Users/iktahana/Genji/pending/needs_reading/U+5E00-U+5EFF/帰場.json,1,
帰妙,5,,,0,suspected_fragment,reject_fragment,all occurrences are embedded across at least two works and authoritative dictionaries have no exact headword,,f9acf2e3-2aed-5d2e-8aa1-fcd5d2ef5a50,,/Users/iktahana/Genji/pending/needs_reading/U+5E00-U+5EFF/帰妙.json,1,
帰役,6,,,0,unmatched,keep_pending,no accepted complete-entry evidence,,2f819fdb-7f23-5afe-acbd-93a4c16fc9a0,,/Users/iktahana/Genji/pending/needs_reading/U+5E00-U+5EFF/帰役.json,1,
帰後,11,,,0,suspected_fragment,keep_pending,at least one example contains an independent use,,28719419-9bed-5057-ab2f-8dc2d0b2b4e3,,/Users/iktahana/Genji/pending/needs_reading/U+5E00-U+5EFF/帰後.json,1,
帰掛,6,かえりが|かえりがけ,aozora_ruby,5,source_conflict,conflict,sources disagree on the complete-entry reading,,9c7a62ee-30da-5cf5-afc4-adb1e834c683,,/Users/iktahana/Genji/pending/needs_reading/U+5E00-U+5EFF/帰掛.json,1,
帰於,9,,,0,suspected_fragment,reject_fragment,all occurrences are embedded across at least two works and authoritative dictionaries have no exact headword,,cb0a0078-1bcd-5c79-9df8-5c64bc4cd2c1,,/Users/iktahana/Genji/pending/needs_reading/U+5E00-U+5EFF/帰於.json,1,
帰正,5,,,0,suspected_fragment,reject_fragment,all occurrences are embedded across at least two works and authoritative dictionaries have no exact headword,,631d0da9-f3a7-52f9-9f66-e4bb8e79d57a,,/Users/iktahana/Genji/pending/needs_reading/U+5E00-U+5EFF/帰正.json,1,
帰源,4,,,0,suspected_fragment,reject_fragment,all occurrences are embedded across at least two works and authoritative dictionaries have no exact headword,,4ef61580-17db-55a3-8c55-227a975e3610,,/Users/iktahana/Genji/pending/needs_reading/U+5E00-U+5EFF/帰源.json,1,
帰獄,4,,,0,suspected_fragment,keep_pending,embedded evidence is insufficient for automatic rejection,,6dc21cd0-ba49-5fac-b7cf-4ec7ef87399a,,/Users/iktahana/Genji/pending/needs_reading/U+5E00-U+5EFF/帰獄.json,1,
帰県,10,,,0,suspected_fragment,reject_fragment,all occurrences are embedded across at least two works and authoritative dictionaries have no exact headword,,69e2a2f4-709a-5b8b-adee-c70004007d51,,/Users/iktahana/Genji/pending/needs_reading/U+5E00-U+5EFF/帰県.json,1,
帰而,5,,,0,suspected_fragment,reject_fragment,all occurrences are embedded across at least two works and authoritative dictionaries have no exact headword,,6d7af55c-3f74-51c1-b70e-db21f6426e0b,,/Users/iktahana/Genji/pending/needs_reading/U+5E00-U+5EFF/帰而.json,1,
帰艇,4,,,0,suspected_fragment,keep_pending,at least one example contains an independent use,,da7e391b-5fc6-5c41-82f3-6a80381d0dbe,,/Users/iktahana/Genji/pending/needs_reading/U+5E00-U+5EFF/帰艇.json,1,
帰行,7,かへりゆ|きこう,aozora_ruby,2,source_conflict,conflict,sources disagree on the complete-entry reading,,eec5f043-e63d-5144-a97c-0027ff08812b,,/Users/iktahana/Genji/pending/needs_reading/U+5E00-U+5EFF/帰行.json,1,
帰西,4,,,0,suspected_fragment,reject_fragment,all occurrences are embedded across at least two works and authoritative dictionaries have no exact headword,,dea01a84-9634-5b0b-87b3-837f79934d33,,/Users/iktahana/Genji/pending/needs_reading/U+5E00-U+5EFF/帰西.json,1,
帰道,11,かえりみち,aozora_ruby,1,suspected_fragment,keep_pending,at least one example contains an independent use,,ed8fa203-28a6-561c-88db-08c3ccb06604,,/Users/iktahana/Genji/pending/needs_reading/U+5E00-U+5EFF/帰道.json,1,
幃,9,い|しんしつ|とばり|まく,aozora_ruby,7,source_conflict,conflict,sources disagree on the complete-entry reading,,78449635-5033-52c3-abde-51ce0d7b8ebf,,/Users/iktahana/Genji/pending/needs_reading/U+5E00-U+5EFF/幃.json,1,
幻々,4,,,0,suspected_fragment,keep_pending,at least one example contains an independent use,,feaf95d5-41d3-5fa4-b39c-283263e8a772,,/Users/iktahana/Genji/pending/needs_reading/U+5E00-U+5EFF/幻々.json,1,
幼々,18,ういうい,aozora_ruby,3,invalid_unicode,keep_pending,a source supplied a reading containing illegal characters,,c8e2ed4a-f60d-56d2-b511-b00198117496,,/Users/iktahana/Genji/pending/needs_reading/U+5E00-U+5EFF/幼々.json,1,
庖犠,4,,,0,suspected_fragment,keep_pending,at least one example contains an independent use,,c61308a7-00ab-5125-8be6-d7379839cf57,,/Users/iktahana/Genji/pending/needs_reading/U+5E00-U+5EFF/庖犠.json,1,
庭々,5,,,0,unmatched,keep_pending,no accepted complete-entry evidence,,fa1ab8f8-2eab-5c21-a61d-e087cb3c3f9e,,/Users/iktahana/Genji/pending/needs_reading/U+5E00-U+5EFF/庭々.json,1,
廛,4,,,0,suspected_fragment,keep_pending,single-character entries require individual review,,4a1c7d88-0af4-51a5-8e2b-0cf9ce1f4f38,,/Users/iktahana/Genji/pending/needs_reading/U+5E00-U+5EFF/廛.json,1,
廝,5,こもの,aozora_ruby,1,single_ruby,keep_pending,ruby occurs in only one distinct Aozora text file,,2439cc89-c7d7-577c-8a57-70ef5235ea7d,,/Users/iktahana/Genji/pending/needs_reading/U+5E00-U+5EFF/廝.json,1,
廡,4,ひさし,aozora_ruby,2,suspected_fragment,keep_pending,single-character entries require individual review,,14474d72-60ed-5da0-b592-e183371fdd57,,/Users/iktahana/Genji/pending/needs_reading/U+5E00-U+5EFF/廡.json,1,
弥弥那利,3,,,0,suspected_fragment,keep_pending,at least one example contains an independent use,,4466bd58-7f78-5bed-b671-67d060fa4ec1,,/Users/iktahana/Genji/pending/needs_reading/U+5F00-U+5FFF/イヨイヨ那利.json,1,
応兩,3,,,0,suspected_fragment,reject_fragment,all occurrences are embedded across at least two works and authoritative dictionaries have no exact headword,,440ef2a2-795b-5146-9a3d-c5af56dfce2f,,/Users/iktahana/Genji/pending/needs_reading/U+5F00-U+5FFF/オウ兩.json,1,
応奉,1,,,0,suspected_fragment,reject_fragment,all occurrences are embedded across at least two works and authoritative dictionaries have no exact headword,,e74a0872-96ec-5193-8c0b-8fd3e4c7b788,,/Users/iktahana/Genji/pending/needs_reading/U+5F00-U+5FFF/オウ奉.json,1,
応措,1,,,0,suspected_fragment,reject_fragment,all occurrences are embedded across at least two works and authoritative dictionaries have no exact headword,,e813a09d-2d67-5211-83cf-e44cc4086a89,,/Users/iktahana/Genji/pending/needs_reading/U+5F00-U+5FFF/オウ措.json,1,
応於,1,,,0,suspected_fragment,keep_pending,embedded evidence is insufficient for automatic rejection,,62f47eee-233b-5c22-8f93-44faff292908,,/Users/iktahana/Genji/pending/needs_reading/U+5F00-U+5FFF/オウ於.json,1,
応歸,4,,,0,suspected_fragment,reject_fragment,all occurrences are embedded across at least two works and authoritative dictionaries have no exact headword,,cb7c4f38-6f14-559a-9a3c-403a8407137f,,/Users/iktahana/Genji/pending/needs_reading/U+5F00-U+5FFF/オウ歸.json,1,
応淋,1,,,0,suspected_fragment,keep_pending,embedded evidence is insufficient for automatic rejection,,2f39734e-72d0-595d-809c-9284fb9ad9b8,,/Users/iktahana/Genji/pending/needs_reading/U+5F00-U+5FFF/オウ淋.json,1,
応訊,1,,,0,suspected_fragment,reject_fragment,all occurrences are embedded across at least two works and authoritative dictionaries have no exact headword,,27f02f67-ac3a-5906-9bf5-e1cfde86f6a1,,/Users/iktahana/Genji/pending/needs_reading/U+5F00-U+5FFF/オウ訊.json,1,
応逢,7,,,0,suspected_fragment,reject_fragment,all occurrences are embedded across at least two works and authoritative dictionaries have no exact headword,,cb7164f6-2980-547a-84c0-be1dcb44bdb9,,/Users/iktahana/Genji/pending/needs_reading/U+5F00-U+5FFF/オウ逢.json,1,
応遇,1,,,0,suspected_fragment,keep_pending,embedded evidence is insufficient for automatic rejection,,4a36325e-8d44-5c40-965f-6ca199abee12,,/Users/iktahana/Genji/pending/needs_reading/U+5F00-U+5FFF/オウ遇.json,1,
応麟,29,,,0,suspected_fragment,reject_fragment,all occurrences are embedded across at least two works and authoritative dictionaries have no exact headword,,4f87a4d9-1464-523d-af61-efdc2f33b3e2,,/Users/iktahana/Genji/pending/needs_reading/U+5F00-U+5FFF/オウ麟.json,1,
径磽,1,,,0,suspected_fragment,keep_pending,embedded evidence is insufficient for automatic rejection,,e4cebc75-2c22-59af-90b2-089ef2031672,,/Users/iktahana/Genji/pending/needs_reading/U+5F00-U+5FFF/ケイ磽.json,1,
従兩,2,,,0,unmatched,keep_pending,no accepted complete-entry evidence,,7964e8f7-136d-5a13-9b5e-f3380c721a3b,,/Users/iktahana/Genji/pending/needs_reading/U+5F00-U+5FFF/ジュウ兩.json,1,
従而,4,したがって|したがつて,aozora_ruby,25,source_conflict,conflict,sources disagree on the complete-entry reading,,8f77d5ca-3044-5d67-8b2c-457ae3e4a9f1,,/Users/iktahana/Genji/pending/needs_reading/U+5F00-U+5FFF/ジュウ而.json,1,
弾篋,2,,,0,suspected_fragment,keep_pending,embedded evidence is insufficient for automatic rejection,,f614afd5-c842-5edb-a1c4-7df9348dd66b,,/Users/iktahana/Genji/pending/needs_reading/U+5F00-U+5FFF/タマ篋.json,1,
弾訶,1,,,0,unmatched,keep_pending,no accepted complete-entry evidence,,6a2d1e1e-f16b-5b7f-98f3-43376c9d0c61,,/Users/iktahana/Genji/pending/needs_reading/U+5F00-U+5FFF/タマ訶.json,1,
弄品,4,おもちや|もちゃ,aozora_ruby,2,source_conflict,conflict,sources disagree on the complete-entry reading,,4270142e-a5e0-5455-9173-88db3407086e,,/Users/iktahana/Genji/pending/needs_reading/U+5F00-U+5FFF/弄品.json,1,
弄殺,4,なぶりごろ|ろうさつ,aozora_ruby,4,source_conflict,conflict,sources disagree on the complete-entry reading,,342902e0-59c3-5be6-a6e9-62fe7b72e8c8,,/Users/iktahana/Genji/pending/needs_reading/U+5F00-U+5FFF/弄殺.json,1,
弄気,5,,,0,suspected_fragment,reject_fragment,all occurrences are embedded across at least two works and authoritative dictionaries have no exact headword,,31c81fdd-ad8d-517d-b8d8-3ac2a839a009,,/Users/iktahana/Genji/pending/needs_reading/U+5F00-U+5FFF/弄気.json,1,
弉,15,,,0,suspected_fragment,keep_pending,single-character entries require individual review,,cb113829-0781-5a5a-92e8-7a3eb006e19a,,/Users/iktahana/Genji/pending/needs_reading/U+5F00-U+5FFF/弉.json,1,
弉三,7,,,0,suspected_fragment,reject_fragment,all occurrences are embedded across at least two works and authoritative dictionaries have no exact headword,,2f68aca9-bdba-593f-906c-84fbcc9fd9eb,,/Users/iktahana/Genji/pending/needs_reading/U+5F00-U+5FFF/弉三.json,1,
弉冊,5,,,0,suspected_fragment,reject_fragment,all occurrences are embedded across at least two works and authoritative dictionaries have no exact headword,,462a1bce-f0bb-5517-b8d7-301c8d3d3c29,,/Users/iktahana/Genji/pending/needs_reading/U+5F00-U+5FFF/弉冊.json,1,
弖,22,,,0,suspected_fragment,keep_pending,single-character entries require individual review,,a4c33440-c93e-5fcd-97db-c65144b7b5ad,,/Users/iktahana/Genji/pending/needs_reading/U+5F00-U+5FFF/弖.json,1,
弖爾,5,,,0,suspected_fragment,reject_fragment,all occurrences are embedded across at least two works and authoritative dictionaries have no exact headword,,1e667412-8715-59d1-898d-220b21a88ff4,,/Users/iktahana/Genji/pending/needs_reading/U+5F00-U+5FFF/弖爾.json,1,
弗也,5,ドルなり,aozora_ruby,1,suspected_fragment,keep_pending,at least one example contains an independent use,,0c861078-87f0-539b-8a86-1b6b4cd5c90c,,/Users/iktahana/Genji/pending/needs_reading/U+5F00-U+5FFF/弗也.json,1,
弗五,8,,,0,suspected_fragment,reject_fragment,all occurrences are embedded across at least two works and authoritative dictionaries have no exact headword,,daa99575-3970-599d-a2a5-b9dd24d2e904,,/Users/iktahana/Genji/pending/needs_reading/U+5F00-U+5FFF/弗五.json,1,
弗八,8,,,0,unmatched,keep_pending,no accepted complete-entry evidence,,b9faec3d-a9db-5f99-80c7-51fc48ac359e,,/Users/iktahana/Genji/pending/needs_reading/U+5F00-U+5FFF/弗八.json,1,
弗函,4,どるばこ|ドルばこ,aozora_ruby,3,source_conflict,conflict,sources disagree on the complete-entry reading,,5379e221-d251-51f2-ba88-8ed690088901,,/Users/iktahana/Genji/pending/needs_reading/U+5F00-U+5FFF/弗函.json,1,
弗利,92,,,0,suspected_fragment,reject_fragment,all occurrences are embedded across at least two works and authoritative dictionaries have no exact headword,,4197ab2e-edf0-5f5b-a8e6-2b145639659c,,/Users/iktahana/Genji/pending/needs_reading/U+5F00-U+5FFF/弗利.json,1,
弗半,4,,,0,suspected_fragment,keep_pending,at least one example contains an independent use,,4c984ed0-afa3-5d33-ae2c-5d28cc965997,,/Users/iktahana/Genji/pending/needs_reading/U+5F00-U+5FFF/弗半.json,1,
弗四,12,,,0,unmatched,keep_pending,no accepted complete-entry evidence,,3a74f540-ba79-573c-9464-ab194950e125,,/Users/iktahana/Genji/pending/needs_reading/U+5F00-U+5FFF/弗四.json,1,
弗如,4,,,0,suspected_fragment,reject_fragment,all occurrences are embedded across at least two works and authoritative dictionaries have no exact headword,,23b13d0f-ac6a-5986-b098-480afa285652,,/Users/iktahana/Genji/pending/needs_reading/U+5F00-U+5FFF/弗如.json,1,
弗擾,5,,,0,suspected_fragment,keep_pending,embedded evidence is insufficient for automatic rejection,,7dac5ac1-6649-5993-8120-fd129a339aba,,/Users/iktahana/Genji/pending/needs_reading/U+5F00-U+5FFF/弗擾.json,1,
弗羅,4,,,0,suspected_fragment,keep_pending,embedded evidence is insufficient for automatic rejection,,2bd6fa5b-6db8-5bd6-960f-2b89e867fa46,,/Users/iktahana/Genji/pending/needs_reading/U+5F00-U+5FFF/弗羅.json,1,
弾々,4,だんだん,aozora_ruby,2,suspected_fragment,reject_fragment,all occurrences are embedded across at least two works and authoritative dictionaries have no exact headword,,d6d72b9f-1f1b-5a09-b162-438a9d00ac0a,,/Users/iktahana/Genji/pending/needs_reading/U+5F00-U+5FFF/弾々.json,1,
彜,6,つね,aozora_ruby|jmnedict,2,suspected_fragment,keep_pending,single-character entries require individual review,,4d40f78d-4cd1-543c-bc86-52d9ea3e0182,,/Users/iktahana/Genji/pending/needs_reading/U+5F00-U+5FFF/彜.json,1,
彰々,4,,,0,unmatched,keep_pending,no accepted complete-entry evidence,,e3cfe8ac-adaa-5645-81c5-ad1983f4bcbf,,/Users/iktahana/Genji/pending/needs_reading/U+5F00-U+5FFF/彰々.json,1,
彳,279,ぎょうにんべん|た|たたず|たたずん|たゝ|たゝず|てき,aozora_ruby|jmdict,169,source_conflict,conflict,sources disagree on the complete-entry reading,,43f0c064-d2f2-5a2d-862f-11b48fcacf20,,/Users/iktahana/Genji/pending/needs_reading/U+5F00-U+5FFF/彳.json,1,
彳立,4,た|てきりつ,aozora_ruby,3,source_conflict,conflict,sources disagree on the complete-entry reading,,17276bef-f74a-5aaf-96f6-65a785566aef,,/Users/iktahana/Genji/pending/needs_reading/U+5F00-U+5FFF/彳立.json,1,
役々,74,えきえき|やくやく,aozora_ruby,3,invalid_unicode,keep_pending,a source supplied a reading containing illegal characters,,093a66f3-073c-5272-80b4-b4d1613520f9,,/Users/iktahana/Genji/pending/needs_reading/U+5F00-U+5FFF/役々.json,1,
往先,8,ゆきさき|ゆくさき,aozora_ruby,2,source_conflict,conflict,sources disagree on the complete-entry reading,,1b56b583-2ff5-5a0a-b22b-f7b7b7ee9b72,,/Users/iktahana/Genji/pending/needs_reading/U+5F00-U+5FFF/往先.json,1,
往則,4,,,0,suspected_fragment,keep_pending,embedded evidence is insufficient for automatic rejection,,ce7f87ef-9c44-5f76-a211-3a881ea8f8f9,,/Users/iktahana/Genji/pending/needs_reading/U+5F00-U+5FFF/往則.json,1,
往手,17,いくて|ゆくて,aozora_ruby,5,source_conflict,conflict,sources disagree on the complete-entry reading,,503a5663-cba5-52a5-a85b-8e4b7932a040,,/Users/iktahana/Genji/pending/needs_reading/U+5F00-U+5FFF/往手.json,1,
往方,4,ゆくて|ゆくへ,aozora_ruby,4,source_conflict,conflict,sources disagree on the complete-entry reading,,b7d24bbf-24b2-5418-bbda-3e35b4b2f1dc,,/Users/iktahana/Genji/pending/needs_reading/U+5F00-U+5FFF/往方.json,1,
往矣,5,,,0,suspected_fragment,reject_fragment,all occurrences are embedded across at least two works and authoritative dictionaries have no exact headword,,e15649e7-b036-5f63-9df2-18ff9f15d15f,,/Users/iktahana/Genji/pending/needs_reading/U+5F00-U+5FFF/往矣.json,1,
往通,4,ゆきか|ゆきかよ|ゆきかよひ,aozora_ruby,4,source_conflict,conflict,sources disagree on the complete-entry reading,,9c39ff75-6d51-59d6-8216-a10b3262427c,,/Users/iktahana/Genji/pending/needs_reading/U+5F00-U+5FFF/往通.json,1,
徂,13,い|ゆ|ゆく,aozora_ruby,8,source_conflict,conflict,sources disagree on the complete-entry reading,,43196561-44bd-504e-9a98-532f57b62f13,,/Users/iktahana/Genji/pending/needs_reading/U+5F00-U+5FFF/徂.json,1,
徃,183,い|ゆ,aozora_ruby,7,source_conflict,conflict,sources disagree on the complete-entry reading,,47f48b27-20f5-50ff-93c3-22cdd40170b0,,/Users/iktahana/Genji/pending/needs_reading/U+5F00-U+5FFF/徃.json,1,
徃々,8,おうおう,aozora_ruby,2,invalid_unicode,keep_pending,a source supplied a reading containing illegal characters,,ecb5836e-681e-5f29-acc1-f5a6e407894e,,/Users/iktahana/Genji/pending/needs_reading/U+5F00-U+5FFF/徃々.json,1,
徃左,6,,,0,suspected_fragment,reject_fragment,all occurrences are embedded across at least two works and authoritative dictionaries have no exact headword,,f33400aa-0315-5242-a052-b8116d27143c,,/Users/iktahana/Genji/pending/needs_reading/U+5F00-U+5FFF/徃左.json,1,
徃年,9,,,0,suspected_fragment,keep_pending,at least one example contains an independent use,,bb2fd469-2e2f-5cf3-b4ff-e3552ad19211,,/Users/iktahana/Genji/pending/needs_reading/U+5F00-U+5FFF/徃年.json,1,
徃復,14,わうふく,aozora_ruby,3,suspected_fragment,keep_pending,at least one example contains an independent use,,ff86edfa-57e4-5f22-8327-aeb7c6ff3e3e,,/Users/iktahana/Genji/pending/needs_reading/U+5F00-U+5FFF/徃復.json,1,
徃昔,7,おうせき|そのかみ,aozora_ruby,2,source_conflict,conflict,sources disagree on the complete-entry reading,,d50f4713-2d85-526e-b288-9afc3c310732,,/Users/iktahana/Genji/pending/needs_reading/U+5F00-U+5FFF/徃昔.json,1,
徃時,14,いんじ|そのかみ|むかし,aozora_ruby,4,source_conflict,conflict,sources disagree on the complete-entry reading,,12154f54-9952-58a2-aacb-8fc06b22e3c1,,/Users/iktahana/Genji/pending/needs_reading/U+5F00-U+5FFF/徃時.json,1,
徃来,12,ゆきき|ゆきゝ|わうらい,aozora_ruby,5,source_conflict,conflict,sources disagree on the complete-entry reading,,ed582390-6ba1-5691-8501-c9626b98f8a3,,/Users/iktahana/Genji/pending/needs_reading/U+5F00-U+5FFF/徃来.json,1,
徃生,14,わうじよう,aozora_ruby,1,suspected_fragment,keep_pending,at least one example contains an independent use,,5aca7acb-9c0e-5007-a435-3d7bef899790,,/Users/iktahana/Genji/pending/needs_reading/U+5F00-U+5FFF/徃生.json,1,
徃訪,50,,,0,suspected_fragment,reject_fragment,all occurrences are embedded across at least two works and authoritative dictionaries have no exact headword,,4279f532-804f-56b6-9c62-d6d140df0fb8,,/Users/iktahana/Genji/pending/needs_reading/U+5F00-U+5FFF/徃訪.json,1,
徇,17,したが|じゆん|とな|となう|ふ|ふれ|シタガ,aozora_ruby|jmnedict,13,source_conflict,conflict,sources disagree on the complete-entry reading,,41536cad-c39a-54e8-b34f-17082017a696,,/Users/iktahana/Genji/pending/needs_reading/U+5F00-U+5FFF/徇.json,1,
徊,37,さまよ|ていかい|ていくわい|はいくわい,aozora_ruby,21,source_conflict,conflict,sources disagree on the complete-entry reading,,91515748-0595-53a3-8e6e-14de55c661c3,,/Users/iktahana/Genji/pending/needs_reading/U+5F00-U+5FFF/徊.json,1,
徙,91,うつ|のぼ,aozora_ruby,16,source_conflict,conflict,sources disagree on the complete-entry reading,,e65a242b-c646-568a-b49f-f5668d5dcb4b,,/Users/iktahana/Genji/pending/needs_reading/U+5F00-U+5FFF/徙.json,1,
徠,4,き|く|らい,aozora_ruby|jmnedict,3,source_conflict,conflict,sources disagree on the complete-entry reading,,2fdc830c-e911-5bf6-8d91-f6bbce5f8320,,/Users/iktahana/Genji/pending/needs_reading/U+5F00-U+5FFF/徠.json,1,
徨,7,さま|さまよ,aozora_ruby,4,source_conflict,conflict,sources disagree on the complete-entry reading,,7cd79b2d-9a3b-57e8-a598-05c2957f0544,,/Users/iktahana/Genji/pending/needs_reading/U+5F00-U+5FFF/徨.json,1,
徼,5,,,0,suspected_fragment,keep_pending,single-character entries require individual review,,8f2f087b-ec4d-52ad-805d-dd792071d3ba,,/Users/iktahana/Genji/pending/needs_reading/U+5F00-U+5FFF/徼.json,1,
必々,4,,,0,suspected_fragment,keep_pending,embedded evidence is insufficient for automatic rejection,,96e18ceb-c5e4-59cd-b847-bf93f06e274c,,/Users/iktahana/Genji/pending/needs_reading/U+5F00-U+5FFF/必々.json,1,
忌々,22,いまいま|いみいみ|いめいめ|いめえま|いやいや|ゆゆ|ゆゝ,aozora_ruby,266,invalid_unicode,keep_pending,a source supplied a reading containing illegal characters,,64ec04a3-8da3-5b0a-a7e1-d19ebf235b3d,,/Users/iktahana/Genji/pending/needs_reading/U+5F00-U+5FFF/忌々.json,1,
忖,11,はか,aozora_ruby,9,suspected_fragment,keep_pending,single-character entries require individual review,,adeb2142-8a60-5609-93c7-8dafce9ab546,,/Users/iktahana/Genji/pending/needs_reading/U+5F00-U+5FFF/忖.json,1,
志々,13,,,0,suspected_fragment,reject_fragment,all occurrences are embedded across at least two works and authoritative dictionaries have no exact headword,,68cc7d28-a2f1-5230-90fd-22f433df5efb,,/Users/iktahana/Genji/pending/needs_reading/U+5F00-U+5FFF/志々.json,1,
忙敷,4,あわただし|いそがしき|いそがしく,aozora_ruby,3,source_conflict,conflict,sources disagree on the complete-entry reading,,0024e0b8-c964-5228-b41b-14fb444b6b5c,,/Users/iktahana/Genji/pending/needs_reading/U+5F00-U+5FFF/忙敷.json,1,
忙牙,10,,,0,suspected_fragment,keep_pending,embedded evidence is insufficient for automatic rejection,,fb4a8840-f462-506c-a81f-f17031e19e90,,/Users/iktahana/Genji/pending/needs_reading/U+5F00-U+5FFF/忙牙.json,1,
忠々,6,まめまめ,aozora_ruby,2,invalid_unicode,keep_pending,a source supplied a reading containing illegal characters,,401f2692-5825-515c-8847-954bf83adc95,,/Users/iktahana/Genji/pending/needs_reading/U+5F00-U+5FFF/忠々.json,1,
忤,20,ご|さか|さから|さかろ|たが|もと,aozora_ruby,22,source_conflict,conflict,sources disagree on the complete-entry reading,,4840f5d5-1250-5e1d-8abb-10dbdf22fa89,,/Users/iktahana/Genji/pending/needs_reading/U+5F00-U+5FFF/忤.json,1,
快々,11,いゝ,aozora_ruby,1,suspected_fragment,reject_fragment,all occurrences are embedded across at least two works and authoritative dictionaries have no exact headword,,9b227b98-a0c3-574e-93de-4fb7f5310f11,,/Users/iktahana/Genji/pending/needs_reading/U+5F00-U+5FFF/快々.json,1,
忸,12,じく|な|なれ,aozora_ruby,7,source_conflict,conflict,sources disagree on the complete-entry reading,,e7dc4a4e-ce6f-5c55-af54-4d7fec5013a4,,/Users/iktahana/Genji/pending/needs_reading/U+5F00-U+5FFF/忸.json,1,
忸々,25,なれなれ,aozora_ruby,10,invalid_unicode,keep_pending,a source supplied a reading containing illegal characters,,b65c24b1-4460-5ac7-8bba-982d1eebd922,,/Users/iktahana/Genji/pending/needs_reading/U+5F00-U+5FFF/忸々.json,1,
忻,4,よろこ,aozora_ruby,4,suspected_fragment,keep_pending,single-character entries require individual review,,ffa768a1-2936-530f-85dd-2ae350cc7861,,/Users/iktahana/Genji/pending/needs_reading/U+5F00-U+5FFF/忻.json,1,
忿々,6,ふんぷん,aozora_ruby,3,invalid_unicode,keep_pending,a source supplied a reading containing illegal characters,,ae4d22f0-636a-5767-bec9-3705243cfc68,,/Users/iktahana/Genji/pending/needs_reading/U+5F00-U+5FFF/忿々.json,1,
怎,440,いか|ど|どう,aozora_ruby,34,source_conflict,conflict,sources disagree on the complete-entry reading,,59205853-9182-5748-8619-a358f7ecf222,,/Users/iktahana/Genji/pending/needs_reading/U+6000-U+60FF/怎.json,1,
怎那,6,どんな,aozora_ruby,1,suspected_fragment,keep_pending,embedded evidence is insufficient for automatic rejection,,eff11ef6-7557-57a7-be05-6f2b67e1113b,,/Users/iktahana/Genji/pending/needs_reading/U+6000-U+60FF/怎那.json,1,
怎麼,34,いか|いかん,aozora_ruby,2,source_conflict,conflict,sources disagree on the complete-entry reading,,a6cc9e97-6f95-53ce-8bf3-476b4d701895,,/Users/iktahana/Genji/pending/needs_reading/U+6000-U+60FF/怎麼.json,1,
怕々,10,こわごわ,aozora_ruby,5,invalid_unicode,keep_pending,a source supplied a reading containing illegal characters,,da183786-03b2-5582-b0bd-b744426fc331,,/Users/iktahana/Genji/pending/needs_reading/U+6000-U+60FF/怕々.json,1,
怛,7,つね,aozora_ruby,1,suspected_fragment,keep_pending,single-character entries require individual review,,13d12c8d-f1f3-59f0-8b87-fea30e6812b4,,/Users/iktahana/Genji/pending/needs_reading/U+6000-U+60FF/怛.json,1,
怛羅,6,,,0,suspected_fragment,reject_fragment,all occurrences are embedded across at least two works and authoritative dictionaries have no exact headword,,79a9ad28-ac92-5332-9bb6-a0ae9ce1e252,,/Users/iktahana/Genji/pending/needs_reading/U+6000-U+60FF/怛羅.json,1,
急々,29,せかせか|そわそわ|つかつか,aozora_ruby,7,invalid_unicode,keep_pending,a source supplied a reading containing illegal characters,,e437e27a-1f21-5d35-8e24-467f3b16e710,,/Users/iktahana/Genji/pending/needs_reading/U+6000-U+60FF/急々.json,1,
怫,4,ふつ|ぶつ|むっ|むつ,aozora_ruby,5,source_conflict,conflict,sources disagree on the complete-entry reading,,67ea6fda-6eb7-57e7-ab4d-119881922672,,/Users/iktahana/Genji/pending/needs_reading/U+6000-U+60FF/怫.json,1,
怯々,25,おずおず|おどおど|きょうきょう|びくびく,aozora_ruby,13,invalid_unicode,keep_pending,a source supplied a reading containing illegal characters,,a6da3493-e7ea-5c8c-b858-53576f4550ca,,/Users/iktahana/Genji/pending/needs_reading/U+6000-U+60FF/怯々.json,1,
怺,98,こら|たま,aozora_ruby,204,source_conflict,conflict,sources disagree on the complete-entry reading,,d5ee0bc7-a27a-50d6-9a6e-e668c56faabd,,/Users/iktahana/Genji/pending/needs_reading/U+6000-U+60FF/怺.json,1,
恁,227,か|かう|かか|かく|かゝ|こ|こう|こん|どう|もた|よ,aozora_ruby,189,source_conflict,conflict,sources disagree on the complete-entry reading,,449351a2-90c4-580c-aa6e-d0448d5cc707,,/Users/iktahana/Genji/pending/needs_reading/U+6000-U+60FF/恁.json,1,
恁事,4,,,0,unmatched,keep_pending,no accepted complete-entry evidence,,1a9c376e-9ae9-5250-b41e-fd89daa0cdfc,,/Users/iktahana/Genji/pending/needs_reading/U+6000-U+60FF/恁事.json,1,
恁云,23,かうい,aozora_ruby,2,suspected_fragment,reject_fragment,all occurrences are embedded across at least two works and authoritative dictionaries have no exact headword,,e04a4a78-ce41-5716-9d3f-9dfcec8564e2,,/Users/iktahana/Genji/pending/needs_reading/U+6000-U+60FF/恁云.json,1,
恁那,72,こんな,aozora_ruby,1,suspected_fragment,keep_pending,at least one example contains an independent use,,b98167f2-3381-5faf-a502-44ea47a56fd1,,/Users/iktahana/Genji/pending/needs_reading/U+6000-U+60FF/恁那.json,1,
恚,14,いか|はらだ|イカリ,aozora_ruby,10,source_conflict,conflict,sources disagree on the complete-entry reading,,936cdb01-8704-5f1a-b9e0-49334f0e2aff,,/Users/iktahana/Genji/pending/needs_reading/U+6000-U+60FF/恚.json,1,
恟,296,お|おび|きっ|きょう|ぎく|ぎょ|ぎょっ|ぎよ|すく|びく|びっ|びっく|びつく|びッ,aozora_ruby,81,source_conflict,conflict,sources disagree on the complete-entry reading,,6f4d5f45-0abb-519d-8179-37d530ed56c5,,/Users/iktahana/Genji/pending/needs_reading/U+6000-U+60FF/恟.json,1,
恫,6,,,0,suspected_fragment,keep_pending,single-character entries require individual review,,a62ccb77-931e-53a7-bf4e-0b214be18731,,/Users/iktahana/Genji/pending/needs_reading/U+6000-U+60FF/恫.json,1,
恬又,4,,,0,suspected_fragment,reject_fragment,all occurrences are embedded across at least two works and authoritative dictionaries have no exact headword,,10287591-38ef-561b-a55c-2e29638ac40e,,/Users/iktahana/Genji/pending/needs_reading/U+6000-U+60FF/恬又.json,1,
恬廷,6,,,0,suspected_fragment,keep_pending,embedded evidence is insufficient for automatic rejection,,6ba5e92b-fff6-5f86-a37e-ff990a0c3e75,,/Users/iktahana/Genji/pending/needs_reading/U+6000-U+60FF/恬廷.json,1,
恭々,145,うやうや,aozora_ruby,33,invalid_unicode,keep_pending,a source supplied a reading containing illegal characters,,ba7e956d-c9dd-519b-9157-0921c8aa5415,,/Users/iktahana/Genji/pending/needs_reading/U+6000-U+60FF/恭々.json,1,
恰形,5,かくこう|かっこう,aozora_ruby,2,source_conflict,conflict,sources disagree on the complete-entry reading,,40329ac1-9edf-5e39-bf4e-8da7a96f3497,,/Users/iktahana/Genji/pending/needs_reading/U+6000-U+60FF/恰形.json,1,
恰是,8,,,0,suspected_fragment,reject_fragment,all occurrences are embedded across at least two works and authoritative dictionaries have no exact headword,,10626853-19a9-565b-bc5d-426791f30585,,/Users/iktahana/Genji/pending/needs_reading/U+6000-U+60FF/恰是.json,1,
恰腹,4,かっぷく,aozora_ruby,3,suspected_fragment,keep_pending,at least one example contains an independent use,,44582263-6dce-51c3-87b0-0f248a1b7e53,,/Users/iktahana/Genji/pending/needs_reading/U+6000-U+60FF/恰腹.json,1,
悃,5,こま|まこと,aozora_ruby|jmnedict,3,source_conflict,conflict,sources disagree on the complete-entry reading,,52c702e0-65f0-595b-9cb3-9deadd3be1b1,,/Users/iktahana/Genji/pending/needs_reading/U+6000-U+60FF/悃.json,1,
悉々,5,ことごと,aozora_ruby,2,invalid_unicode,keep_pending,a source supplied a reading containing illegal characters,,28695483-5ee0-5e5a-9fc5-d7ec4d0811ba,,/Users/iktahana/Genji/pending/needs_reading/U+6000-U+60FF/悉々.json,1,
悒,25,いぶ|いぶせ|うっ|わび,aozora_ruby,7,source_conflict,conflict,sources disagree on the complete-entry reading,,eb70cdfe-8096-59b2-882f-c836c9919734,,/Users/iktahana/Genji/pending/needs_reading/U+6000-U+60FF/悒.json,1,
悚,50,おび|すく|ぞっ|ぞつ|ふるひ,aozora_ruby,21,source_conflict,conflict,sources disagree on the complete-entry reading,,57c22deb-2ee5-57d5-8ed3-c5e15abc56ab,,/Users/iktahana/Genji/pending/needs_reading/U+6000-U+60FF/悚.json,1,
悚気,5,ぞっ|ぞつ|ぞツ,aozora_ruby,5,source_conflict,conflict,sources disagree on the complete-entry reading,,6dff0e1f-1485-5ac0-b7f0-9169311bc93f,,/Users/iktahana/Genji/pending/needs_reading/U+6000-U+60FF/悚気.json,1,
悧,14,かし|さか,aozora_ruby,3,source_conflict,conflict,sources disagree on the complete-entry reading,,2dc50a1b-2140-5b00-83da-2449a64f9325,,/Users/iktahana/Genji/pending/needs_reading/U+6000-U+60FF/悧.json,1,
悧好,15,りかう|りこう,aozora_ruby,4,source_conflict,conflict,sources disagree on the complete-entry reading,,75087eee-e873-5a56-81b5-5b29ba3c183d,,/Users/iktahana/Genji/pending/needs_reading/U+6000-U+60FF/悧好.json,1,
悧溌,12,りはつ,aozora_ruby,5,suspected_fragment,reject_fragment,all occurrences are embedded across at least two works and authoritative dictionaries have no exact headword,,6e6c5239-7f2e-5c2b-9f74-c5f7b2973452,,/Users/iktahana/Genji/pending/needs_reading/U+6000-U+60FF/悧溌.json,1,
悧発,49,りこう|りはつ,aozora_ruby|jmdict,17,source_conflict,conflict,sources disagree on the complete-entry reading,,a23e814a-be65-52dc-ba22-22062bb8feb5,,/Users/iktahana/Genji/pending/needs_reading/U+6000-U+60FF/悧発.json,1,
悩即,5,,,0,suspected_fragment,reject_fragment,all occurrences are embedded across at least two works and authoritative dictionaries have no exact headword,,7e7d77b4-cd02-55be-b771-4c55324d2b00,,/Users/iktahana/Genji/pending/needs_reading/U+6000-U+60FF/悩即.json,1,
悶心,4,,,0,suspected_fragment,reject_fragment,all occurrences are embedded across at least two works and authoritative dictionaries have no exact headword,,2ff78420-d487-5112-b60b-69ed6dc9ee97,,/Users/iktahana/Genji/pending/needs_reading/U+6000-U+60FF/悶心.json,1,
悶掻,17,もが|もがい|もがき,aozora_ruby,21,source_conflict,conflict,sources disagree on the complete-entry reading,,3c7e9a49-45b0-5536-8912-e6bafa564eb6,,/Users/iktahana/Genji/pending/needs_reading/U+6000-U+60FF/悶掻.json,1,
悸々,15,おどおど|どきどき|びくびく,aozora_ruby,4,invalid_unicode,keep_pending,a source supplied a reading containing illegal characters,,63e34d6c-7d87-51f0-8396-205c6dd32157,,/Users/iktahana/Genji/pending/needs_reading/U+6000-U+60FF/悸々.json,1,
惑信,7,わくしん,aozora_ruby,1,single_ruby,keep_pending,ruby occurs in only one distinct Aozora text file,,271598a3-6f66-5662-9545-120115378c32,,/Users/iktahana/Genji/pending/needs_reading/U+6000-U+60FF/惑信.json,1,
惑情,6,わくじょう,aozora_ruby,1,suspected_fragment,keep_pending,at least one example contains an independent use,,11b8c196-d00e-57cb-86b5-ec7f26c850a3,,/Users/iktahana/Genji/pending/needs_reading/U+6000-U+60FF/惑情.json,1,
惑談,4,,,0,suspected_fragment,reject_fragment,all occurrences are embedded across at least two works and authoritative dictionaries have no exact headword,,c3e4810a-6048-5a0d-9a65-15c0d8dbbf47,,/Users/iktahana/Genji/pending/needs_reading/U+6000-U+60FF/惑談.json,1,
惘,4,あき|し|ぼう|ぼっ,aozora_ruby,38,source_conflict,conflict,sources disagree on the complete-entry reading,,9ebaaed5-237c-5714-8c38-8aa693c39897,,/Users/iktahana/Genji/pending/needs_reading/U+6000-U+60FF/惘.json,1,
惚々,66,ほれぼれ,aozora_ruby,33,invalid_unicode,keep_pending,a source supplied a reading containing illegal characters,,77439afc-b969-56d0-b8a7-bf3fe569c7fe,,/Users/iktahana/Genji/pending/needs_reading/U+6000-U+60FF/惚々.json,1,
惨々,15,いたいた|さんさん|さんざん,aozora_ruby,5,source_conflict,conflict,sources disagree on the complete-entry reading,,68a3f8a2-077f-5e24-b5e0-edbd951446d0,,/Users/iktahana/Genji/pending/needs_reading/U+6000-U+60FF/惨々.json,1,
惴,5,おそれ|はじ|はや,aozora_ruby,3,source_conflict,conflict,sources disagree on the complete-entry reading,,4a910f18-c391-5210-bf21-8c498ea8124c,,/Users/iktahana/Genji/pending/needs_reading/U+6000-U+60FF/惴.json,1,
惶々,4,くわうくわう,aozora_ruby,1,invalid_unicode,keep_pending,a source supplied a reading containing illegal characters,,7f55a9c1-0551-510a-9fcc-c2fb07b41717,,/Users/iktahana/Genji/pending/needs_reading/U+6000-U+60FF/惶々.json,1,
惶誠,5,,,0,suspected_fragment,reject_fragment,all occurrences are embedded across at least two works and authoritative dictionaries have no exact headword,,dd55a3c4-515b-5da2-a647-4ce38ce1070c,,/Users/iktahana/Genji/pending/needs_reading/U+6000-U+60FF/惶誠.json,1,
慎恚,2,しんい,aozora_ruby,1,suspected_fragment,keep_pending,at least one example contains an independent use,,4a732903-a745-58cb-9565-0e5599f5264d,,/Users/iktahana/Genji/pending/needs_reading/U+6100-U+61FF/シン恚.json,1,
懐而,1,,,0,suspected_fragment,keep_pending,embedded evidence is insufficient for automatic rejection,,061f51e9-a4f4-5f3d-9f55-a4b50023cc3a,,/Users/iktahana/Genji/pending/needs_reading/U+6100-U+61FF/フトコロ而.json,1,
愁々,10,しゅうしゅう,aozora_ruby,1,single_ruby,keep_pending,ruby occurs in only one distinct Aozora text file,,5bdc4fbf-fca4-56f8-8150-2c1a3fe2c027,,/Users/iktahana/Genji/pending/needs_reading/U+6100-U+61FF/愁々.json,1,
愆,23,あやま|あやまり|とが|アヤマ,aozora_ruby,13,source_conflict,conflict,sources disagree on the complete-entry reading,,fdb2219f-2906-5e9f-bbfb-06a24a6df9be,,/Users/iktahana/Genji/pending/needs_reading/U+6100-U+61FF/愆.json,1,
愛々,15,あいあい|めめ|らら,aozora_ruby|jmnedict,4,invalid_unicode,keep_pending,a source supplied a reading containing illegal characters,,09c98355-9013-5b28-a4fc-31332dd2230d,,/Users/iktahana/Genji/pending/needs_reading/U+6100-U+61FF/愛々.json,1,
愡,7,,,0,suspected_fragment,keep_pending,single-character entries require individual review,,907fe14e-0d2c-5230-90ca-ab6ea24619f9,,/Users/iktahana/Genji/pending/needs_reading/U+6100-U+61FF/愡.json,1,
愬,82,うった|うつ|うつた|うつたへ,aozora_ruby,36,source_conflict,conflict,sources disagree on the complete-entry reading,,8ac2a860-6389-54fe-819f-1912dc47d7b3,,/Users/iktahana/Genji/pending/needs_reading/U+6100-U+61FF/愬.json,1,
愴惶,24,さうくわう|そうこう|ソウコウ,aozora_ruby,14,source_conflict,conflict,sources disagree on the complete-entry reading,,18f3ef31-02f9-5d4a-bc19-a20c4cd811c9,,/Users/iktahana/Genji/pending/needs_reading/U+6100-U+61FF/愴惶.json,1,
愾,4,,,0,suspected_fragment,keep_pending,single-character entries require individual review,,d72314b3-a416-538a-b91b-998e4637062e,,/Users/iktahana/Genji/pending/needs_reading/U+6100-U+61FF/愾.json,1,
慂,7,そゝ|の,aozora_ruby,2,source_conflict,conflict,sources disagree on the complete-entry reading,,05adb659-b72f-5fe4-affe-1deffaafa72b,,/Users/iktahana/Genji/pending/needs_reading/U+6100-U+61FF/慂.json,1,
慄悍,4,ひょうかん,aozora_ruby,3,suspected_fragment,reject_fragment,all occurrences are embedded across at least two works and authoritative dictionaries have no exact headword,,4c4242f6-7d4f-58c0-8b4f-85c015d85be6,,/Users/iktahana/Genji/pending/needs_reading/U+6100-U+61FF/慄悍.json,1,
慄毛,6,おぞけ|おぞげ|そうけ|そうげ,aozora_ruby,5,source_conflict,conflict,sources disagree on the complete-entry reading,,2078a2cc-ef35-5be7-9674-2ea3b6f84c06,,/Users/iktahana/Genji/pending/needs_reading/U+6100-U+61FF/慄毛.json,1,
慇,4,ねもごろ|ねんご,aozora_ruby,3,source_conflict,conflict,sources disagree on the complete-entry reading,,35fe078f-137d-56f0-8704-184d854ad921,,/Users/iktahana/Genji/pending/needs_reading/U+6100-U+61FF/慇.json,1,
慊,49,あ|あき|あきた|あきたら|あきたらな|いや|こころよ|こころよし|こゝろよ,aozora_ruby,80,source_conflict,conflict,sources disagree on the complete-entry reading,,d1241408-9f53-52bb-a9ae-315d69942ebf,,/Users/iktahana/Genji/pending/needs_reading/U+6100-U+61FF/慊.json,1,
慍,54,いか|いかり|いきどお|いきどほ|うら|おこ|おん,aozora_ruby,35,source_conflict,conflict,sources disagree on the complete-entry reading,,80817b90-0d0b-52bc-a3de-f8ef1035abf9,,/Users/iktahana/Genji/pending/needs_reading/U+6100-U+61FF/慍.json,1,
慓,7,ふる,aozora_ruby,2,suspected_fragment,keep_pending,single-character entries require individual review,,7fad2e09-ad2c-5ecb-81ff-a3a44f553e8e,,/Users/iktahana/Genji/pending/needs_reading/U+6100-U+61FF/慓.json,1,
慕府,4,,,0,suspected_fragment,reject_fragment,all occurrences are embedded across at least two works and authoritative dictionaries have no exact headword,,0e8298da-199d-5537-9744-e6fba749a1f0,,/Users/iktahana/Genji/pending/needs_reading/U+6100-U+61FF/慕府.json,1,
慕念,4,ぼねん,aozora_ruby,1,suspected_fragment,reject_fragment,all occurrences are embedded across at least two works and authoritative dictionaries have no exact headword,,d4e58a50-8ceb-5e91-8e78-9a3d4ce48563,,/Users/iktahana/Genji/pending/needs_reading/U+6100-U+61FF/慕念.json,1,
慕蓉,38,ぼよう,aozora_ruby,1,suspected_fragment,keep_pending,at least one example contains an independent use,,7e978c39-0322-5d67-8be8-cf483aa4e113,,/Users/iktahana/Genji/pending/needs_reading/U+6100-U+61FF/慕蓉.json,1,
慕郷,4,ぼきょう,aozora_ruby,3,suspected_fragment,reject_fragment,all occurrences are embedded across at least two works and authoritative dictionaries have no exact headword,,06cc983e-68ba-5082-aea4-4c11d2be8ea9,,/Users/iktahana/Genji/pending/needs_reading/U+6100-U+61FF/慕郷.json,1,
慚,59,は|はじ|はづか|やさ|やさし,aozora_ruby,35,source_conflict,conflict,sources disagree on the complete-entry reading,,ab27879f-0498-589e-9848-b10b105ee0e2,,/Users/iktahana/Genji/pending/needs_reading/U+6100-U+61FF/慚.json,1,
慚死,10,ざんし,aozora_ruby|jmdict,4,suspected_fragment,reject_fragment,all occurrences are embedded across at least two works and authoritative dictionaries have no exact headword,,855cbac2-962c-5d42-a997-5319ea2a3976,,/Users/iktahana/Genji/pending/needs_reading/U+6100-U+61FF/慚死.json,1,
慝,13,かく,aozora_ruby,4,suspected_fragment,keep_pending,single-character entries require individual review,,bf1ef166-da3f-5be2-937f-da68935ea63b,,/Users/iktahana/Genji/pending/needs_reading/U+6100-U+61FF/慝.json,1,
慝名,5,かくしな,aozora_ruby,1,invalid_unicode,keep_pending,a source supplied a reading containing illegal characters,,ec615045-a1cb-559e-97f2-c30d0b118a15,,/Users/iktahana/Genji/pending/needs_reading/U+6100-U+61FF/慝名.json,1,
慣々,16,なれなれ,aozora_ruby,3,invalid_unicode,keep_pending,a source supplied a reading containing illegal characters,,6f7aa974-e9a8-53b6-947a-00b7dd9e2c13,,/Users/iktahana/Genji/pending/needs_reading/U+6100-U+61FF/慣々.json,1,
慫,4,すす|すゝ,aozora_ruby,4,source_conflict,conflict,sources disagree on the complete-entry reading,,9f83611a-86d4-579b-afee-a50dacb5ab7b,,/Users/iktahana/Genji/pending/needs_reading/U+6100-U+61FF/慫.json,1,
慮的,8,,,0,suspected_fragment,keep_pending,embedded evidence is insufficient for automatic rejection,,a73fad66-3b14-5c9a-be6e-e8a57eba780a,,/Users/iktahana/Genji/pending/needs_reading/U+6100-U+61FF/慮的.json,1,
慮院,4,,,0,suspected_fragment,keep_pending,embedded evidence is insufficient for automatic rejection,,f0be577f-810a-5eb2-a279-b646d360113c,,/Users/iktahana/Genji/pending/needs_reading/U+6100-U+61FF/慮院.json,1,
慰斗,6,のし,aozora_ruby,2,suspected_fragment,keep_pending,at least one example contains an independent use,,f9e7fd6b-8ddd-594d-ba83-e305e6844d44,,/Users/iktahana/Genji/pending/needs_reading/U+6100-U+61FF/慰斗.json,1,
慰籍,11,いしゃ|ゐしや,aozora_ruby,2,source_conflict,conflict,sources disagree on the complete-entry reading,,fc0b07cb-7915-5d94-8699-d438e9767228,,/Users/iktahana/Genji/pending/needs_reading/U+6100-U+61FF/慰籍.json,1,
慰草,4,なぐさみぐさ|なぐさめぐさ,aozora_ruby,3,source_conflict,conflict,sources disagree on the complete-entry reading,,5c558b05-ea94-5523-ac9c-1b86fc18e983,,/Users/iktahana/Genji/pending/needs_reading/U+6100-U+61FF/慰草.json,1,
慴,4,おそ|おび|ひれ|ふる,aozora_ruby,20,source_conflict,conflict,sources disagree on the complete-entry reading,,1f2bff28-38b5-5403-9d25-67ec2be1bb55,,/Users/iktahana/Genji/pending/needs_reading/U+6100-U+61FF/慴.json,1,
慵,65,だる|もの|ものう|ものうげ,aozora_ruby,35,source_conflict,conflict,sources disagree on the complete-entry reading,,31aa68e3-dfa8-5a56-be90-92db5e004abf,,/Users/iktahana/Genji/pending/needs_reading/U+6100-U+61FF/慵.json,1,
慷一,12,,,0,suspected_fragment,keep_pending,embedded evidence is insufficient for automatic rejection,,458d5c5f-c549-568c-8bb3-17aa40a6b726,,/Users/iktahana/Genji/pending/needs_reading/U+6100-U+61FF/慷一.json,1,
慷堂,222,こうどう,aozora_ruby,1,suspected_fragment,keep_pending,at least one example contains an independent use,,f85a3180-f192-5923-b590-cbf2f087a8f0,,/Users/iktahana/Genji/pending/needs_reading/U+6100-U+61FF/慷堂.json,1,
憇,33,いこ|いこひ|やす|やすらひ,aozora_ruby,10,source_conflict,conflict,sources disagree on the complete-entry reading,,2a1f07a7-eb08-5277-b4ea-55336cce50c6,,/Users/iktahana/Genji/pending/needs_reading/U+6100-U+61FF/憇.json,1,
憎々,12,にくにく,aozora_ruby,17,invalid_unicode,keep_pending,a source supplied a reading containing illegal characters,,f18ad72b-cf8c-584d-a386-7e177b64fb8d,,/Users/iktahana/Genji/pending/needs_reading/U+6100-U+61FF/憎々.json,1,
憐我,4,,,0,suspected_fragment,keep_pending,embedded evidence is insufficient for automatic rejection,,9b77b9b8-8a85-5e11-acb1-daff43fc1dd5,,/Users/iktahana/Genji/pending/needs_reading/U+6100-U+61FF/憐我.json,1,
憑付,15,ひょうふ,aozora_ruby,4,suspected_fragment,keep_pending,at least one example contains an independent use,,d5bc664d-89ff-50a9-a847-834f5724a31c,,/Users/iktahana/Genji/pending/needs_reading/U+6100-U+61FF/憑付.json,1,
憑司,121,ひやうじ|ひようじ,aozora_ruby,2,source_conflict,conflict,sources disagree on the complete-entry reading,,9513c946-762c-5a6c-81d8-3be8e7c6e3f9,,/Users/iktahana/Genji/pending/needs_reading/U+6100-U+61FF/憑司.json,1,
憑着,12,とりつ|ひょうちゃく,aozora_ruby,5,source_conflict,conflict,sources disagree on the complete-entry reading,,a5b83cc5-0035-543f-aea0-1116517b84d4,,/Users/iktahana/Genji/pending/needs_reading/U+6100-U+61FF/憑着.json,1,
憔忰,5,しょうすい,aozora_ruby,4,suspected_fragment,keep_pending,at least one example contains an independent use,,2c5e9444-f5d4-50b8-973c-57a9cc1b9451,,/Users/iktahana/Genji/pending/needs_reading/U+6100-U+61FF/憔忰.json,1,
憚御,11,,,0,suspected_fragment,reject_fragment,all occurrences are embedded across at least two works and authoritative dictionaries have no exact headword,,72f09925-3e53-5eef-9d5f-8fb31661e139,,/Users/iktahana/Genji/pending/needs_reading/U+6100-U+61FF/憚御.json,1,
憤念,4,ふんねん,aozora_ruby,1,suspected_fragment,reject_fragment,all occurrences are embedded across at least two works and authoritative dictionaries have no exact headword,,ed32e8e5-7777-5943-850a-24c37f9c7ac3,,/Users/iktahana/Genji/pending/needs_reading/U+6100-U+61FF/憤念.json,1,
憧々,5,しょうしょう|どうどう,aozora_ruby,3,source_conflict,conflict,sources disagree on the complete-entry reading,,bc217450-332c-5cc5-9645-1db3c051677e,,/Users/iktahana/Genji/pending/needs_reading/U+6100-U+61FF/憧々.json,1,
憶出,92,おもいいだ|おもいだ|おもいで|おもひい|おもひいだ|おもひだ,aozora_ruby,28,source_conflict,conflict,sources disagree on the complete-entry reading,,57b71dba-c3f8-58b4-9c10-dc6bfe328da6,,/Users/iktahana/Genji/pending/needs_reading/U+6100-U+61FF/憶出.json,1,
憶劫,6,おくくふ|おっくう,aozora_ruby,2,source_conflict,conflict,sources disagree on the complete-entry reading,,84876df6-0d75-50cb-941e-530e1c34c1bd,,/Users/iktahana/Genji/pending/needs_reading/U+6100-U+61FF/憶劫.json,1,
憶度,6,おくたく|おくど,aozora_ruby,4,source_conflict,conflict,sources disagree on the complete-entry reading,,2b93d10c-9baf-5754-a066-1395384c22e2,,/Users/iktahana/Genji/pending/needs_reading/U+6100-U+61FF/憶度.json,1,
憶得,9,,,0,suspected_fragment,keep_pending,embedded evidence is insufficient for automatic rejection,,c354a572-ab46-5f62-ac94-b5f29e99e727,,/Users/iktahana/Genji/pending/needs_reading/U+6100-U+61FF/憶得.json,1,
憺,4,たん,aozora_ruby,1,suspected_fragment,keep_pending,single-character entries require individual review,,1a8d18ea-0d35-5bee-aadf-563768cf7f85,,/Users/iktahana/Genji/pending/needs_reading/U+6100-U+61FF/憺.json,1,
憺父,4,,,0,suspected_fragment,keep_pending,embedded evidence is insufficient for automatic rejection,,b536f344-eb60-5ee7-b700-4b77f3785f4c,,/Users/iktahana/Genji/pending/needs_reading/U+6100-U+61FF/憺父.json,1,
懃,4,,,0,suspected_fragment,keep_pending,single-character entries require individual review,,e79fab12-599e-5535-9433-b68b8fa23e62,,/Users/iktahana/Genji/pending/needs_reading/U+6100-U+61FF/懃.json,1,
懋,7,さか|しげる|つと|つとむ,aozora_ruby|jmnedict,5,ambiguous,conflict,jmnedict has multiple applicable full-entry readings,,2991ff8b-3633-5c53-b258-907cd3ad94a2,,/Users/iktahana/Genji/pending/needs_reading/U+6100-U+61FF/懋.json,1,
懌,20,よろこ,aozora_ruby,12,suspected_fragment,keep_pending,single-character entries require individual review,,112798c0-2ddd-5967-9036-dabb397168ed,,/Users/iktahana/Genji/pending/needs_reading/U+6100-U+61FF/懌.json,1,
懲々,62,こりこり|こりごり,aozora_ruby,34,invalid_unicode,keep_pending,a source supplied a reading containing illegal characters,,4ce53f8d-5073-51eb-be49-419f5965de9e,,/Users/iktahana/Genji/pending/needs_reading/U+6100-U+61FF/懲々.json,1,
懸人,27,かかりゅうど,aozora_ruby,10,suspected_fragment,keep_pending,at least one example contains an independent use,,2a0a1d18-629c-5268-a157-dce410e6caeb,,/Users/iktahana/Genji/pending/needs_reading/U+6100-U+61FF/懸人.json,1,
懸候,8,,,0,suspected_fragment,reject_fragment,all occurrences are embedded across at least two works and authoritative dictionaries have no exact headword,,ed72d206-4290-5feb-af5b-d9b207fcc96e,,/Users/iktahana/Genji/pending/needs_reading/U+6100-U+61FF/懸候.json,1,
懸出,4,かけだ,aozora_ruby,2,suspected_fragment,reject_fragment,all occurrences are embedded across at least two works and authoritative dictionaries have no exact headword,,7b46faad-f850-58d3-a0a3-993d6e127211,,/Users/iktahana/Genji/pending/needs_reading/U+6100-U+61FF/懸出.json,1,
懸合,60,かかりあい|かけあ|かけあい|かけあは|かけあひ|かけあふ|かけお|かゝりあ|かゝりあひ,aozora_ruby|jmdict,38,source_conflict,conflict,sources disagree on the complete-entry reading,,69c89405-2d69-57b1-ad3b-6a1f76be8706,,/Users/iktahana/Genji/pending/needs_reading/U+6100-U+61FF/懸合.json,1,
懸巻,4,かけまく,aozora_ruby,1,single_ruby,keep_pending,ruby occurs in only one distinct Aozora text file,,42b02537-fd09-574d-95ab-66c74e7f575d,,/Users/iktahana/Genji/pending/needs_reading/U+6100-U+61FF/懸巻.json,1,
懸引,37,かけひ|かけひき,aozora_ruby,19,invalid_unicode,keep_pending,a source supplied a reading containing illegal characters,,f00431d6-d871-5107-a481-ef57c6795aea,,/Users/iktahana/Genji/pending/needs_reading/U+6100-U+61FF/懸引.json,1,
懸御,7,,,0,suspected_fragment,reject_fragment,all occurrences are embedded across at least two works and authoritative dictionaries have no exact headword,,6230d7c9-2079-5d58-911f-2988b8966d5a,,/Users/iktahana/Genji/pending/needs_reading/U+6100-U+61FF/懸御.json,1,
懸浮,6,サスペンション,aozora_ruby,1,suspected_fragment,keep_pending,embedded evidence is insufficient for automatic rejection,,53549f10-a6dc-5cc1-9f8c-32cadd625f81,,/Users/iktahana/Genji/pending/needs_reading/U+6100-U+61FF/懸浮.json,1,
懸町,5,,,0,suspected_fragment,keep_pending,embedded evidence is insufficient for automatic rejection,,f5657208-592b-5ee1-ac9e-ea9ca2d6737e,,/Users/iktahana/Genji/pending/needs_reading/U+6100-U+61FF/懸町.json,1,
懸直,8,かけね,aozora_ruby,6,suspected_fragment,reject_fragment,all occurrences are embedded across at least two works and authoritative dictionaries have no exact headword,,1d7b4e75-553a-5b59-9db5-65df2b4052aa,,/Users/iktahana/Genji/pending/needs_reading/U+6100-U+61FF/懸直.json,1,
懸舟,4,,,0,suspected_fragment,reject_fragment,all occurrences are embedded across at least two works and authoritative dictionaries have no exact headword,,fae990f7-3758-5a72-919f-7fbcc8d3c1bb,,/Users/iktahana/Genji/pending/needs_reading/U+6100-U+61FF/懸舟.json,1,
懸茶,4,,,0,suspected_fragment,reject_fragment,all occurrences are embedded across at least two works and authoritative dictionaries have no exact headword,,3fb60d5c-d898-569c-90d9-494c7b8cc1d8,,/Users/iktahana/Genji/pending/needs_reading/U+6100-U+61FF/懸茶.json,1,
懸蒲,6,,,0,suspected_fragment,reject_fragment,all occurrences are embedded across at least two works and authoritative dictionaries have no exact headword,,3f7f5090-5bf1-5226-9eb3-62cb0c816fbf,,/Users/iktahana/Genji/pending/needs_reading/U+6100-U+61FF/懸蒲.json,1,
懸行,4,,,0,suspected_fragment,reject_fragment,all occurrences are embedded across at least two works and authoritative dictionaries have no exact headword,,2211b6f0-dd84-565d-8c31-76c66f4870c9,,/Users/iktahana/Genji/pending/needs_reading/U+6100-U+61FF/懸行.json,1,
懸軸,5,かけぢく|かけもの,aozora_ruby,2,source_conflict,conflict,sources disagree on the complete-entry reading,,2cfef17f-0ade-5765-9d1a-482d040b6a24,,/Users/iktahana/Genji/pending/needs_reading/U+6100-U+61FF/懸軸.json,1,
懸銀,5,,,0,suspected_fragment,reject_fragment,all occurrences are embedded across at least two works and authoritative dictionaries have no exact headword,,39eccda0-6301-5405-8b94-fec97e8e1ef3,,/Users/iktahana/Genji/pending/needs_reading/U+6100-U+61FF/懸銀.json,1,
懸額,13,かけがく,aozora_ruby,6,suspected_fragment,keep_pending,at least one example contains an independent use,,e25b3954-b943-5a28-bcdf-4fda9cf38d18,,/Users/iktahana/Genji/pending/needs_reading/U+6100-U+61FF/懸額.json,1,
懺愧,5,ざんき,aozora_ruby,1,suspected_fragment,keep_pending,at least one example contains an independent use,,d2146951-e508-50ed-9510-7d8c868d6f1d,,/Users/iktahana/Genji/pending/needs_reading/U+6100-U+61FF/懺愧.json,1,
懽,18,うれ|かん|よろこ|よろこび,aozora_ruby,12,source_conflict,conflict,sources disagree on the complete-entry reading,,eb8b2dfb-c76f-53ac-83eb-12f003d7a48c,,/Users/iktahana/Genji/pending/needs_reading/U+6100-U+61FF/懽.json,1,
懾,9,おそ|おび,aozora_ruby,6,source_conflict,conflict,sources disagree on the complete-entry reading,,30966cc5-da28-5505-98cc-b3c78e77a8c8,,/Users/iktahana/Genji/pending/needs_reading/U+6100-U+61FF/懾.json,1,
戯諢,1,,,0,suspected_fragment,keep_pending,embedded evidence is insufficient for automatic rejection,,3b14229c-419e-57b9-a5c6-c44a9ca1f25b,,/Users/iktahana/Genji/pending/needs_reading/U+6200-U+62FF/タワムレ諢.json,1,
戯飮,1,,,0,suspected_fragment,keep_pending,embedded evidence is insufficient for automatic rejection,,d2ea7809-da03-52a2-89c1-4edb492f0563,,/Users/iktahana/Genji/pending/needs_reading/U+6200-U+62FF/タワムレ飮.json,1,
抜捨,1,,,0,unmatched,keep_pending,no accepted complete-entry evidence,,4eb83077-2983-5c2e-b406-4ed2b7318d99,,/Users/iktahana/Genji/pending/needs_reading/U+6200-U+62FF/ヌケ捨.json,1,
抜摘,1,,,0,suspected_fragment,keep_pending,at least one example contains an independent use,,68d296f4-4c3e-56c9-a8b5-de77262e0086,,/Users/iktahana/Genji/pending/needs_reading/U+6200-U+62FF/ヌケ摘.json,1,
抜載,2,,,0,suspected_fragment,reject_fragment,all occurrences are embedded across at least two works and authoritative dictionaries have no exact headword,,036cf5c5-fc75-5b54-8e32-af86de736e20,,/Users/iktahana/Genji/pending/needs_reading/U+6200-U+62FF/ヌケ載.json,1,
抜駈,3,ぬけが|ぬけがけ,aozora_ruby,4,source_conflict,conflict,sources disagree on the complete-entry reading,,f418b65c-43f1-5c2f-b482-a101dce78916,,/Users/iktahana/Genji/pending/needs_reading/U+6200-U+62FF/ヌケ駈.json,1,
拝叩,1,,,0,suspected_fragment,keep_pending,embedded evidence is insufficient for automatic rejection,,83d28257-1047-5352-930b-f2ec5f19480e,,/Users/iktahana/Genji/pending/needs_reading/U+6200-U+62FF/ハイ叩.json,1,
拝於,1,,,0,suspected_fragment,keep_pending,embedded evidence is insufficient for automatic rejection,,ea46a309-6f05-5a1f-908c-cee6d2beca56,,/Users/iktahana/Genji/pending/needs_reading/U+6200-U+62FF/ハイ於.json,1,
拝託,1,,,0,unmatched,keep_pending,no accepted complete-entry evidence,,a0be9e29-964d-52a5-b26f-d47552ade4db,,/Users/iktahana/Genji/pending/needs_reading/U+6200-U+62FF/ハイ託.json,1,
戛,42,か|かっ|かつ|カツ,aozora_ruby,19,source_conflict,conflict,sources disagree on the complete-entry reading,,bc21a135-d68d-552d-9944-eb6197db2b56,,/Users/iktahana/Genji/pending/needs_reading/U+6200-U+62FF/戛.json,1,
戞,29,う|か|かっ|かつ|から,aozora_ruby,17,source_conflict,conflict,sources disagree on the complete-entry reading,,86c83ea3-6cbe-574f-8c3d-216359b204cd,,/Users/iktahana/Genji/pending/needs_reading/U+6200-U+62FF/戞.json,1,
戞々,52,かっかつ|かつかつ|カツカツ,aozora_ruby|jmdict,39,invalid_unicode,keep_pending,a source supplied a reading containing illegal characters,,058355ec-1e92-542c-a1bd-e99bb725dbd3,,/Users/iktahana/Genji/pending/needs_reading/U+6200-U+62FF/戞々.json,1,
戞然,29,かちり|かつぜん|からり|がちり,aozora_ruby,20,source_conflict,conflict,sources disagree on the complete-entry reading,,5361e8ba-c93d-5b0c-9040-f7736b4efff0,,/Users/iktahana/Genji/pending/needs_reading/U+6200-U+62FF/戞然.json,1,
戞矢,5,かっし|かつ|かつし,aozora_ruby,5,source_conflict,conflict,sources disagree on the complete-entry reading,,36e68ddb-77e9-5027-9af1-d62cabb28ee2,,/Users/iktahana/Genji/pending/needs_reading/U+6200-U+62FF/戞矢.json,1,
截口,4,きりぐち,aozora_ruby,1,single_ruby,keep_pending,ruby occurs in only one distinct Aozora text file,,07ed9540-0157-52ac-97e2-55045aaef06b,,/Users/iktahana/Genji/pending/needs_reading/U+6200-U+62FF/截口.json,1,
截江,8,,,0,suspected_fragment,keep_pending,embedded evidence is insufficient for automatic rejection,,adc377ec-fe33-5b84-9db1-1e74843f33d2,,/Users/iktahana/Genji/pending/needs_reading/U+6200-U+62FF/截江.json,1,
截片,11,きれ|せっぺん,aozora_ruby,3,source_conflict,conflict,sources disagree on the complete-entry reading,,a475e4cd-cddb-568d-a4f3-dfd0f9e25957,,/Users/iktahana/Genji/pending/needs_reading/U+6200-U+62FF/截片.json,1,
房々,278,ふさふさ|ふさぶさ,aozora_ruby|jmdict,31,invalid_unicode,keep_pending,a source supplied a reading containing illegal characters,,f0c98c45-305a-57e0-9a97-7b8ca3f6efa6,,/Users/iktahana/Genji/pending/needs_reading/U+6200-U+62FF/房々.json,1,
扛,26,あ|か|かう|と|ひし|も,aozora_ruby,12,source_conflict,conflict,sources disagree on the complete-entry reading,,ef545233-eefd-5d29-bb9c-558b38ba6e0e,,/Users/iktahana/Genji/pending/needs_reading/U+6200-U+62FF/扛.json,1,
扞挌,4,かんかく,aozora_ruby,2,suspected_fragment,keep_pending,at least one example contains an independent use,,65d7fee7-f3d2-59d7-8642-9837ffb7390b,,/Users/iktahana/Genji/pending/needs_reading/U+6200-U+62FF/扞挌.json,1,
扨々,53,さてさて,aozora_ruby,3,invalid_unicode,keep_pending,a source supplied a reading containing illegal characters,,87a96801-22b5-50f6-a679-08e0609304f0,,/Users/iktahana/Genji/pending/needs_reading/U+6200-U+62FF/扨々.json,1,
扮粧,11,いでたち|いでだち|こしらえ|つくり|でたち|ふんそう,aozora_ruby,11,source_conflict,conflict,sources disagree on the complete-entry reading,,15884401-af0f-5f14-ac9f-bee31baa6d45,,/Users/iktahana/Genji/pending/needs_reading/U+6200-U+62FF/扮粧.json,1,
扶原,6,ふはら,aozora_ruby,2,suspected_fragment,keep_pending,at least one example contains an independent use,,fb6dd46b-6066-5ccf-b9ed-7f95dcd337da,,/Users/iktahana/Genji/pending/needs_reading/U+6200-U+62FF/扶原.json,1,
扶的,7,,,0,suspected_fragment,reject_fragment,all occurrences are embedded across at least two works and authoritative dictionaries have no exact headword,,10aede1e-a8a3-5bd4-9f2f-7b16c538797f,,/Users/iktahana/Genji/pending/needs_reading/U+6200-U+62FF/扶的.json,1,
抂,4,つ|ま|まげ|マ,aozora_ruby,24,source_conflict,conflict,sources disagree on the complete-entry reading,,cf428eb7-34e7-5807-82e7-cf959bb50f30,,/Users/iktahana/Genji/pending/needs_reading/U+6200-U+62FF/抂.json,1,
抑々,262,そもそも|よくよく|ソモソモ,aozora_ruby|jmdict,81,invalid_unicode,keep_pending,a source supplied a reading containing illegal characters,,41282aa2-6b4e-5e71-8e40-f1efa3e38a36,,/Users/iktahana/Genji/pending/needs_reading/U+6200-U+62FF/抑々.json,1,
抒景,4,,,0,unmatched,keep_pending,no accepted complete-entry evidence,,92221895-c19b-5e87-abad-f3313b475eca,,/Users/iktahana/Genji/pending/needs_reading/U+6200-U+62FF/抒景.json,1,
抓,28,か|つ|つか|つね|つま|つみ|つめ|むし,aozora_ruby,231,source_conflict,conflict,sources disagree on the complete-entry reading,,85dc6e56-a280-5664-88ec-d1786f5a30a6,,/Users/iktahana/Genji/pending/needs_reading/U+6200-U+62FF/抓.json,1,
抛下,4,はうか|ほうか,aozora_ruby,2,source_conflict,conflict,sources disagree on the complete-entry reading,,83562778-a787-51fc-b05f-ec6b9b820d6a,,/Users/iktahana/Genji/pending/needs_reading/U+6200-U+62FF/抛下.json,1,
抛却,4,ほうきゃく,aozora_ruby,1,suspected_fragment,reject_fragment,all occurrences are embedded across at least two works and authoritative dictionaries have no exact headword,,5d86e409-b61f-5e59-9a01-b832d1abe3ff,,/Users/iktahana/Genji/pending/needs_reading/U+6200-U+62FF/抛却.json,1,
抛書,5,,,0,suspected_fragment,keep_pending,embedded evidence is insufficient for automatic rejection,,c4ce7e3c-4516-549a-b2a7-167f3b59064a,,/Users/iktahana/Genji/pending/needs_reading/U+6200-U+62FF/抛書.json,1,
披沙,6,,,0,suspected_fragment,reject_fragment,all occurrences are embedded across at least two works and authoritative dictionaries have no exact headword,,cf6670b9-4ef7-5b2e-adef-cf9004303245,,/Users/iktahana/Genji/pending/needs_reading/U+6200-U+62FF/披沙.json,1,
抹人,4,,,0,suspected_fragment,reject_fragment,all occurrences are embedded across at least two works and authoritative dictionaries have no exact headword,,3852ca5c-bed9-5cb4-9f1e-76557f52e01a,,/Users/iktahana/Genji/pending/needs_reading/U+6200-U+62FF/抹人.json,1,
抹国,6,,,0,suspected_fragment,reject_fragment,all occurrences are embedded across at least two works and authoritative dictionaries have no exact headword,,bc142b6a-30f2-58bd-aa35-7951d5dd2162,,/Users/iktahana/Genji/pending/needs_reading/U+6200-U+62FF/抹国.json,1,
抹王,4,,,0,suspected_fragment,reject_fragment,all occurrences are embedded across at least two works and authoritative dictionaries have no exact headword,,3b7934e9-d73a-508f-a6aa-4cf9b141b8d8,,/Users/iktahana/Genji/pending/needs_reading/U+6200-U+62FF/抹王.json,1,
抹語,4,,,0,suspected_fragment,reject_fragment,all occurrences are embedded across at least two works and authoritative dictionaries have no exact headword,,fb88693a-29ad-542c-ac39-ae9cde596f7a,,/Users/iktahana/Genji/pending/needs_reading/U+6200-U+62FF/抹語.json,1,
抽筐,5,ひきだし,aozora_ruby,1,single_ruby,keep_pending,ruby occurs in only one distinct Aozora text file,,12aec37f-537e-5ed4-8294-9df71792d35f,,/Users/iktahana/Genji/pending/needs_reading/U+6200-U+62FF/抽筐.json,1,
拆,42,くだ|さ|さき|さく|さば|しりぞ|す|たく|ひら|サ,aozora_ruby,17,source_conflict,conflict,sources disagree on the complete-entry reading,,f7194cdb-fee1-5fb6-b77b-ce9d4e21dec8,,/Users/iktahana/Genji/pending/needs_reading/U+6200-U+62FF/拆.json,1,
拆雷,4,,,0,suspected_fragment,reject_fragment,all occurrences are embedded across at least two works and authoritative dictionaries have no exact headword,,441168a4-5dce-5a0c-a526-fb5a3957c24f,,/Users/iktahana/Genji/pending/needs_reading/U+6200-U+62FF/拆雷.json,1,
拈,10,ね|ねん|ひ|ひね|より,aozora_ruby,45,source_conflict,conflict,sources disagree on the complete-entry reading,,e9df90e1-2d1b-5de0-9bb9-9f426ca80c48,,/Users/iktahana/Genji/pending/needs_reading/U+6200-U+62FF/拈.json,1,
拊,29,う|そたた|たた|はた,aozora_ruby,26,source_conflict,conflict,sources disagree on the complete-entry reading,,6f4a42b9-e6dd-5ba0-a859-f19fa36971cb,,/Users/iktahana/Genji/pending/needs_reading/U+6200-U+62FF/拊.json,1,
拑子,4,かうじ,aozora_ruby,1,suspected_fragment,keep_pending,at least one example contains an independent use,,d4062676-4190-5dce-a6b2-e81371f8999b,,/Users/iktahana/Genji/pending/needs_reading/U+6200-U+62FF/拑子.json,1,
拒婚,4,,,0,suspected_fragment,keep_pending,at least one example contains an independent use,,1a399704-7cf9-5065-af95-f1fde16e2cf9,,/Users/iktahana/Genji/pending/needs_reading/U+6200-U+62FF/拒婚.json,1,
拒避,4,,,0,suspected_fragment,reject_fragment,all occurrences are embedded across at least two works and authoritative dictionaries have no exact headword,,74a29528-d40e-54d7-9b23-9fd8fcfb8df1,,/Users/iktahana/Genji/pending/needs_reading/U+6200-U+62FF/拒避.json,1,
拘々,7,くく|こうこう,aozora_ruby,2,invalid_unicode,keep_pending,a source supplied a reading containing illegal characters,,5d47b934-4ef0-5f71-b6ba-21855395466f,,/Users/iktahana/Genji/pending/needs_reading/U+6200-U+62FF/拘々.json,1,
拘奴,5,,,0,suspected_fragment,reject_fragment,all occurrences are embedded across at least two works and authoritative dictionaries have no exact headword,,50c531e5-2b73-57da-a245-2246e49c000b,,/Users/iktahana/Genji/pending/needs_reading/U+6200-U+62FF/拘奴.json,1,
招伴,13,しょうばん|せうばん,aozora_ruby,5,source_conflict,conflict,sources disagree on the complete-entry reading,,fad469f7-bf05-512c-b179-f2d6d99e5934,,/Users/iktahana/Genji/pending/needs_reading/U+6200-U+62FF/招伴.json,1,
招寿,8,,,0,suspected_fragment,keep_pending,embedded evidence is insufficient for automatic rejection,,bf130497-06bd-5916-9edf-7befe66890b7,,/Users/iktahana/Genji/pending/needs_reading/U+6200-U+62FF/招寿.json,1,
招差,6,,,0,suspected_fragment,reject_fragment,all occurrences are embedded across at least two works and authoritative dictionaries have no exact headword,,73dd8f91-7fc0-59ce-9cc8-b675f52897ff,,/Users/iktahana/Genji/pending/needs_reading/U+6200-U+62FF/招差.json,1,
招徠,6,,,0,suspected_fragment,reject_fragment,all occurrences are embedded across at least two works and authoritative dictionaries have no exact headword,,94cc3e65-7ac5-5ef8-9424-221226144f2d,,/Users/iktahana/Genji/pending/needs_reading/U+6200-U+62FF/招徠.json,1,
招行,4,,,0,suspected_fragment,keep_pending,embedded evidence is insufficient for automatic rejection,,3b892d36-beb0-54ec-99a7-3dd9235c21de,,/Users/iktahana/Genji/pending/needs_reading/U+6200-U+62FF/招行.json,1,
招霊,13,,,0,suspected_fragment,keep_pending,at least one example contains an independent use,,d3f63bd7-f727-5a9c-ac07-8fbd0ce84adf,,/Users/iktahana/Genji/pending/needs_reading/U+6200-U+62FF/招霊.json,1,
拮屈,5,きっくつ,aozora_ruby,1,suspected_fragment,keep_pending,at least one example contains an independent use,,de6e6040-eab8-56a3-bad8-0ec1b8137976,,/Users/iktahana/Genji/pending/needs_reading/U+6200-U+62FF/拮屈.json,1,
拯,31,すく|すくう|すくひ|たす|たすけ,aozora_ruby,22,source_conflict,conflict,sources disagree on the complete-entry reading,,a63d3684-1408-5fda-9ea1-b7440ab5a0bf,,/Users/iktahana/Genji/pending/needs_reading/U+6200-U+62FF/拯.json,1,
拱等,4,,,0,suspected_fragment,keep_pending,embedded evidence is insufficient for automatic rejection,,fcd8c6be-1525-56ba-8e91-98be2738a6e2,,/Users/iktahana/Genji/pending/needs_reading/U+6200-U+62FF/拱等.json,1,
拱道,24,きょうどう,aozora_ruby,1,single_ruby,keep_pending,ruby occurs in only one distinct Aozora text file,,c19ed629-2c47-5f31-832d-0b0ca9476942,,/Users/iktahana/Genji/pending/needs_reading/U+6200-U+62FF/拱道.json,1,
拶挨,6,,,0,suspected_fragment,reject_fragment,all occurrences are embedded across at least two works and authoritative dictionaries have no exact headword,,2e2de055-5494-5f7d-b73e-ef39a78efcb0,,/Users/iktahana/Genji/pending/needs_reading/U+6200-U+62FF/拶挨.json,1,
拿破,102,,,0,suspected_fragment,keep_pending,embedded evidence is insufficient for automatic rejection,,5cc1e22d-dcf4-58b2-a79a-9e1208136a51,,/Users/iktahana/Genji/pending/needs_reading/U+6200-U+62FF/拿破.json,1,
挙而,2,,,0,unmatched,keep_pending,no accepted complete-entry evidence,,7f75decb-1585-557b-bcab-4f8bb4b45b32,,/Users/iktahana/Genji/pending/needs_reading/U+6300-U+63FF/キョ而.json,1,
挂,19,か|かか|かけ|かつら|かゝ|カヽ,aozora_ruby|jmnedict,22,source_conflict,conflict,sources disagree on the complete-entry reading,,2f3916f7-767c-5a51-8330-a70c2ffa67fa,,/Users/iktahana/Genji/pending/needs_reading/U+6300-U+63FF/挂.json,1,
挈,11,さ|たずさゆ|たづさ|ひっさ,aozora_ruby,7,source_conflict,conflict,sources disagree on the complete-entry reading,,22e1e6b4-c2cd-5268-911d-51e962df12e7,,/Users/iktahana/Genji/pending/needs_reading/U+6300-U+63FF/挈.json,1,
挑戯,4,からか,aozora_ruby,3,suspected_fragment,reject_fragment,all occurrences are embedded across at least two works and authoritative dictionaries have no exact headword,,c8ce23da-2875-553a-aaa6-a996714a96a5,,/Users/iktahana/Genji/pending/needs_reading/U+6300-U+63FF/挑戯.json,1,
挑美,4,,,0,suspected_fragment,keep_pending,embedded evidence is insufficient for automatic rejection,,567af51c-5b27-5f7c-a3c8-a1ef2772cb0d,,/Users/iktahana/Genji/pending/needs_reading/U+6300-U+63FF/挑美.json,1,
捍,5,ひ|ふせ|まもる,aozora_ruby|jmnedict,5,source_conflict,conflict,sources disagree on the complete-entry reading,,7d627e56-3f68-5bc1-81ff-1133435a7d26,,/Users/iktahana/Genji/pending/needs_reading/U+6300-U+63FF/捍.json,1,
捗取,11,ちょくしゅ|はかど|はかどつ|はかどら|はかどり,aozora_ruby,62,source_conflict,conflict,sources disagree on the complete-entry reading,,533454a7-0559-5c14-a13c-292afc714049,,/Users/iktahana/Genji/pending/needs_reading/U+6300-U+63FF/捗取.json,1,
捨候,5,,,0,unmatched,keep_pending,no accepted complete-entry evidence,,50c6166d-c502-583d-a99f-2540aa454154,,/Users/iktahana/Genji/pending/needs_reading/U+6300-U+63FF/捨候.json,1,
捨児,63,すてご,aozora_ruby,21,suspected_fragment,keep_pending,at least one example contains an independent use,,ddd90483-b2d2-535c-af3f-02bdca2f8cdd,,/Users/iktahana/Genji/pending/needs_reading/U+6300-U+63FF/捨児.json,1,
捨台,28,,,0,suspected_fragment,reject_fragment,all occurrences are embedded across at least two works and authoritative dictionaries have no exact headword,,4e55093a-a980-5f79-817d-be792b04c8dc,,/Users/iktahana/Genji/pending/needs_reading/U+6300-U+63FF/捨台.json,1,
捨坂,10,,,0,suspected_fragment,keep_pending,embedded evidence is insufficient for automatic rejection,,47a7c230-e032-551a-97d6-7badaf59f423,,/Users/iktahana/Genji/pending/needs_reading/U+6300-U+63FF/捨坂.json,1,
捨山,4,すてやま,jmdict,1,suspected_fragment,reject_fragment,all occurrences are embedded across at least two works and authoritative dictionaries have no exact headword,,eb14ab92-77e2-5f14-bba3-c30f5b464d17,,/Users/iktahana/Genji/pending/needs_reading/U+6300-U+63FF/捨山.json,1,
捨御,4,,,0,suspected_fragment,reject_fragment,all occurrences are embedded across at least two works and authoritative dictionaries have no exact headword,,b0080454-ed43-5923-9b72-b9f48ce87e72,,/Users/iktahana/Genji/pending/needs_reading/U+6300-U+63FF/捨御.json,1,
捨次,58,,,0,suspected_fragment,reject_fragment,all occurrences are embedded across at least two works and authoritative dictionaries have no exact headword,,5dcfe78b-6ef9-59b4-a1ec-056efa28b1e7,,/Users/iktahana/Genji/pending/needs_reading/U+6300-U+63FF/捨次.json,1,
捨炭,5,ボタ,aozora_ruby,2,suspected_fragment,keep_pending,embedded evidence is insufficient for automatic rejection,,fd09b802-2f21-58ab-b2c8-f1dba6e0f99d,,/Users/iktahana/Genji/pending/needs_reading/U+6300-U+63FF/捨炭.json,1,
捨犬,9,,,0,suspected_fragment,keep_pending,at least one example contains an independent use,,30e5fd81-536d-5391-98da-dd944b72fbfd,,/Users/iktahana/Genji/pending/needs_reading/U+6300-U+63FF/捨犬.json,1,
捨猫,10,すてねこ,jmdict,1,suspected_fragment,keep_pending,at least one example contains an independent use,,9fc84c1d-0b5c-5280-b7d8-090a00f63898,,/Users/iktahana/Genji/pending/needs_reading/U+6300-U+63FF/捨猫.json,1,
捨科,25,,,0,suspected_fragment,reject_fragment,all occurrences are embedded across at least two works and authoritative dictionaries have no exact headword,,df853ccb-5c08-53ad-8e44-973f930084b1,,/Users/iktahana/Genji/pending/needs_reading/U+6300-U+63FF/捨科.json,1,
捨置,52,すてお|すておい|すておか|すておき|すておく,aozora_ruby,14,source_conflict,conflict,sources disagree on the complete-entry reading,,48aa69d8-3ea4-5f45-b57c-ea1a00eb21e3,,/Users/iktahana/Genji/pending/needs_reading/U+6300-U+63FF/捨置.json,1,
捨蔵,14,すてぞう,jmnedict,1,suspected_fragment,keep_pending,embedded evidence is insufficient for automatic rejection,,38d85961-0852-5323-b1dc-3e19aca33ef4,,/Users/iktahana/Genji/pending/needs_reading/U+6300-U+63FF/捨蔵.json,1,
捨言,10,,,0,suspected_fragment,reject_fragment,all occurrences are embedded across at least two works and authoritative dictionaries have no exact headword,,e4aaa85d-1f7d-58f6-a550-ba6a744288d2,,/Users/iktahana/Genji/pending/needs_reading/U+6300-U+63FF/捨言.json,1,
捫,9,さは|さわ|とり|ひね|も,aozora_ruby,8,source_conflict,conflict,sources disagree on the complete-entry reading,,f0c92ac9-bc5a-56b9-b01a-12418e6efd12,,/Users/iktahana/Genji/pending/needs_reading/U+6300-U+63FF/捫.json,1,
捫着,26,もんちゃく,aozora_ruby,14,suspected_fragment,keep_pending,at least one example contains an independent use,,33aa69ae-b5fc-54ba-af2e-98ee6de56338,,/Users/iktahana/Genji/pending/needs_reading/U+6300-U+63FF/捫着.json,1,
捲上,18,まきあ|まきあぐ,aozora_ruby,13,source_conflict,conflict,sources disagree on the complete-entry reading,,95643cb5-f67b-514b-94fd-b889e142255e,,/Users/iktahana/Genji/pending/needs_reading/U+6300-U+63FF/捲上.json,1,
捲取,6,,,0,suspected_fragment,keep_pending,embedded evidence is insufficient for automatic rejection,,8bc9cc88-ec6b-5e92-b2fe-068b05acac35,,/Users/iktahana/Genji/pending/needs_reading/U+6300-U+63FF/捲取.json,1,
捲揚,10,まきあ,aozora_ruby,1,suspected_fragment,reject_fragment,all occurrences are embedded across at least two works and authoritative dictionaries have no exact headword,,828fa9fd-66bb-5a7c-b45c-53b529379360,,/Users/iktahana/Genji/pending/needs_reading/U+6300-U+63FF/捲揚.json,1,
捲起,12,まきお|まきおこ,aozora_ruby,9,source_conflict,conflict,sources disagree on the complete-entry reading,,16e4fe99-f8b0-5030-bbb5-b19e2d303722,,/Users/iktahana/Genji/pending/needs_reading/U+6300-U+63FF/捲起.json,1,
捲髪,10,まきがみ|まきげ|カール,aozora_ruby,3,source_conflict,conflict,sources disagree on the complete-entry reading,,612b70ab-bbc1-532c-86e5-44f5b21edf4c,,/Users/iktahana/Genji/pending/needs_reading/U+6300-U+63FF/捲髪.json,1,
捻上,4,ねじあ|ねじあげ|ねぢあげ|ねぢりあげ,aozora_ruby,6,source_conflict,conflict,sources disagree on the complete-entry reading,,50ee8fff-366d-5bfa-accb-d314df96d43f,,/Users/iktahana/Genji/pending/needs_reading/U+6300-U+63FF/捻上.json,1,
捻伏,12,ねじふ|ねぢふせ,aozora_ruby,6,source_conflict,conflict,sources disagree on the complete-entry reading,,75d8b837-e0a1-55cb-af93-8e2c32d65183,,/Users/iktahana/Genji/pending/needs_reading/U+6300-U+63FF/捻伏.json,1,
捻向,4,ねじむ|ねぢむ|ねぢむく,aozora_ruby,22,source_conflict,conflict,sources disagree on the complete-entry reading,,e7a80ec3-3cb8-5611-9a34-3ae273b19281,,/Users/iktahana/Genji/pending/needs_reading/U+6300-U+63FF/捻向.json,1,
捻平,27,ねじべい,aozora_ruby,1,suspected_fragment,keep_pending,at least one example contains an independent use,,b3f3ce07-6900-5c66-bf6f-9e96d28f0c1d,,/Users/iktahana/Genji/pending/needs_reading/U+6300-U+63FF/捻平.json,1,
捻込,15,ねじこ|ねぢこ|ねぢこみ,aozora_ruby,20,source_conflict,conflict,sources disagree on the complete-entry reading,,7c6b3717-0048-5e12-ba25-0acb8016998d,,/Users/iktahana/Genji/pending/needs_reading/U+6300-U+63FF/捻込.json,1,
捻釘,6,ねじ|ねじくぎ,aozora_ruby,2,source_conflict,conflict,sources disagree on the complete-entry reading,,b05b017a-d3e2-53ef-9f67-25a267453eaa,,/Users/iktahana/Genji/pending/needs_reading/U+6300-U+63FF/捻釘.json,1,
捻鉢,4,,,0,suspected_fragment,reject_fragment,all occurrences are embedded across at least two works and authoritative dictionaries have no exact headword,,2c5a6dca-8560-56f4-a002-ba414cef68b2,,/Users/iktahana/Genji/pending/needs_reading/U+6300-U+63FF/捻鉢.json,1,
掀,6,あ|かか|まく,aozora_ruby,5,source_conflict,conflict,sources disagree on the complete-entry reading,,d2244412-1680-549e-9dc3-41bd9863d325,,/Users/iktahana/Genji/pending/needs_reading/U+6300-U+63FF/掀.json,1,
掃園,4,,,0,suspected_fragment,keep_pending,embedded evidence is insufficient for automatic rejection,,385f3a7c-ce6a-58c1-98a0-04ecc8e5d823,,/Users/iktahana/Genji/pending/needs_reading/U+6300-U+63FF/掃園.json,1,
掃寄,5,はきよ,aozora_ruby,1,suspected_fragment,reject_fragment,all occurrences are embedded across at least two works and authoritative dictionaries have no exact headword,,cbfe87b5-0683-580f-9163-431860a6e565,,/Users/iktahana/Genji/pending/needs_reading/U+6300-U+63FF/掃寄.json,1,
掃木,7,ばうき|ほうき,aozora_ruby,2,source_conflict,conflict,sources disagree on the complete-entry reading,,147efca4-38a9-5142-8cca-2f43679fa04c,,/Users/iktahana/Genji/pending/needs_reading/U+6300-U+63FF/掃木.json,1,
掉,142,さお|さをさ|ふ|ふら|ふり|ふる,aozora_ruby,128,source_conflict,conflict,sources disagree on the complete-entry reading,,f593aad8-7fe6-5810-a7f1-359ac98d5ac7,,/Users/iktahana/Genji/pending/needs_reading/U+6300-U+63FF/掉.json,1,
掏,7,す|すく|と|な|や,aozora_ruby,71,source_conflict,conflict,sources disagree on the complete-entry reading,,63191ff4-89d8-58a6-aad8-f3cb108da2d6,,/Users/iktahana/Genji/pending/needs_reading/U+6300-U+63FF/掏.json,1,
掏賊,9,すり|ちぼ,aozora_ruby,6,source_conflict,conflict,sources disagree on the complete-entry reading,,bb173e77-d519-5c74-becd-7b4e4f3ebfb5,,/Users/iktahana/Genji/pending/needs_reading/U+6300-U+63FF/掏賊.json,1,
掖導,5,,,0,suspected_fragment,reject_fragment,all occurrences are embedded across at least two works and authoritative dictionaries have no exact headword,,c72165bb-f1e3-5232-bdaa-47923ded8dcf,,/Users/iktahana/Genji/pending/needs_reading/U+6300-U+63FF/掖導.json,1,
掠人,4,,,0,suspected_fragment,keep_pending,embedded evidence is insufficient for automatic rejection,,25bad724-769b-5d1f-954e-6c7d32cdd4e5,,/Users/iktahana/Genji/pending/needs_reading/U+6300-U+63FF/掠人.json,1,
採収,29,さいしゅう,aozora_ruby,2,suspected_fragment,keep_pending,at least one example contains an independent use,,e95cb260-21d8-5ad2-bc9f-7916e68c7509,,/Users/iktahana/Genji/pending/needs_reading/U+6300-U+63FF/採収.json,1,
採木,8,,,0,suspected_fragment,reject_fragment,all occurrences are embedded across at least two works and authoritative dictionaries have no exact headword,,ad8f2e4d-0bc7-5350-ae33-9f561c1ccc5f,,/Users/iktahana/Genji/pending/needs_reading/U+6300-U+63FF/採木.json,1,
採聚,13,,,0,suspected_fragment,reject_fragment,all occurrences are embedded across at least two works and authoritative dictionaries have no exact headword,,97efde3c-266c-551f-80e5-15ba724c6cf2,,/Users/iktahana/Genji/pending/needs_reading/U+6300-U+63FF/採聚.json,1,
採蜂,4,,,0,suspected_fragment,keep_pending,embedded evidence is insufficient for automatic rejection,,5a02e488-50cc-5e3d-833b-0626c4ace3b4,,/Users/iktahana/Genji/pending/needs_reading/U+6300-U+63FF/採蜂.json,1,
採要,8,,,0,suspected_fragment,keep_pending,at least one example contains an independent use,,6dd14bbd-332a-5481-808a-bbfbe9dce982,,/Users/iktahana/Genji/pending/needs_reading/U+6300-U+63FF/採要.json,1,
推出,12,おしいだ|おしだ,aozora_ruby,7,source_conflict,conflict,sources disagree on the complete-entry reading,,ecf8aa4e-8339-520e-959f-f1a24ef94869,,/Users/iktahana/Genji/pending/needs_reading/U+6300-U+63FF/推出.json,1,
推枕,4,,,0,suspected_fragment,keep_pending,embedded evidence is insufficient for automatic rejection,,bd8af0ee-008e-565b-be34-6d5d435a8f1b,,/Users/iktahana/Genji/pending/needs_reading/U+6300-U+63FF/推枕.json,1,
推読,5,,,0,suspected_fragment,keep_pending,at least one example contains an independent use,,4a48f82f-9e50-5749-874f-2d51dd17c1c1,,/Users/iktahana/Genji/pending/needs_reading/U+6300-U+63FF/推読.json,1,
推讃,8,すいさん,aozora_ruby,2,suspected_fragment,keep_pending,at least one example contains an independent use,,5083e845-4bbd-54f2-a5be-ba7b881b3a6a,,/Users/iktahana/Genji/pending/needs_reading/U+6300-U+63FF/推讃.json,1,
推讚,4,,,0,suspected_fragment,keep_pending,at least one example contains an independent use,,00264cc9-e9fd-55d3-a474-ba749515f6a5,,/Users/iktahana/Genji/pending/needs_reading/U+6300-U+63FF/推讚.json,1,
推込,6,おしこ|おしこみ,aozora_ruby,7,source_conflict,conflict,sources disagree on the complete-entry reading,,ab4b345e-d739-50eb-b258-f893d11c43ed,,/Users/iktahana/Genji/pending/needs_reading/U+6300-U+63FF/推込.json,1,
推返,12,おしかえ|おしかへ,aozora_ruby,10,source_conflict,conflict,sources disagree on the complete-entry reading,,6d3cc348-7de8-5fb8-b36a-9b19163479ea,,/Users/iktahana/Genji/pending/needs_reading/U+6300-U+63FF/推返.json,1,
掲羅,4,,,0,suspected_fragment,keep_pending,embedded evidence is insufficient for automatic rejection,,a5a9a28c-4ff6-5e24-a635-643109ddb0a6,,/Users/iktahana/Genji/pending/needs_reading/U+6300-U+63FF/掲羅.json,1,
掲諦,17,ぎゃあてい|ぎゃてい|ギャテイ,aozora_ruby,4,source_conflict,conflict,sources disagree on the complete-entry reading,,71c2a569-d0f0-564a-b756-402f84cdcb37,,/Users/iktahana/Genji/pending/needs_reading/U+6300-U+63FF/掲諦.json,1,
掲陽,16,けいよう|チエヤン,jmnedict,2,ambiguous,conflict,jmnedict has multiple applicable full-entry readings,,580b8b6d-f933-5d3a-9be4-1bfa184684fb,,/Users/iktahana/Genji/pending/needs_reading/U+6300-U+63FF/掲陽.json,1,
掴出,16,つかみいだ|つかみだ,aozora_ruby,11,invalid_unicode,keep_pending,a source supplied a reading containing illegal characters,,da9b8c94-030a-5d67-ac18-6f0be538c2f0,,/Users/iktahana/Genji/pending/needs_reading/U+6300-U+63FF/掴出.json,1,
掴得,9,かくとく,aozora_ruby,2,suspected_fragment,reject_fragment,all occurrences are embedded across at least two works and authoritative dictionaries have no exact headword,,1aafe09b-783a-53a0-8c2b-0dd8adea539c,,/Users/iktahana/Genji/pending/needs_reading/U+6300-U+63FF/掴得.json,1,
掻上,15,かいあ|かきあ|かきあが,aozora_ruby,16,source_conflict,conflict,sources disagree on the complete-entry reading,,d700cdb8-d91f-59a9-a4d5-833026271eef,,/Users/iktahana/Genji/pending/needs_reading/U+6300-U+63FF/掻上.json,1,
掻傷,9,かききず|そうしょう,aozora_ruby,3,source_conflict,conflict,sources disagree on the complete-entry reading,,fb6ef2ca-f8fe-556c-89e4-6a0f2fc2f3a7,,/Users/iktahana/Genji/pending/needs_reading/U+6300-U+63FF/掻傷.json,1,
掻切,12,かきき|かききつ|かききり|かきゝ|かっき|かっきり,aozora_ruby,10,source_conflict,conflict,sources disagree on the complete-entry reading,,a2da0378-87a1-5acd-8ecd-ac53a59c48d0,,/Users/iktahana/Genji/pending/needs_reading/U+6300-U+63FF/掻切.json,1,
掻寄,15,かきよ,aozora_ruby,11,suspected_fragment,reject_fragment,all occurrences are embedded across at least two works and authoritative dictionaries have no exact headword,,9631e31c-f3c4-5057-9606-b50d11be3d2c,,/Users/iktahana/Genji/pending/needs_reading/U+6300-U+63FF/掻寄.json,1,
掻廻,69,かきま|かきまは|かきまわ|つかみまわ|カマ,aozora_ruby,33,source_conflict,conflict,sources disagree on the complete-entry reading,,30593e49-9553-5a05-9462-12d60091618c,,/Users/iktahana/Genji/pending/needs_reading/U+6300-U+63FF/掻廻.json,1,
掻捲,8,かいま|かいまき,aozora_ruby,3,source_conflict,conflict,sources disagree on the complete-entry reading,,9a1e99a1-2ce1-55a7-8158-4a3d941193b1,,/Users/iktahana/Genji/pending/needs_reading/U+6300-U+63FF/掻捲.json,1,
掻攫,6,かっさら|かつさら,aozora_ruby,4,source_conflict,conflict,sources disagree on the complete-entry reading,,d2c58cde-6552-5b5e-811c-df6b506391c6,,/Users/iktahana/Genji/pending/needs_reading/U+6300-U+63FF/掻攫.json,1,
掻棒,4,,,0,suspected_fragment,reject_fragment,all occurrences are embedded across at least two works and authoritative dictionaries have no exact headword,,389d5be2-f8da-592c-87a7-a69c83e6eee8,,/Users/iktahana/Genji/pending/needs_reading/U+6300-U+63FF/掻棒.json,1,
掻浚,7,かきさら|かつさら,aozora_ruby,4,source_conflict,conflict,sources disagree on the complete-entry reading,,d4535230-3f83-5988-a083-0073d1940afd,,/Users/iktahana/Genji/pending/needs_reading/U+6300-U+63FF/掻浚.json,1,
掻締,17,,,0,suspected_fragment,reject_fragment,all occurrences are embedded across at least two works and authoritative dictionaries have no exact headword,,a4e6bae1-d6f2-53ea-88a6-beace5573bc4,,/Users/iktahana/Genji/pending/needs_reading/U+6300-U+63FF/掻締.json,1,
掻餅,13,かきもち,aozora_ruby|jmdict,6,suspected_fragment,keep_pending,at least one example contains an independent use,,66e5dedb-85b4-5835-bf1c-11bc7fc627b7,,/Users/iktahana/Genji/pending/needs_reading/U+6300-U+63FF/掻餅.json,1,
描冩,11,,,0,unmatched,keep_pending,no accepted complete-entry evidence,,6acaa025-cadb-59da-abff-24e8b751800e,,/Users/iktahana/Genji/pending/needs_reading/U+6300-U+63FF/描冩.json,1,
描図,6,,,0,suspected_fragment,keep_pending,at least one example contains an independent use,,1ec0370d-2f02-5ee7-b33f-b3a2ccff75d0,,/Users/iktahana/Genji/pending/needs_reading/U+6300-U+63FF/描図.json,1,
描座,7,,,0,suspected_fragment,keep_pending,embedded evidence is insufficient for automatic rejection,,c7a01cf0-b829-551c-a7bb-9f43530da824,,/Users/iktahana/Genji/pending/needs_reading/U+6300-U+63FF/描座.json,1,
握鮓,5,にぎり|にぎりずし,aozora_ruby,2,source_conflict,conflict,sources disagree on the complete-entry reading,,a4eeb186-e4b8-5eb8-b5f6-5471774324cc,,/Users/iktahana/Genji/pending/needs_reading/U+6300-U+63FF/握鮓.json,1,
揶亜,4,ノア,aozora_ruby,1,suspected_fragment,keep_pending,embedded evidence is insufficient for automatic rejection,,1a49a74b-bfb4-5dee-a5f1-51879adadbb6,,/Users/iktahana/Genji/pending/needs_reading/U+6300-U+63FF/揶亜.json,1,
揺上,4,ゆすりあ|ゆすりあげ|ゆりあ,aozora_ruby,7,source_conflict,conflict,sources disagree on the complete-entry reading,,239d28ce-c2c2-513d-98d8-46ba88306fad,,/Users/iktahana/Genji/pending/needs_reading/U+6300-U+63FF/揺上.json,1,
揺出,4,ゆりだ|ゆれだ,aozora_ruby,3,source_conflict,conflict,sources disagree on the complete-entry reading,,0df2d338-60f9-5eae-b9fb-fd34772658b0,,/Users/iktahana/Genji/pending/needs_reading/U+6300-U+63FF/揺出.json,1,
揺振,5,ゆすぶ,aozora_ruby,8,suspected_fragment,reject_fragment,all occurrences are embedded across at least two works and authoritative dictionaries have no exact headword,,16d15487-d460-57a1-a0f0-59ffa6938936,,/Users/iktahana/Genji/pending/needs_reading/U+6300-U+63FF/揺振.json,1,
揺椅,37,ゆりいす,aozora_ruby,1,suspected_fragment,keep_pending,at least one example contains an independent use,,905fd8bf-fda3-5d2d-b800-146fdcac2d1d,,/Users/iktahana/Genji/pending/needs_reading/U+6300-U+63FF/揺椅.json,1,
揺藍,4,ゆりかご,aozora_ruby,2,suspected_fragment,keep_pending,at least one example contains an independent use,,5781c6e7-6383-508a-a381-1859499eaf4d,,/Users/iktahana/Genji/pending/needs_reading/U+6300-U+63FF/揺藍.json,1,
揺起,17,ゆすりおこ|ゆりおこ|ゆりおこさ,aozora_ruby,7,source_conflict,conflict,sources disagree on the complete-entry reading,,c6d20d6c-a74e-5411-babb-c65f339e3bdc,,/Users/iktahana/Genji/pending/needs_reading/U+6300-U+63FF/揺起.json,1,
搆,75,かま|かまい,aozora_ruby,22,source_conflict,conflict,sources disagree on the complete-entry reading,,7320905e-2c2c-5c9f-b799-0a7b0b522a21,,/Users/iktahana/Genji/pending/needs_reading/U+6400-U+64FF/搆.json,1,
搆造,6,かうざう|こうぞう,aozora_ruby,2,source_conflict,conflict,sources disagree on the complete-entry reading,,8526d0d7-8aa7-54c4-869c-6b44a040f8f4,,/Users/iktahana/Genji/pending/needs_reading/U+6400-U+64FF/搆造.json,1,
搏力,4,はくりよく,aozora_ruby,1,single_ruby,keep_pending,ruby occurs in only one distinct Aozora text file,,cfcadc35-be77-5360-8a1e-3e55d0f954d5,,/Users/iktahana/Genji/pending/needs_reading/U+6400-U+64FF/搏力.json,1,
搏飯,4,むすび,aozora_ruby,1,suspected_fragment,keep_pending,at least one example contains an independent use,,1ecfe2b4-0a17-5e3c-9c30-33fc8fa9fb5f,,/Users/iktahana/Genji/pending/needs_reading/U+6400-U+64FF/搏飯.json,1,
搓,8,も|よ,aozora_ruby,3,source_conflict,conflict,sources disagree on the complete-entry reading,,45146cb0-0efc-5077-b88b-3f07730142eb,,/Users/iktahana/Genji/pending/needs_reading/U+6400-U+64FF/搓.json,1,
搬船,4,,,0,suspected_fragment,keep_pending,at least one example contains an independent use,,451c1db4-e167-51e1-97d8-2cf0bedf73ec,,/Users/iktahana/Genji/pending/needs_reading/U+6400-U+64FF/搬船.json,1,
搴,9,あ|かか|から|と,aozora_ruby,6,source_conflict,conflict,sources disagree on the complete-entry reading,,ca340a96-c111-5576-b046-a242057eb771,,/Users/iktahana/Genji/pending/needs_reading/U+6400-U+64FF/搴.json,1,
携来,5,たずさえきた|たづさへきた,aozora_ruby,2,source_conflict,conflict,sources disagree on the complete-entry reading,,a94b469f-1294-52c0-9478-a7597cbd9fe3,,/Users/iktahana/Genji/pending/needs_reading/U+6400-U+64FF/携来.json,1,
携電,4,,,0,suspected_fragment,keep_pending,embedded evidence is insufficient for automatic rejection,,339d29db-4276-5960-b18f-f4a5e01d3bff,,/Users/iktahana/Genji/pending/needs_reading/U+6400-U+64FF/携電.json,1,
搾衣,4,,,0,unmatched,keep_pending,no accepted complete-entry evidence,,1daf6f1f-9e9e-5874-9c7f-3958ce0712a3,,/Users/iktahana/Genji/pending/needs_reading/U+6400-U+64FF/搾衣.json,1,
摩世,8,マゼラン,aozora_ruby,1,suspected_fragment,keep_pending,embedded evidence is insufficient for automatic rejection,,e5ddd5e4-dffd-525f-9e3c-8550ed599922,,/Users/iktahana/Genji/pending/needs_reading/U+6400-U+64FF/摩世.json,1,
摩乳,6,,,0,suspected_fragment,reject_fragment,all occurrences are embedded across at least two works and authoritative dictionaries have no exact headword,,8f8a8f0f-245a-5ebe-883b-46ac2de2f125,,/Users/iktahana/Genji/pending/needs_reading/U+6400-U+64FF/摩乳.json,1,
摩后,4,,,0,suspected_fragment,reject_fragment,all occurrences are embedded across at least two works and authoritative dictionaries have no exact headword,,6c8187e1-a398-5b39-b6cd-4814dbe800c2,,/Users/iktahana/Genji/pending/needs_reading/U+6400-U+64FF/摩后.json,1,
摩柯,4,,,0,suspected_fragment,keep_pending,embedded evidence is insufficient for automatic rejection,,10b7c2f6-7deb-5efa-9856-7cb23aa7b3fe,,/Users/iktahana/Genji/pending/needs_reading/U+6400-U+64FF/摩柯.json,1,
摩毛,5,,,0,suspected_fragment,reject_fragment,all occurrences are embedded across at least two works and authoritative dictionaries have no exact headword,,8b0c6e62-c3c8-5a2d-aa38-f9acfbc73876,,/Users/iktahana/Genji/pending/needs_reading/U+6400-U+64FF/摩毛.json,1,
摩王,4,まおう,jmnedict,1,suspected_fragment,keep_pending,embedded evidence is insufficient for automatic rejection,,617a3b24-0532-5670-b8ea-3b53bf99a9d8,,/Users/iktahana/Genji/pending/needs_reading/U+6400-U+64FF/摩王.json,1,
摩西,5,もうぜ|モセス|モーゼ|モーゼス,aozora_ruby,4,source_conflict,conflict,sources disagree on the complete-entry reading,,6e460863-b221-5c3c-bf5c-f77bf766e485,,/Users/iktahana/Genji/pending/needs_reading/U+6400-U+64FF/摩西.json,1,
摩轂,10,,,0,suspected_fragment,reject_fragment,all occurrences are embedded across at least two works and authoritative dictionaries have no exact headword,,39ffd6c4-8369-541f-8377-96c3e8540af9,,/Users/iktahana/Genji/pending/needs_reading/U+6400-U+64FF/摩轂.json,1,
摩頭,4,,,0,suspected_fragment,keep_pending,embedded evidence is insufficient for automatic rejection,,169aca83-3c73-59af-82c5-140bb2089ff4,,/Users/iktahana/Genji/pending/needs_reading/U+6400-U+64FF/摩頭.json,1,
摩頼,4,,,0,suspected_fragment,keep_pending,embedded evidence is insufficient for automatic rejection,,f4b7e074-d2c1-594e-b746-28d1f9820fb5,,/Users/iktahana/Genji/pending/needs_reading/U+6400-U+64FF/摩頼.json,1,
摶,19,う|ぶ,aozora_ruby,8,source_conflict,conflict,sources disagree on the complete-entry reading,,e38a3c35-7fb1-55f0-a435-5c100266bb18,,/Users/iktahana/Genji/pending/needs_reading/U+6400-U+64FF/摶.json,1,
摸傚,9,まね|もかう|もほう,aozora_ruby,3,source_conflict,conflict,sources disagree on the complete-entry reading,,b7c3af3f-00aa-5741-b9cc-b0eba401924a,,/Users/iktahana/Genji/pending/needs_reading/U+6400-U+64FF/摸傚.json,1,
摸擬,7,もぎ|よそを,aozora_ruby|jmdict,2,source_conflict,conflict,sources disagree on the complete-entry reading,,74fcb2ee-b1c2-5b97-9f5f-56fcf65dad5d,,/Users/iktahana/Genji/pending/needs_reading/U+6400-U+64FF/摸擬.json,1,
摸様,44,もやう|もよう,aozora_ruby,4,source_conflict,conflict,sources disagree on the complete-entry reading,,b5500b4e-828a-51f1-bbb9-98e745398521,,/Users/iktahana/Genji/pending/needs_reading/U+6400-U+64FF/摸様.json,1,
摸範,4,,,0,unmatched,keep_pending,no accepted complete-entry evidence,,58e64f2e-37e8-52cb-8328-fda1546a9708,,/Users/iktahana/Genji/pending/needs_reading/U+6400-U+64FF/摸範.json,1,
撈,26,かいさぐ|かきさが|さぐ|さら|すく|と,aozora_ruby,19,source_conflict,conflict,sources disagree on the complete-entry reading,,c7341739-3376-5dd2-b27f-83231c3e68b8,,/Users/iktahana/Genji/pending/needs_reading/U+6400-U+64FF/撈.json,1,
撒児,21,,,0,suspected_fragment,keep_pending,embedded evidence is insufficient for automatic rejection,,2454e922-914e-5816-adfb-c91190113399,,/Users/iktahana/Genji/pending/needs_reading/U+6400-U+64FF/撒児.json,1,
撒散,4,まきち|まきちら,aozora_ruby,5,source_conflict,conflict,sources disagree on the complete-entry reading,,3a3f8ebf-b5c5-5902-8c36-ef1fe66a3aab,,/Users/iktahana/Genji/pending/needs_reading/U+6400-U+64FF/撒散.json,1,
撒糸,11,,,0,suspected_fragment,keep_pending,embedded evidence is insufficient for automatic rejection,,546a136c-ac97-5a64-9406-c7f31eda4dd6,,/Users/iktahana/Genji/pending/needs_reading/U+6400-U+64FF/撒糸.json,1,
撞著,22,たうちやく|どうちゃく|どうちやく,aozora_ruby,5,source_conflict,conflict,sources disagree on the complete-entry reading,,09265f97-1195-5514-afd6-e4838bc0b352,,/Users/iktahana/Genji/pending/needs_reading/U+6400-U+64FF/撞著.json,1,
撞賢,4,,,0,suspected_fragment,reject_fragment,all occurrences are embedded across at least two works and authoritative dictionaries have no exact headword,,c33abcbb-4ad9-5e3c-b78c-600d73e6ef91,,/Users/iktahana/Genji/pending/needs_reading/U+6400-U+64FF/撞賢.json,1,
撤囘,19,てっかい,aozora_ruby,1,suspected_fragment,keep_pending,at least one example contains an independent use,,d5197bfc-13b2-5058-a277-6c5f7e5995da,,/Users/iktahana/Genji/pending/needs_reading/U+6400-U+64FF/撤囘.json,1,
撫上,5,なであ,aozora_ruby,2,suspected_fragment,reject_fragment,all occurrences are embedded across at least two works and authoritative dictionaries have no exact headword,,c070b06d-18fb-59d4-be9c-e0c71e755e07,,/Users/iktahana/Genji/pending/needs_reading/U+6400-U+64FF/撫上.json,1,
撫下,12,なでお|なでおり|なでおろ|なでさ,aozora_ruby,13,source_conflict,conflict,sources disagree on the complete-entry reading,,33e18b0e-cdf5-5a72-ba16-3db95f18f7b6,,/Users/iktahana/Genji/pending/needs_reading/U+6400-U+64FF/撫下.json,1,
撫声,51,,,0,suspected_fragment,reject_fragment,all occurrences are embedded across at least two works and authoritative dictionaries have no exact headword,,1adde137-38b3-5275-8a23-4ed6dba29bab,,/Users/iktahana/Genji/pending/needs_reading/U+6400-U+64FF/撫声.json,1,
撫廻,14,なでまは|なでまわ,aozora_ruby,5,source_conflict,conflict,sources disagree on the complete-entry reading,,7afbcce5-e951-5f3b-b0ac-1e92ffc43bca,,/Users/iktahana/Genji/pending/needs_reading/U+6400-U+64FF/撫廻.json,1,
撫斬,4,なでぎ|なでぎり,aozora_ruby,6,source_conflict,conflict,sources disagree on the complete-entry reading,,f5f0ea3f-07f0-5e25-be21-bf75ccb4e73d,,/Users/iktahana/Genji/pending/needs_reading/U+6400-U+64FF/撫斬.json,1,
撫象,6,,,0,suspected_fragment,reject_fragment,all occurrences are embedded across at least two works and authoritative dictionaries have no exact headword,,609b6eff-d8a1-5ac5-a24e-bb334f89cb9a,,/Users/iktahana/Genji/pending/needs_reading/U+6400-U+64FF/撫象.json,1,
撫軍,6,ぶぐん,aozora_ruby,1,single_ruby,keep_pending,ruby occurs in only one distinct Aozora text file,,d830cd06-cb68-51c6-b912-f849fc1420e0,,/Users/iktahana/Genji/pending/needs_reading/U+6400-U+64FF/撫軍.json,1,
撫附,5,なでつ|なでつけ,aozora_ruby,4,source_conflict,conflict,sources disagree on the complete-entry reading,,2defa970-0dfa-53d6-a881-8477fd51cccf,,/Users/iktahana/Genji/pending/needs_reading/U+6400-U+64FF/撫附.json,1,
撫院,16,ぶゐん,aozora_ruby,1,suspected_fragment,keep_pending,at least one example contains an independent use,,cc4a70ff-8b3a-502a-93a7-ef81542d1d0e,,/Users/iktahana/Genji/pending/needs_reading/U+6400-U+64FF/撫院.json,1,
撲倒,10,なぐりたお|はりたお|はりたふ,aozora_ruby,8,source_conflict,conflict,sources disagree on the complete-entry reading,,78d4ebb0-e87b-51bc-8b2d-c9d1ba211e22,,/Users/iktahana/Genji/pending/needs_reading/U+6400-U+64FF/撲倒.json,1,
撲天,12,,,0,unmatched,keep_pending,no accepted complete-entry evidence,,05eba6db-582c-5898-8940-c1c562ba2fac,,/Users/iktahana/Genji/pending/needs_reading/U+6400-U+64FF/撲天.json,1,
撲犬,4,,,0,suspected_fragment,keep_pending,embedded evidence is insufficient for automatic rejection,,e0562c1b-9d56-5737-a8c3-a8ca422b2ee6,,/Users/iktahana/Genji/pending/needs_reading/U+6400-U+64FF/撲犬.json,1,
撼,57,うご|うごか|ふる|ゆす|ゆる|ゆるが|ユルガ,aozora_ruby,39,source_conflict,conflict,sources disagree on the complete-entry reading,,3f142438-4301-52b3-983c-302726c36bcf,,/Users/iktahana/Genji/pending/needs_reading/U+6400-U+64FF/撼.json,1,
擁剣,7,,,0,suspected_fragment,keep_pending,embedded evidence is insufficient for automatic rejection,,e37a8dca-5d7d-5fa7-a4c8-b97a0379612a,,/Users/iktahana/Genji/pending/needs_reading/U+6400-U+64FF/擁剣.json,1,
擁藍,4,,,0,suspected_fragment,reject_fragment,all occurrences are embedded across at least two works and authoritative dictionaries have no exact headword,,7bd86b91-6a1b-5330-8eac-e16c787eea7c,,/Users/iktahana/Genji/pending/needs_reading/U+6400-U+64FF/擁藍.json,1,
擂,8,す,aozora_ruby,14,suspected_fragment,keep_pending,single-character entries require individual review,,7516eae1-0d45-541e-8b2f-72627c88babe,,/Users/iktahana/Genji/pending/needs_reading/U+6400-U+64FF/擂.json,1,
擂古,12,,,0,suspected_fragment,keep_pending,embedded evidence is insufficient for automatic rejection,,e209f6f7-a19b-5a70-8fe7-6f2573f12557,,/Users/iktahana/Genji/pending/needs_reading/U+6400-U+64FF/擂古.json,1,
擂木,22,すりぎ|すりこぎ,aozora_ruby,13,source_conflict,conflict,sources disagree on the complete-entry reading,,0faf2a87-0fd7-59d4-840e-5fcbe3d0f8d7,,/Users/iktahana/Genji/pending/needs_reading/U+6400-U+64FF/擂木.json,1,
擂用,5,,,0,suspected_fragment,reject_fragment,all occurrences are embedded across at least two works and authoritative dictionaries have no exact headword,,e05c395f-0117-5cad-9b86-3e32ba4f2a2a,,/Users/iktahana/Genji/pending/needs_reading/U+6400-U+64FF/擂用.json,1,
擘,14,さ|つん|つんざ|はく,aozora_ruby,12,source_conflict,conflict,sources disagree on the complete-entry reading,,197dcf22-f423-5ea5-b2df-509c8267f2bb,,/Users/iktahana/Genji/pending/needs_reading/U+6400-U+64FF/擘.json,1,
擡,36,あ|あげ|も|もた|もたげ|もちあ|もちあが|もちゃ|もちや|モタ,aozora_ruby,411,source_conflict,conflict,sources disagree on the complete-entry reading,,654d83f2-0fee-5b07-8ab2-f1ac1ad555aa,,/Users/iktahana/Genji/pending/needs_reading/U+6400-U+64FF/擡.json,1,
擣,48,う|つ|ウ,aozora_ruby,20,source_conflict,conflict,sources disagree on the complete-entry reading,,d84f594c-ad64-5c37-8214-f278c41d0848,,/Users/iktahana/Genji/pending/needs_reading/U+6400-U+64FF/擣.json,1,
擦子,4,おろし,aozora_ruby,1,suspected_fragment,reject_fragment,all occurrences are embedded across at least two works and authoritative dictionaries have no exact headword,,8efcb282-8b02-5f2a-9eca-0d12bd31bae5,,/Users/iktahana/Genji/pending/needs_reading/U+6400-U+64FF/擦子.json,1,
擦音,8,さつおん,aozora_ruby,2,suspected_fragment,reject_fragment,all occurrences are embedded across at least two works and authoritative dictionaries have no exact headword,,25fad384-15dc-5dca-b64a-ea8f1081748e,,/Users/iktahana/Genji/pending/needs_reading/U+6400-U+64FF/擦音.json,1,
擯,10,しりぞ|しりぞけ,aozora_ruby,7,source_conflict,conflict,sources disagree on the complete-entry reading,,489d190c-bcd7-58ff-9b39-5c10fe6c87cf,,/Users/iktahana/Genji/pending/needs_reading/U+6400-U+64FF/擯.json,1,
擲倒,4,なぐりたお|はりたお|はりたふ|ぶちたお,aozora_ruby,5,source_conflict,conflict,sources disagree on the complete-entry reading,,5fa27275-e5a9-520a-bb00-18a7ee1ba7d0,,/Users/iktahana/Genji/pending/needs_reading/U+6400-U+64FF/擲倒.json,1,
擲却,4,ほう|ほうりだ,aozora_ruby,2,source_conflict,conflict,sources disagree on the complete-entry reading,,e57b45b9-9aca-51d6-871a-d8448d3bb2a9,,/Users/iktahana/Genji/pending/needs_reading/U+6400-U+64FF/擲却.json,1,
擲銭,4,てきせん,aozora_ruby,1,suspected_fragment,keep_pending,embedded evidence is insufficient for automatic rejection,,3ea9859d-be09-5a88-b3d7-606e1c9bc71b,,/Users/iktahana/Genji/pending/needs_reading/U+6400-U+64FF/擲銭.json,1,
擽痒,4,かゆみ,aozora_ruby,1,suspected_fragment,keep_pending,embedded evidence is insufficient for automatic rejection,,db7daf88-2e33-5ed7-a1f2-8afdd48f96f7,,/Users/iktahana/Genji/pending/needs_reading/U+6400-U+64FF/擽痒.json,1,
擾々,9,,,0,invalid_unicode,keep_pending,a source supplied a reading containing illegal characters,,d1bccdeb-eabe-5142-9a22-fbc0e7f6ea3d,,/Users/iktahana/Genji/pending/needs_reading/U+6400-U+64FF/擾々.json,1,
擾然,4,,,0,suspected_fragment,keep_pending,embedded evidence is insufficient for automatic rejection,,2be0d6a1-df4c-513d-9bc6-adfb2e4e0aea,,/Users/iktahana/Genji/pending/needs_reading/U+6400-U+64FF/擾然.json,1,
擾音,5,じょうおん,aozora_ruby,1,single_ruby,keep_pending,ruby occurs in only one distinct Aozora text file,,d1748cd5-b280-5b7a-91ae-212f3c48338c,,/Users/iktahana/Genji/pending/needs_reading/U+6400-U+64FF/擾音.json,1,
断云,2,,,0,suspected_fragment,reject_fragment,all occurrences are embedded across at least two works and authoritative dictionaries have no exact headword,,ea328ef9-9f30-5a9e-abdb-4e8581aca1cc,,/Users/iktahana/Genji/pending/needs_reading/U+6500-U+65FF/ダン云.json,1,
断俳,1,,,0,suspected_fragment,keep_pending,embedded evidence is insufficient for automatic rejection,,10711352-8b15-50f9-96a2-1b2d3de3bcdb,,/Users/iktahana/Genji/pending/needs_reading/U+6500-U+65FF/ダン俳.json,1,
断崕,2,がけ|きりぎし|だんがい,aozora_ruby,6,source_conflict,conflict,sources disagree on the complete-entry reading,,420111c0-408d-53fa-a9fe-2aeedd746699,,/Users/iktahana/Genji/pending/needs_reading/U+6500-U+65FF/ダン崕.json,1,
断推,1,,,0,suspected_fragment,reject_fragment,all occurrences are embedded across at least two works and authoritative dictionaries have no exact headword,,a934b1ca-321b-5840-a4ce-1eb9db306ddd,,/Users/iktahana/Genji/pending/needs_reading/U+6500-U+65FF/ダン推.json,1,
断濟,1,,,0,unmatched,keep_pending,no accepted complete-entry evidence,,200829fc-db97-57fe-9c49-51d64715b220,,/Users/iktahana/Genji/pending/needs_reading/U+6500-U+65FF/ダン濟.json,1,
断翰,2,,,0,suspected_fragment,keep_pending,embedded evidence is insufficient for automatic rejection,,44572f3e-da76-5739-a268-2a9c01a269cb,,/Users/iktahana/Genji/pending/needs_reading/U+6500-U+65FF/ダン翰.json,1,
断而,2,,,0,suspected_fragment,keep_pending,embedded evidence is insufficient for automatic rejection,,3787a7f4-7530-559e-aea3-b9389ca5e038,,/Users/iktahana/Genji/pending/needs_reading/U+6500-U+65FF/ダン而.json,1,
攀上,7,よじのぼ|よぢのぼ,aozora_ruby,21,source_conflict,conflict,sources disagree on the complete-entry reading,,f1fee4fa-33c0-5285-a24c-a993d886a475,,/Users/iktahana/Genji/pending/needs_reading/U+6500-U+65FF/攀上.json,1,
攀柳,6,はんりゅう,aozora_ruby,1,suspected_fragment,reject_fragment,all occurrences are embedded across at least two works and authoritative dictionaries have no exact headword,,8e3f79ad-ab3a-5ae7-bf36-36729f2bd35e,,/Users/iktahana/Genji/pending/needs_reading/U+6500-U+65FF/攀柳.json,1,
攅,16,あつ|あつま|さ,aozora_ruby,10,source_conflict,conflict,sources disagree on the complete-entry reading,,a9602c79-c4d8-5459-8915-4e82cf1ad33c,,/Users/iktahana/Genji/pending/needs_reading/U+6500-U+65FF/攅.json,1,
攅簇,7,さんそう,aozora_ruby,2,suspected_fragment,reject_fragment,all occurrences are embedded across at least two works and authoritative dictionaries have no exact headword,,6c2cba2b-d2fa-5aa6-9d92-511abef7e2e3,,/Users/iktahana/Genji/pending/needs_reading/U+6500-U+65FF/攅簇.json,1,
攝,50,おさむ|せつ|と|をさ,aozora_ruby|jmnedict,6,ambiguous,conflict,jmnedict has multiple applicable full-entry readings,,b5fbb545-072b-59d1-b868-bcf9458da440,,/Users/iktahana/Genji/pending/needs_reading/U+6500-U+65FF/攝.json,1,
攝取,36,せつしゆ,aozora_ruby,1,suspected_fragment,reject_fragment,all occurrences are embedded across at least two works and authoritative dictionaries have no exact headword,,c14e7eff-63d8-5748-9fb1-7806f6c11391,,/Users/iktahana/Genji/pending/needs_reading/U+6500-U+65FF/攝取.json,1,
攝受,7,,,0,suspected_fragment,reject_fragment,all occurrences are embedded across at least two works and authoritative dictionaries have no exact headword,,8321a9d9-8209-5a45-aea7-16ec7364574a,,/Users/iktahana/Genji/pending/needs_reading/U+6500-U+65FF/攝受.json,1,
攝州,6,せつしう,aozora_ruby,2,suspected_fragment,keep_pending,at least one example contains an independent use,,22516d09-11d8-502c-b31f-999354a75798,,/Users/iktahana/Genji/pending/needs_reading/U+6500-U+65FF/攝州.json,1,
攝氏,15,せつし,aozora_ruby,1,suspected_fragment,keep_pending,at least one example contains an independent use,,494c669b-6422-56de-b06b-fdeecf8dc2be,,/Users/iktahana/Genji/pending/needs_reading/U+6500-U+65FF/攝氏.json,1,
攝理,31,せつり|みこころ,aozora_ruby,2,source_conflict,conflict,sources disagree on the complete-entry reading,,3bb0cd30-ca4d-5ae7-ba72-cc7f5d73565a,,/Users/iktahana/Genji/pending/needs_reading/U+6500-U+65FF/攝理.json,1,
攝生,12,せつしやう,aozora_ruby,1,suspected_fragment,keep_pending,at least one example contains an independent use,,4b3481e6-730b-5308-8b29-ad0f5f3ac990,,/Users/iktahana/Genji/pending/needs_reading/U+6500-U+65FF/攝生.json,1,
攝社,5,,,0,unmatched,keep_pending,no accepted complete-entry evidence,,46a8e828-a950-51c3-b9b9-dfb44cfdbfcf,,/Users/iktahana/Genji/pending/needs_reading/U+6500-U+65FF/攝社.json,1,
攝養,6,せつやう,aozora_ruby,1,suspected_fragment,keep_pending,at least one example contains an independent use,,a274835c-c01f-5f34-98a5-c4bbbbbc2a4f,,/Users/iktahana/Genji/pending/needs_reading/U+6500-U+65FF/攝養.json,1,
攫,124,かく|くわく|さ|さら|さらわ|さろ|ざら|たく|つか|つかま|つかみ|つかん|つら|と|とら|や,aozora_ruby,374,source_conflict,conflict,sources disagree on the complete-entry reading,,34104ce1-a96d-540a-b97e-561ebfe0f91a,,/Users/iktahana/Genji/pending/needs_reading/U+6500-U+65FF/攫.json,1,
攸,34,とおし,jmnedict,1,suspected_fragment,keep_pending,single-character entries require individual review,,668db2ad-12ef-5106-b0c3-19908c401e7b,,/Users/iktahana/Genji/pending/needs_reading/U+6500-U+65FF/攸.json,1,
放々,4,ほうほう,aozora_ruby,1,suspected_fragment,keep_pending,at least one example contains an independent use,,be159e4e-ec5a-52e3-950d-41b04f5a0109,,/Users/iktahana/Genji/pending/needs_reading/U+6500-U+65FF/放々.json,1,
故々,21,わざわざ,aozora_ruby,4,invalid_unicode,keep_pending,a source supplied a reading containing illegal characters,,51f320eb-b743-5c8a-afc3-d54f5f57c9cc,,/Users/iktahana/Genji/pending/needs_reading/U+6500-U+65FF/故々.json,1,
救小,6,,,0,suspected_fragment,reject_fragment,all occurrences are embedded across at least two works and authoritative dictionaries have no exact headword,,bed72ce9-d860-5958-ac1f-1b0d30ac7129,,/Users/iktahana/Genji/pending/needs_reading/U+6500-U+65FF/救小.json,1,
救拯,4,きうじよう|きゅうじょう|すくい,aozora_ruby,4,source_conflict,conflict,sources disagree on the complete-entry reading,,4231f1e0-b3b8-5155-ba31-069d1c04e510,,/Users/iktahana/Genji/pending/needs_reading/U+6500-U+65FF/救拯.json,1,
敝,9,たかし|てるお|やぶ,aozora_ruby|jmnedict,7,ambiguous,conflict,jmnedict has multiple applicable full-entry readings,,092b6742-53d3-5eff-95e2-45d7bca1774b,,/Users/iktahana/Genji/pending/needs_reading/U+6500-U+65FF/敝.json,1,
敝布,11,ふるぎれ,aozora_ruby,2,suspected_fragment,keep_pending,at least one example contains an independent use,,6fa09760-687c-5ef1-b1ef-e03ea29a174a,,/Users/iktahana/Genji/pending/needs_reading/U+6500-U+65FF/敝布.json,1,
敞,4,あきら|しょう|たかし|ひろし,jmnedict,4,ambiguous,conflict,jmnedict has multiple applicable full-entry readings,,0d3f7dff-8bc7-592f-a92e-40483106e8ee,,/Users/iktahana/Genji/pending/needs_reading/U+6500-U+65FF/敞.json,1,
敢御,4,,,0,suspected_fragment,reject_fragment,all occurrences are embedded across at least two works and authoritative dictionaries have no exact headword,,17fcdb1a-ad0d-52b6-9476-878c9c37f1e4,,/Users/iktahana/Genji/pending/needs_reading/U+6500-U+65FF/敢御.json,1,
敢果,7,はか,aozora_ruby,4,suspected_fragment,keep_pending,embedded evidence is insufficient for automatic rejection,,5f7cb63c-b10d-5a0d-b141-8027bc2b2142,,/Users/iktahana/Genji/pending/needs_reading/U+6500-U+65FF/敢果.json,1,
敢爲,4,かんい,aozora_ruby,1,suspected_fragment,keep_pending,at least one example contains an independent use,,29d40efa-4395-5705-961b-74c873779491,,/Users/iktahana/Genji/pending/needs_reading/U+6500-U+65FF/敢爲.json,1,
敢知,4,,,0,unmatched,keep_pending,no accepted complete-entry evidence,,74771d8d-83a3-5b76-a611-c4503ab656e5,,/Users/iktahana/Genji/pending/needs_reading/U+6500-U+65FF/敢知.json,1,
敬々,32,うやうや,aozora_ruby,22,invalid_unicode,keep_pending,a source supplied a reading containing illegal characters,,4d1ce992-ffaa-5bd3-b938-8fdf8f5a141f,,/Users/iktahana/Genji/pending/needs_reading/U+6500-U+65FF/敬々.json,1,
數々,113,かずかず,aozora_ruby,1,invalid_unicode,keep_pending,a source supplied a reading containing illegal characters,,d7ddef3f-28f5-5d66-8c11-7cf4000e0a6c,,/Users/iktahana/Genji/pending/needs_reading/U+6500-U+65FF/數々.json,1,
斃,116,あが|お|おち|くた|くたば|たお|たおる|たふ|たふれ|たほ|たを|だお|てるお|へい|や,aozora_ruby|jmnedict,369,source_conflict,conflict,sources disagree on the complete-entry reading,,6ce7881d-f526-52fb-86f8-ad9fadeb984d,,/Users/iktahana/Genji/pending/needs_reading/U+6500-U+65FF/斃.json,1,
斐姥,4,,,0,suspected_fragment,reject_fragment,all occurrences are embedded across at least two works and authoritative dictionaries have no exact headword,,43e6711a-37c3-5e35-934e-3bd7847954aa,,/Users/iktahana/Genji/pending/needs_reading/U+6500-U+65FF/斐姥.json,1,
斐媼,5,,,0,suspected_fragment,reject_fragment,all occurrences are embedded across at least two works and authoritative dictionaries have no exact headword,,422189a1-8752-5ae3-844b-dad5fb03408e,,/Users/iktahana/Genji/pending/needs_reading/U+6500-U+65FF/斐媼.json,1,
斐嫗,16,,,0,suspected_fragment,reject_fragment,all occurrences are embedded across at least two works and authoritative dictionaries have no exact headword,,ee25b3ab-7520-5acd-a1a2-70f3b776d9d3,,/Users/iktahana/Genji/pending/needs_reading/U+6500-U+65FF/斐嫗.json,1,
斐己,4,,,0,suspected_fragment,keep_pending,embedded evidence is insufficient for automatic rejection,,4fa45f60-8b6e-59c9-8739-4bec1d5cfca2,,/Users/iktahana/Genji/pending/needs_reading/U+6500-U+65FF/斐己.json,1,
斐老,4,,,0,suspected_fragment,reject_fragment,all occurrences are embedded across at least two works and authoritative dictionaries have no exact headword,,9c6371a8-78cb-5cf1-9d1a-03e67066ca89,,/Users/iktahana/Genji/pending/needs_reading/U+6500-U+65FF/斐老.json,1,
斐連,4,,,0,suspected_fragment,keep_pending,embedded evidence is insufficient for automatic rejection,,ee8090a5-662b-5c24-be5a-fdfa52d3a99a,,/Users/iktahana/Genji/pending/needs_reading/U+6500-U+65FF/斐連.json,1,
斑々,125,はだらはだら|はんはん|はんぱん|ぶちぶち|まだらまだら|まばらまばら|むらむら|ムラムラ,aozora_ruby|jmdict,45,invalid_unicode,keep_pending,a source supplied a reading containing illegal characters,,6d2e802c-912e-5b02-bbf2-8e823b311b94,,/Users/iktahana/Genji/pending/needs_reading/U+6500-U+65FF/斑々.json,1,
斗々,4,とど,jmnedict,1,suspected_fragment,reject_fragment,all occurrences are embedded across at least two works and authoritative dictionaries have no exact headword,,60080abb-739b-53f4-b12c-e9035d983913,,/Users/iktahana/Genji/pending/needs_reading/U+6500-U+65FF/斗々.json,1,
斡児,7,,,0,suspected_fragment,keep_pending,embedded evidence is insufficient for automatic rejection,,052364c8-cda7-593e-b430-3ce6d78b892d,,/Users/iktahana/Genji/pending/needs_reading/U+6500-U+65FF/斡児.json,1,
斫,6,き|きり|ぎ|キ,aozora_ruby,51,source_conflict,conflict,sources disagree on the complete-entry reading,,347cbf9d-dd96-5286-b6d8-4653577ed08c,,/Users/iktahana/Genji/pending/needs_reading/U+6500-U+65FF/斫.json,1,
断々,35,きれぎれ|たえだえ,aozora_ruby,15,invalid_unicode,keep_pending,a source supplied a reading containing illegal characters,,b15c8dd7-b4f4-5212-b25a-bcabd6b871d7,,/Users/iktahana/Genji/pending/needs_reading/U+6500-U+65FF/断々.json,1,
於,22154,あ|うえ|お|おい|おいて|おけ|おごと|オ|オイ|ココニ,aozora_ruby|jmdict|jmnedict,423,invalid_unicode,keep_pending,a source supplied a reading containing illegal characters,,6f2e1c71-aa7f-56ad-9aae-cec9033094f2,,/Users/iktahana/Genji/pending/needs_reading/U+6500-U+65FF/於.json,1,
於一,7,,,0,suspected_fragment,reject_fragment,all occurrences are embedded across at least two works and authoritative dictionaries have no exact headword,,3b479bce-9710-5a91-abed-8cbbe6e75a3d,,/Users/iktahana/Genji/pending/needs_reading/U+6500-U+65FF/於一.json,1,
於三,6,,,0,suspected_fragment,reject_fragment,all occurrences are embedded across at least two works and authoritative dictionaries have no exact headword,,8506cdbd-8f50-506f-bac4-0c89695896ca,,/Users/iktahana/Genji/pending/needs_reading/U+6500-U+65FF/於三.json,1,
於上,5,,,0,suspected_fragment,reject_fragment,all occurrences are embedded across at least two works and authoritative dictionaries have no exact headword,,fc845554-e288-5f14-90dc-550db7b21915,,/Users/iktahana/Genji/pending/needs_reading/U+6500-U+65FF/於上.json,1,
於不,4,,,0,suspected_fragment,reject_fragment,all occurrences are embedded across at least two works and authoritative dictionaries have no exact headword,,d4d3d474-1cc2-5886-9ce2-ca296537d8e4,,/Users/iktahana/Genji/pending/needs_reading/U+6500-U+65FF/於不.json,1,
於世,4,,,0,suspected_fragment,keep_pending,embedded evidence is insufficient for automatic rejection,,6d73563c-2590-5b95-b53e-af87f1aef926,,/Users/iktahana/Genji/pending/needs_reading/U+6500-U+65FF/於世.json,1,
於丸,4,,,0,suspected_fragment,reject_fragment,all occurrences are embedded across at least two works and authoritative dictionaries have no exact headword,,afb12ddd-7820-571c-bb1c-0bb233fb0a76,,/Users/iktahana/Genji/pending/needs_reading/U+6500-U+65FF/於丸.json,1,
於二,11,,,0,suspected_fragment,reject_fragment,all occurrences are embedded across at least two works and authoritative dictionaries have no exact headword,,96f6fb02-a4a4-537a-8d50-3b41ba04f42f,,/Users/iktahana/Genji/pending/needs_reading/U+6500-U+65FF/於二.json,1,
於京,8,,,0,suspected_fragment,reject_fragment,all occurrences are embedded across at least two works and authoritative dictionaries have no exact headword,,4d6d77bd-2467-5056-92a1-ee4f9421ba96,,/Users/iktahana/Genji/pending/needs_reading/U+6500-U+65FF/於京.json,1,
於人,12,ふしてひとにはじざるは,aozora_ruby,1,suspected_fragment,reject_fragment,all occurrences are embedded across at least two works and authoritative dictionaries have no exact headword,,703a515d-36aa-5eac-a19d-3fa079fcc087,,/Users/iktahana/Genji/pending/needs_reading/U+6500-U+65FF/於人.json,1,
於今,5,,,0,suspected_fragment,reject_fragment,all occurrences are embedded across at least two works and authoritative dictionaries have no exact headword,,f3712d4f-cb5f-5bff-8a3c-64dcdcc29733,,/Users/iktahana/Genji/pending/needs_reading/U+6500-U+65FF/於今.json,1,
於六,4,,,0,suspected_fragment,keep_pending,at least one example contains an independent use,,ac6362ab-7bd7-5209-a89f-0e07e46630e2,,/Users/iktahana/Genji/pending/needs_reading/U+6500-U+65FF/於六.json,1,
於其,12,,,0,suspected_fragment,reject_fragment,all occurrences are embedded across at least two works and authoritative dictionaries have no exact headword,,d2c2d8b4-a257-5180-a801-6b5f8a1ee5db,,/Users/iktahana/Genji/pending/needs_reading/U+6500-U+65FF/於其.json,1,
於加,13,,,0,suspected_fragment,reject_fragment,all occurrences are embedded across at least two works and authoritative dictionaries have no exact headword,,a1c675ff-4f72-56fe-aa3c-7ca0547bc5d4,,/Users/iktahana/Genji/pending/needs_reading/U+6500-U+65FF/於加.json,1,
於吾,5,,,0,suspected_fragment,reject_fragment,all occurrences are embedded across at least two works and authoritative dictionaries have no exact headword,,3974dee6-276b-57db-9cec-d81f1aff3a30,,/Users/iktahana/Genji/pending/needs_reading/U+6500-U+65FF/於吾.json,1,
於国,10,おくに,aozora_ruby,1,suspected_fragment,keep_pending,at least one example contains an independent use,,a3441361-2eb8-5b2d-b1ee-cc3afe3038cc,,/Users/iktahana/Genji/pending/needs_reading/U+6500-U+65FF/於国.json,1,
於地,9,,,0,suspected_fragment,reject_fragment,all occurrences are embedded across at least two works and authoritative dictionaries have no exact headword,,96504580-31e2-5f0c-b707-f6673678defe,,/Users/iktahana/Genji/pending/needs_reading/U+6500-U+65FF/於地.json,1,
於天,16,,,0,suspected_fragment,reject_fragment,all occurrences are embedded across at least two works and authoritative dictionaries have no exact headword,,e7444595-1424-5cbe-87fb-122472a39753,,/Users/iktahana/Genji/pending/needs_reading/U+6500-U+65FF/於天.json,1,
於夫,4,,,0,suspected_fragment,reject_fragment,all occurrences are embedded across at least two works and authoritative dictionaries have no exact headword,,2f82c441-f81a-5e53-b76d-3bd65480e3b1,,/Users/iktahana/Genji/pending/needs_reading/U+6500-U+65FF/於夫.json,1,
於小,5,,,0,suspected_fragment,reject_fragment,all occurrences are embedded across at least two works and authoritative dictionaries have no exact headword,,d96a466c-5cdc-53eb-9ffa-7891cd6d4d73,,/Users/iktahana/Genji/pending/needs_reading/U+6500-U+65FF/於小.json,1,
於弁,13,おべん,aozora_ruby,1,suspected_fragment,keep_pending,at least one example contains an independent use,,e23bacbf-2838-5ec8-87fb-45f750b449bc,,/Users/iktahana/Genji/pending/needs_reading/U+6500-U+65FF/於弁.json,1,
於当,7,,,0,suspected_fragment,reject_fragment,all occurrences are embedded across at least two works and authoritative dictionaries have no exact headword,,38b8ae40-0fd0-5762-809f-15dbf3456307,,/Users/iktahana/Genji/pending/needs_reading/U+6500-U+65FF/於当.json,1,
於後,5,,,0,suspected_fragment,reject_fragment,all occurrences are embedded across at least two works and authoritative dictionaries have no exact headword,,4d06e8e4-34c5-5332-8ba1-22973ff673fe,,/Users/iktahana/Genji/pending/needs_reading/U+6500-U+65FF/於後.json,1,
於御,6,,,0,suspected_fragment,reject_fragment,all occurrences are embedded across at least two works and authoritative dictionaries have no exact headword,,04ed68f8-5d39-535b-8ada-679da2d48f74,,/Users/iktahana/Genji/pending/needs_reading/U+6500-U+65FF/於御.json,1,
於心,6,,,0,suspected_fragment,reject_fragment,all occurrences are embedded across at least two works and authoritative dictionaries have no exact headword,,06b30258-8511-5e9f-9cd0-c28348a79747,,/Users/iktahana/Genji/pending/needs_reading/U+6500-U+65FF/於心.json,1,
於情,5,,,0,suspected_fragment,reject_fragment,all occurrences are embedded across at least two works and authoritative dictionaries have no exact headword,,d62633b8-875c-541a-8681-84dbf1b21dde,,/Users/iktahana/Genji/pending/needs_reading/U+6500-U+65FF/於情.json,1,
於我,5,,,0,suspected_fragment,reject_fragment,all occurrences are embedded across at least two works and authoritative dictionaries have no exact headword,,6459643c-e448-5b73-8bf2-c7e3d7bbcd0a,,/Users/iktahana/Genji/pending/needs_reading/U+6500-U+65FF/於我.json,1,
於是,63,ここに|ここにおいて|これにおいて|こゝにおいて,aozora_ruby,5,source_conflict,conflict,sources disagree on the complete-entry reading,,187abd9d-765c-5506-9e66-f0bd1242ede3,,/Users/iktahana/Genji/pending/needs_reading/U+6500-U+65FF/於是.json,1,
於有,4,,,0,suspected_fragment,reject_fragment,all occurrences are embedded across at least two works and authoritative dictionaries have no exact headword,,504643af-38eb-5576-991e-f381f09f8f13,,/Users/iktahana/Genji/pending/needs_reading/U+6500-U+65FF/於有.json,1,
於松,34,おまつ,aozora_ruby,2,suspected_fragment,keep_pending,at least one example contains an independent use,,f8154db8-73b1-58d6-9c47-399bee0bad4e,,/Users/iktahana/Genji/pending/needs_reading/U+6500-U+65FF/於松.json,1,
於梅,5,おうめ,aozora_ruby,1,suspected_fragment,keep_pending,at least one example contains an independent use,,750cfae4-86f9-5973-8a7c-a48a50e1fd27,,/Users/iktahana/Genji/pending/needs_reading/U+6500-U+65FF/於梅.json,1,
於次,19,おつぎ,aozora_ruby,3,suspected_fragment,keep_pending,at least one example contains an independent use,,9de1a87f-1033-53f3-9996-a508dae3286c,,/Users/iktahana/Genji/pending/needs_reading/U+6500-U+65FF/於次.json,1,
於此,22,,,0,suspected_fragment,reject_fragment,all occurrences are embedded across at least two works and authoritative dictionaries have no exact headword,,c8cf08e5-ca8a-5410-b67e-3c8313c2a0f0,,/Users/iktahana/Genji/pending/needs_reading/U+6500-U+65FF/於此.json,1,
於母,8,,,0,suspected_fragment,reject_fragment,all occurrences are embedded across at least two works and authoritative dictionaries have no exact headword,,d29b59bf-a18d-5fba-8ae8-96e1b81f2311,,/Users/iktahana/Genji/pending/needs_reading/U+6500-U+65FF/於母.json,1,
於無,4,,,0,suspected_fragment,reject_fragment,all occurrences are embedded across at least two works and authoritative dictionaries have no exact headword,,71d6311d-3d62-54ed-b9ab-d71361df7a79,,/Users/iktahana/Genji/pending/needs_reading/U+6500-U+65FF/於無.json,1,
於犬,20,おいぬ,aozora_ruby,2,suspected_fragment,keep_pending,at least one example contains an independent use,,564967de-c1bc-5773-a608-7ae4475b9cd0,,/Users/iktahana/Genji/pending/needs_reading/U+6500-U+65FF/於犬.json,1,
於私,4,わたくしにおいて,aozora_ruby,1,suspected_fragment,keep_pending,at least one example contains an independent use,,c6f9c830-a40e-5775-9fea-9768cc1f68e7,,/Users/iktahana/Genji/pending/needs_reading/U+6500-U+65FF/於私.json,1,
於竹,6,,,0,suspected_fragment,keep_pending,embedded evidence is insufficient for automatic rejection,,9d4fbdab-8502-5676-8c73-5fab1717bba5,,/Users/iktahana/Genji/pending/needs_reading/U+6500-U+65FF/於竹.json,1,
於義,23,,,0,suspected_fragment,reject_fragment,all occurrences are embedded across at least two works and authoritative dictionaries have no exact headword,,e850ad06-5e57-5cd1-a599-8c84b0c575f6,,/Users/iktahana/Genji/pending/needs_reading/U+6500-U+65FF/於義.json,1,
於翁,4,,,0,unmatched,keep_pending,no accepted complete-entry evidence,,f9688fe0-5c00-5b89-b38d-a9bca45063fc,,/Users/iktahana/Genji/pending/needs_reading/U+6500-U+65FF/於翁.json,1,
於茲,10,こゝにおいて,aozora_ruby,1,suspected_fragment,reject_fragment,all occurrences are embedded across at least two works and authoritative dictionaries have no exact headword,,d9c4f6c0-7f8a-5dd4-9591-5b2a764b359b,,/Users/iktahana/Genji/pending/needs_reading/U+6500-U+65FF/於茲.json,1,
於萱,4,おかや,aozora_ruby,1,single_ruby,keep_pending,ruby occurs in only one distinct Aozora text file,,98f39dcc-0740-589c-bdd4-aa8162fd7ba4,,/Users/iktahana/Genji/pending/needs_reading/U+6500-U+65FF/於萱.json,1,
於藤,8,おとう|おふじ,aozora_ruby|jmnedict,2,source_conflict,conflict,sources disagree on the complete-entry reading,,6d6e07a2-bd61-5cc1-b8d7-6056109e6ba7,,/Users/iktahana/Genji/pending/needs_reading/U+6500-U+65FF/於藤.json,1,
於蘭,14,おらん,aozora_ruby,4,suspected_fragment,keep_pending,at least one example contains an independent use,,97408ef0-29f6-50ec-9b9a-8f6cfb77a587,,/Users/iktahana/Genji/pending/needs_reading/U+6500-U+65FF/於蘭.json,1,
於虎,50,おとら,aozora_ruby,5,suspected_fragment,keep_pending,at least one example contains an independent use,,66f30816-5b73-505a-9f9b-12f6525027e1,,/Users/iktahana/Genji/pending/needs_reading/U+6500-U+65FF/於虎.json,1,
於西,4,,,0,suspected_fragment,reject_fragment,all occurrences are embedded across at least two works and authoritative dictionaries have no exact headword,,2c8a777f-d355-56d0-9b97-8f42062c3306,,/Users/iktahana/Genji/pending/needs_reading/U+6500-U+65FF/於西.json,1,
於通,164,おつう,aozora_ruby,2,suspected_fragment,keep_pending,at least one example contains an independent use,,3af0ba52-e2c9-514f-966d-6baf36714507,,/Users/iktahana/Genji/pending/needs_reading/U+6500-U+65FF/於通.json,1,
於霜,13,おしも,aozora_ruby,1,suspected_fragment,keep_pending,at least one example contains an independent use,,8e3e4972-3cc0-5a3f-b3d2-4d06c3d4806f,,/Users/iktahana/Genji/pending/needs_reading/U+6500-U+65FF/於霜.json,1,
旃,84,これ,aozora_ruby,1,suspected_fragment,keep_pending,single-character entries require individual review,,21c38dcb-de80-5ed5-a119-e6da6829243a,,/Users/iktahana/Genji/pending/needs_reading/U+6500-U+65FF/旃.json,1,
旄,4,,,0,suspected_fragment,keep_pending,single-character entries require individual review,,250f6cee-7560-5801-8662-44a48624351e,,/Users/iktahana/Genji/pending/needs_reading/U+6500-U+65FF/旄.json,1,
旆騎,4,,,0,suspected_fragment,keep_pending,embedded evidence is insufficient for automatic rejection,,86290ff1-0a1f-537c-91a4-b2fda7e7727e,,/Users/iktahana/Genji/pending/needs_reading/U+6500-U+65FF/旆騎.json,1,
旋囘,9,,,0,suspected_fragment,keep_pending,at least one example contains an independent use,,c52b7d97-79dd-53a2-adf4-4880fef5f882,,/Users/iktahana/Genji/pending/needs_reading/U+6500-U+65FF/旋囘.json,1,
无,7,な|なき|む,aozora_ruby|jmdict,8,source_conflict,conflict,sources disagree on the complete-entry reading,,3a0e9106-2033-5f33-8cd2-c28b05f9d93e,,/Users/iktahana/Genji/pending/needs_reading/U+6500-U+65FF/无.json,1,
昂々,5,こうこう,aozora_ruby,2,suspected_fragment,reject_fragment,all occurrences are embedded across at least two works and authoritative dictionaries have no exact headword,,ec637655-34fc-5375-b95f-d0968070c1be,,/Users/iktahana/Genji/pending/needs_reading/U+6600-U+66FF/昂々.json,1,
昃,14,かげ|かたぶ,aozora_ruby,8,source_conflict,conflict,sources disagree on the complete-entry reading,,7eec8610-4cac-5b60-8c35-0f9a729472bb,,/Users/iktahana/Genji/pending/needs_reading/U+6600-U+66FF/昃.json,1,
映山,10,えいざん,jmnedict,1,suspected_fragment,reject_fragment,all occurrences are embedded across at least two works and authoritative dictionaries have no exact headword,,3f580a76-dba7-5027-a18a-02f458966c2a,,/Users/iktahana/Genji/pending/needs_reading/U+6600-U+66FF/映山.json,1,
映照,6,えいしょう|てら,aozora_ruby,2,source_conflict,conflict,sources disagree on the complete-entry reading,,31b7cae4-b54c-54ed-82fe-15fe44674188,,/Users/iktahana/Genji/pending/needs_reading/U+6600-U+66FF/映照.json,1,
映鏡,40,,,0,suspected_fragment,keep_pending,embedded evidence is insufficient for automatic rejection,,cbd85d93-4f54-5303-b9c6-6b304a0d7400,,/Users/iktahana/Genji/pending/needs_reading/U+6600-U+66FF/映鏡.json,1,
昧々,16,,,0,suspected_fragment,reject_fragment,all occurrences are embedded across at least two works and authoritative dictionaries have no exact headword,,4176adfe-8d77-521b-b4df-9d845e3e147a,,/Users/iktahana/Genji/pending/needs_reading/U+6600-U+66FF/昧々.json,1,
昨々,91,,,0,suspected_fragment,reject_fragment,all occurrences are embedded across at least two works and authoritative dictionaries have no exact headword,,21632549-ad96-5fb4-8fff-9d75ce1637ac,,/Users/iktahana/Genji/pending/needs_reading/U+6600-U+66FF/昨々.json,1,
晞,5,かわ|ヒ,aozora_ruby,4,source_conflict,conflict,sources disagree on the complete-entry reading,,8f2e6d21-c14e-5194-964a-ea4a96723b67,,/Users/iktahana/Genji/pending/needs_reading/U+6600-U+66FF/晞.json,1,
晤,8,あきら,jmnedict,1,suspected_fragment,keep_pending,single-character entries require individual review,,8646783b-714e-5698-8200-2ab7d5bfbeb1,,/Users/iktahana/Genji/pending/needs_reading/U+6600-U+66FF/晤.json,1,
晶々,4,あかあか|きらきら|しょうしょう,aozora_ruby|jmdict,3,source_conflict,conflict,sources disagree on the complete-entry reading,,53c0dd11-d3a8-5652-8456-f4e9193abb9c,,/Users/iktahana/Genji/pending/needs_reading/U+6600-U+66FF/晶々.json,1,
暎,5,あき|あきら|うつ|えい|よん,aozora_ruby|jmnedict,7,ambiguous,conflict,jmnedict has multiple applicable full-entry readings,,e0501f84-1f02-55c7-bc2b-1ab3822e4889,,/Users/iktahana/Genji/pending/needs_reading/U+6600-U+66FF/暎.json,1,
暢々,28,ちょうちょう|のうのう|のびのび,aozora_ruby,23,source_conflict,conflict,sources disagree on the complete-entry reading,,92022a5d-fa34-51ae-92e4-a87572f33a38,,/Users/iktahana/Genji/pending/needs_reading/U+6600-U+66FF/暢々.json,1,
暫々,4,しばしば,aozora_ruby,1,invalid_unicode,keep_pending,a source supplied a reading containing illegal characters,,e7a83baa-f168-51b2-be2a-444344e1cc2b,,/Users/iktahana/Genji/pending/needs_reading/U+6600-U+66FF/暫々.json,1,
暮々,13,,,0,invalid_unicode,keep_pending,a source supplied a reading containing illegal characters,,9f3927c0-2346-56fe-be01-a8a0814a0e82,,/Users/iktahana/Genji/pending/needs_reading/U+6600-U+66FF/暮々.json,1,
暴々,22,あらあら,aozora_ruby,9,invalid_unicode,keep_pending,a source supplied a reading containing illegal characters,,776b71a6-dfd2-55f2-8f63-1c9f79eee231,,/Users/iktahana/Genji/pending/needs_reading/U+6600-U+66FF/暴々.json,1,
暸,5,あきら|りょう,jmnedict,2,ambiguous,conflict,jmnedict has multiple applicable full-entry readings,,80ddd352-7205-5e84-8590-d5f0f631fcd6,,/Users/iktahana/Genji/pending/needs_reading/U+6600-U+66FF/暸.json,1,
暾,16,あさひ|あつし|のぼる,aozora_ruby|jmnedict,4,ambiguous,conflict,jmnedict has multiple applicable full-entry readings,,8a745fa2-4bfa-59f5-bf3d-1370c20a20f9,,/Users/iktahana/Genji/pending/needs_reading/U+6600-U+66FF/暾.json,1,
曁,12,およ,aozora_ruby,2,suspected_fragment,keep_pending,single-character entries require individual review,,52884cd2-3457-5b3b-9610-0df4535afab7,,/Users/iktahana/Genji/pending/needs_reading/U+6600-U+66FF/曁.json,1,
曠天,4,,,0,suspected_fragment,keep_pending,embedded evidence is insufficient for automatic rejection,,d64535b3-5fff-51c8-88af-3745d1175c71,,/Users/iktahana/Genji/pending/needs_reading/U+6600-U+66FF/曠天.json,1,
曠着,5,すれぎ|はれぎ,aozora_ruby,4,source_conflict,conflict,sources disagree on the complete-entry reading,,7ba274aa-b232-5ab9-aa00-3d18feeef7c3,,/Users/iktahana/Genji/pending/needs_reading/U+6600-U+66FF/曠着.json,1,
曠茫,6,こうぼう,aozora_ruby,3,suspected_fragment,reject_fragment,all occurrences are embedded across at least two works and authoritative dictionaries have no exact headword,,d00a11bf-6587-5eca-85dc-09a1ba119f56,,/Users/iktahana/Genji/pending/needs_reading/U+6600-U+66FF/曠茫.json,1,
曳出,77,ひきい|ひきだ|ひきだし,aozora_ruby,37,source_conflict,conflict,sources disagree on the complete-entry reading,,8435a2fc-180e-52c5-b10b-3c2ba136b09b,,/Users/iktahana/Genji/pending/needs_reading/U+6600-U+66FF/曳出.json,1,
曳哉,5,えいや,aozora_ruby,2,suspected_fragment,reject_fragment,all occurrences are embedded across at least two works and authoritative dictionaries have no exact headword,,ed04b297-4f2b-5685-a5e6-75d8b3a2ee51,,/Users/iktahana/Genji/pending/needs_reading/U+6600-U+66FF/曳哉.json,1,
曳戸,4,,,0,unmatched,keep_pending,no accepted complete-entry evidence,,aa470bc7-576c-5430-b2f7-bc1a6ea0e9a6,,/Users/iktahana/Genji/pending/needs_reading/U+6600-U+66FF/曳戸.json,1,
曳手,5,ひきて|ひくて,aozora_ruby,2,source_conflict,conflict,sources disagree on the complete-entry reading,,6462bbcf-1a34-5855-9501-891bdcd44916,,/Users/iktahana/Genji/pending/needs_reading/U+6600-U+66FF/曳手.json,1,
曳摺,14,ひきず,aozora_ruby,14,suspected_fragment,reject_fragment,all occurrences are embedded across at least two works and authoritative dictionaries have no exact headword,,230c0980-e6d7-5fdc-93bc-67cc672555d0,,/Users/iktahana/Genji/pending/needs_reading/U+6600-U+66FF/曳摺.json,1,
曳治,14,,,0,suspected_fragment,keep_pending,embedded evidence is insufficient for automatic rejection,,33f710a3-db57-59c9-9865-7207b4c85dcb,,/Users/iktahana/Genji/pending/needs_reading/U+6600-U+66FF/曳治.json,1,
曳物,6,ひきもの,aozora_ruby,1,single_ruby,keep_pending,ruby occurs in only one distinct Aozora text file,,ffdd2c19-a182-5078-9b8b-0a23e2680250,,/Users/iktahana/Genji/pending/needs_reading/U+6600-U+66FF/曳物.json,1,
曳込,9,ひきこ,aozora_ruby,7,suspected_fragment,keep_pending,at least one example contains an independent use,,10b1c132-6b7b-560b-a5a7-80ef97986afa,,/Users/iktahana/Genji/pending/needs_reading/U+6600-U+66FF/曳込.json,1,
曷,13,いづく,aozora_ruby,9,suspected_fragment,keep_pending,single-character entries require individual review,,029cb8c8-1c9b-5ca2-98b2-11f0bf0b740f,,/Users/iktahana/Genji/pending/needs_reading/U+6600-U+66FF/曷.json,1,
曷蘇,6,,,0,suspected_fragment,keep_pending,embedded evidence is insufficient for automatic rejection,,a790e1c2-e052-5739-85bc-04ca3fed7ccc,,/Users/iktahana/Genji/pending/needs_reading/U+6600-U+66FF/曷蘇.json,1,
曼,65,,,0,suspected_fragment,keep_pending,single-character entries require individual review,,4190b347-f813-505a-89da-8f7c14d342d5,,/Users/iktahana/Genji/pending/needs_reading/U+6600-U+66FF/曼.json,1,
曼公,20,まんこう,aozora_ruby,2,suspected_fragment,keep_pending,at least one example contains an independent use,,fb09ff69-37eb-5bf0-bffa-0d8e956622e2,,/Users/iktahana/Genji/pending/needs_reading/U+6600-U+66FF/曼公.json,1,
曼底,7,,,0,suspected_fragment,reject_fragment,all occurrences are embedded across at least two works and authoritative dictionaries have no exact headword,,5802f4c0-3372-5dc3-93d9-4aee39ba76c3,,/Users/iktahana/Genji/pending/needs_reading/U+6600-U+66FF/曼底.json,1,
曼民,15,,,0,suspected_fragment,keep_pending,embedded evidence is insufficient for automatic rejection,,649a35dd-9cee-504d-be25-2fff92674479,,/Users/iktahana/Genji/pending/needs_reading/U+6600-U+66FF/曼民.json,1,
曼生,4,,,0,suspected_fragment,keep_pending,embedded evidence is insufficient for automatic rejection,,09a9b2d5-9b99-5c4d-9c76-31e28107866b,,/Users/iktahana/Genji/pending/needs_reading/U+6600-U+66FF/曼生.json,1,
曼神,15,,,0,suspected_fragment,keep_pending,embedded evidence is insufficient for automatic rejection,,c2320683-b7ea-56b9-b1d1-16efb634e699,,/Users/iktahana/Genji/pending/needs_reading/U+6600-U+66FF/曼神.json,1,
曼舟,4,まんしう|まんしゅう,aozora_ruby|jmnedict,2,source_conflict,conflict,sources disagree on the complete-entry reading,,96d2e938-a7d5-5bbb-b51c-2a5708febc0a,,/Users/iktahana/Genji/pending/needs_reading/U+6600-U+66FF/曼舟.json,1,
来云,1,,,0,suspected_fragment,reject_fragment,all occurrences are embedded across at least two works and authoritative dictionaries have no exact headword,,cf51a1f4-6180-54cc-b3b9-febb4339db59,,/Users/iktahana/Genji/pending/needs_reading/U+6700-U+67FF/ライ云.json,1,
来俳,1,,,0,suspected_fragment,reject_fragment,all occurrences are embedded across at least two works and authoritative dictionaries have no exact headword,,3ebbefc9-3f99-54d0-8e85-10552b2c00be,,/Users/iktahana/Genji/pending/needs_reading/U+6700-U+67FF/ライ俳.json,1,
来做,3,,,0,suspected_fragment,reject_fragment,all occurrences are embedded across at least two works and authoritative dictionaries have no exact headword,,45cb9ca3-0726-5c9b-88f3-c1c42773b4ef,,/Users/iktahana/Genji/pending/needs_reading/U+6700-U+67FF/ライ做.json,1,
来兩,3,,,0,unmatched,keep_pending,no accepted complete-entry evidence,,48645b26-84ae-5137-bb23-4870dad15a6f,,/Users/iktahana/Genji/pending/needs_reading/U+6700-U+67FF/ライ兩.json,1,
来劔,1,,,0,unmatched,keep_pending,no accepted complete-entry evidence,,625cfc72-0482-5134-8ea0-8ae111a7641f,,/Users/iktahana/Genji/pending/needs_reading/U+6700-U+67FF/ライ劔.json,1,
来奉,1,,,0,suspected_fragment,reject_fragment,all occurrences are embedded across at least two works and authoritative dictionaries have no exact headword,,7c347718-3c8b-5b72-9565-c5f968181598,,/Users/iktahana/Genji/pending/needs_reading/U+6700-U+67FF/ライ奉.json,1,
来孱,2,,,0,suspected_fragment,keep_pending,embedded evidence is insufficient for automatic rejection,,20b2a29b-8b2d-5a2d-baaa-8e41cf9c121e,,/Users/iktahana/Genji/pending/needs_reading/U+6700-U+67FF/ライ孱.json,1,
来寓,3,,,0,suspected_fragment,reject_fragment,all occurrences are embedded across at least two works and authoritative dictionaries have no exact headword,,860cb301-bf85-5a68-a7d4-02d5546e4c05,,/Users/iktahana/Genji/pending/needs_reading/U+6700-U+67FF/ライ寓.json,1,
来懸,6,きかか|きかゝ,aozora_ruby,2,source_conflict,conflict,sources disagree on the complete-entry reading,,cf5d9a71-abe6-54f3-913f-9abf4e39f7e3,,/Users/iktahana/Genji/pending/needs_reading/U+6700-U+67FF/ライ懸.json,1,
来挂,2,,,0,suspected_fragment,reject_fragment,all occurrences are embedded across at least two works and authoritative dictionaries have no exact headword,,58eb9885-da4e-5386-a4a9-865d654cbb0c,,/Users/iktahana/Genji/pending/needs_reading/U+6700-U+67FF/ライ挂.json,1,
来映,2,,,0,suspected_fragment,reject_fragment,all occurrences are embedded across at least two works and authoritative dictionaries have no exact headword,,8f83653d-9669-5f89-8246-018275ee0512,,/Users/iktahana/Genji/pending/needs_reading/U+6700-U+67FF/ライ映.json,1,
来牲,1,,,0,unmatched,keep_pending,no accepted complete-entry evidence,,f3aad9a7-e5ef-58fa-bb7c-b5cf3a8c4ca9,,/Users/iktahana/Genji/pending/needs_reading/U+6700-U+67FF/ライ牲.json,1,
来矣,1,,,0,unmatched,keep_pending,no accepted complete-entry evidence,,c22489b9-3d82-5388-a17a-a36fa0e5c0ed,,/Users/iktahana/Genji/pending/needs_reading/U+6700-U+67FF/ライ矣.json,1,
来筮,1,,,0,unmatched,keep_pending,no accepted complete-entry evidence,,f4f1a47c-a900-5c07-9a36-d2d5ac1e1f5c,,/Users/iktahana/Genji/pending/needs_reading/U+6700-U+67FF/ライ筮.json,1,
来維,1,,,0,unmatched,keep_pending,no accepted complete-entry evidence,,02787a99-6960-55d1-b3a7-8308b7a163a6,,/Users/iktahana/Genji/pending/needs_reading/U+6700-U+67FF/ライ維.json,1,
来莽,1,,,0,suspected_fragment,keep_pending,embedded evidence is insufficient for automatic rejection,,6a8bdf19-e1e4-51c9-ae79-82507f1b934b,,/Users/iktahana/Genji/pending/needs_reading/U+6700-U+67FF/ライ莽.json,1,
来薙,1,,,0,suspected_fragment,keep_pending,embedded evidence is insufficient for automatic rejection,,ed6d6702-295e-57bb-ae44-fcc4b1b0b301,,/Users/iktahana/Genji/pending/needs_reading/U+6700-U+67FF/ライ薙.json,1,
来郵,1,,,0,suspected_fragment,reject_fragment,all occurrences are embedded across at least two works and authoritative dictionaries have no exact headword,,c8dbb06d-82c7-5f1d-80c7-592aa59f8db8,,/Users/iktahana/Genji/pending/needs_reading/U+6700-U+67FF/ライ郵.json,1,
来頗,1,,,0,suspected_fragment,reject_fragment,all occurrences are embedded across at least two works and authoritative dictionaries have no exact headword,,9a0ac94a-e48a-5005-a60b-4b5cc4d5019c,,/Users/iktahana/Genji/pending/needs_reading/U+6700-U+67FF/ライ頗.json,1,
来馴,4,きな,aozora_ruby,2,suspected_fragment,reject_fragment,all occurrences are embedded across at least two works and authoritative dictionaries have no exact headword,,4aed70e6-5a75-5041-9157-0384a21b94db,,/Users/iktahana/Genji/pending/needs_reading/U+6700-U+67FF/ライ馴.json,1,
来騙,1,,,0,unmatched,keep_pending,no accepted complete-entry evidence,,37260453-60b9-5c90-bab8-139db04e9b06,,/Users/iktahana/Genji/pending/needs_reading/U+6700-U+67FF/ライ騙.json,1,
最々,4,,,0,invalid_unicode,keep_pending,a source supplied a reading containing illegal characters,,b287c323-64ab-5754-b0c0-2fc28e3842eb,,/Users/iktahana/Genji/pending/needs_reading/U+6700-U+67FF/最々.json,1,
朝々,106,あさあさ,aozora_ruby,1,invalid_unicode,keep_pending,a source supplied a reading containing illegal characters,,ed80f7ae-c4ab-564b-8dbb-2cd015ba71da,,/Users/iktahana/Genji/pending/needs_reading/U+6700-U+67FF/朝々.json,1,
朦乎,10,ぼいやり|ぼんやり,aozora_ruby,7,source_conflict,conflict,sources disagree on the complete-entry reading,,892355c7-d15d-5775-98f2-7a50a74cfbb6,,/Users/iktahana/Genji/pending/needs_reading/U+6700-U+67FF/朦乎.json,1,
朦昧,14,もうまい,aozora_ruby,3,suspected_fragment,keep_pending,at least one example contains an independent use,,92abda4b-384a-513a-aa1e-911af45f4df2,,/Users/iktahana/Genji/pending/needs_reading/U+6700-U+67FF/朦昧.json,1,
朧々,34,おぼろおぼろ|ろうろう,aozora_ruby,18,invalid_unicode,keep_pending,a source supplied a reading containing illegal characters,,9bb10b1a-5641-556a-b011-354f3b8abd04,,/Users/iktahana/Genji/pending/needs_reading/U+6700-U+67FF/朧々.json,1,
本々,6,もともと,aozora_ruby|jmdict,2,suspected_fragment,reject_fragment,all occurrences are embedded across at least two works and authoritative dictionaries have no exact headword,,f1268213-2a6a-592a-95fd-b6174374825f,,/Users/iktahana/Genji/pending/needs_reading/U+6700-U+67FF/本々.json,1,
朶山,6,しだやま,jmnedict,1,suspected_fragment,reject_fragment,all occurrences are embedded across at least two works and authoritative dictionaries have no exact headword,,e65a6eee-8726-59a7-b2bc-34f2c17b1e4a,,/Users/iktahana/Genji/pending/needs_reading/U+6700-U+67FF/朶山.json,1,
朶思,17,だし,aozora_ruby,1,suspected_fragment,keep_pending,embedded evidence is insufficient for automatic rejection,,43d1c314-216a-5af9-911f-8ff7a4318df0,,/Users/iktahana/Genji/pending/needs_reading/U+6700-U+67FF/朶思.json,1,
朶石,4,,,0,unmatched,keep_pending,no accepted complete-entry evidence,,875fb3ae-1e0a-5d1b-832b-99da7430ec6d,,/Users/iktahana/Genji/pending/needs_reading/U+6700-U+67FF/朶石.json,1,
杆,21,さお|てこ,aozora_ruby,3,source_conflict,conflict,sources disagree on the complete-entry reading,,5996cf3f-2ec6-5959-92b0-e40599f18244,,/Users/iktahana/Genji/pending/needs_reading/U+6700-U+67FF/杆.json,1,
杞,11,おそ|き,aozora_ruby,5,source_conflict,conflict,sources disagree on the complete-entry reading,,cf4138c4-9c0d-5e9c-a03f-9aec821b43b6,,/Users/iktahana/Genji/pending/needs_reading/U+6700-U+67FF/杞.json,1,
杞人,7,きじん|きひと,aozora_ruby,6,source_conflict,conflict,sources disagree on the complete-entry reading,,5633e007-207b-5b72-9cfb-70334768ac8e,,/Users/iktahana/Genji/pending/needs_reading/U+6700-U+67FF/杞人.json,1,
来々,42,きき,jmnedict,1,suspected_fragment,reject_fragment,all occurrences are embedded across at least two works and authoritative dictionaries have no exact headword,,43e8d5de-d6f8-5570-aff2-15dce8046c38,,/Users/iktahana/Genji/pending/needs_reading/U+6700-U+67FF/来々.json,1,
杪,13,うら|こずえ|こずゑ|すわえ|ずわえ,aozora_ruby|jmdict|jmnedict,8,ambiguous,conflict,jmdict has multiple applicable full-entry readings,,8ae92649-5fb8-5faa-ae6b-e4a43d37b84a,,/Users/iktahana/Genji/pending/needs_reading/U+6700-U+67FF/杪.json,1,
東々,15,,,0,suspected_fragment,reject_fragment,all occurrences are embedded across at least two works and authoritative dictionaries have no exact headword,,b88ff995-b0b1-53e3-bea6-301d6550972c,,/Users/iktahana/Genji/pending/needs_reading/U+6700-U+67FF/東々.json,1,
杳々,8,はるばる|ようよう,aozora_ruby,3,source_conflict,conflict,sources disagree on the complete-entry reading,,b4f095b4-2200-5dad-b8f3-5fd0bd1ac3ea,,/Users/iktahana/Genji/pending/needs_reading/U+6700-U+67FF/杳々.json,1,
枌板,4,そぎいた,aozora_ruby,1,single_ruby,keep_pending,ruby occurs in only one distinct Aozora text file,,1d14170d-4ba1-5a5c-b2cc-c41c6dd739b6,,/Users/iktahana/Genji/pending/needs_reading/U+6700-U+67FF/枌板.json,1,
枯々,53,かれがれ,aozora_ruby,1,invalid_unicode,keep_pending,a source supplied a reading containing illegal characters,,85414e47-0179-59f6-8c6b-c002fa13e032,,/Users/iktahana/Genji/pending/needs_reading/U+6700-U+67FF/枯々.json,1,
枳佐,5,,,0,suspected_fragment,keep_pending,embedded evidence is insufficient for automatic rejection,,f3b54d87-703b-55c7-9047-f28e2e08ad0f,,/Users/iktahana/Genji/pending/needs_reading/U+6700-U+67FF/枳佐.json,1,
枳園,277,きえん|きゑん,aozora_ruby,3,source_conflict,conflict,sources disagree on the complete-entry reading,,9564b2a4-fce8-5cfb-912b-ff6ad12a4510,,/Users/iktahana/Genji/pending/needs_reading/U+6700-U+67FF/枳園.json,1,
枳尼,6,だきに,aozora_ruby,1,suspected_fragment,keep_pending,at least one example contains an independent use,,75f07cd9-99c5-5bd5-897b-074ddb12d564,,/Users/iktahana/Genji/pending/needs_reading/U+6700-U+67FF/枳尼.json,1,
枴,14,おうこ|おふご|アフゴ,aozora_ruby,4,source_conflict,conflict,sources disagree on the complete-entry reading,,1d505e0f-51e9-5704-bee7-eb0cb429ffd2,,/Users/iktahana/Genji/pending/needs_reading/U+6700-U+67FF/枴.json,1,
柁,10,かじ|かぢ,aozora_ruby|jmnedict,7,source_conflict,conflict,sources disagree on the complete-entry reading,,2f53c956-a07b-5780-bd27-7baa586c31a6,,/Users/iktahana/Genji/pending/needs_reading/U+6700-U+67FF/柁.json,1,
染々,95,しみじみ,aozora_ruby,23,invalid_unicode,keep_pending,a source supplied a reading containing illegal characters,,6e1e0b85-8bb4-5a77-8c85-6572d2d6a187,,/Users/iktahana/Genji/pending/needs_reading/U+6700-U+67FF/染々.json,1,
柔々,12,やわやわ|よわよわ,aozora_ruby|jmdict,7,invalid_unicode,keep_pending,a source supplied a reading containing illegal characters,,636d8b3c-4470-5808-af97-bf84403a9f8c,,/Users/iktahana/Genji/pending/needs_reading/U+6700-U+67FF/柔々.json,1,
柘枝,7,ツミノエ,aozora_ruby,1,suspected_fragment,keep_pending,at least one example contains an independent use,,fc395c9b-bc73-51e3-b21a-788f58eef4a9,,/Users/iktahana/Genji/pending/needs_reading/U+6700-U+67FF/柘枝.json,1,
柢,6,,,0,suspected_fragment,keep_pending,single-character entries require individual review,,2327de6d-fb9a-5f83-bd14-5f4332af9380,,/Users/iktahana/Genji/pending/needs_reading/U+6700-U+67FF/柢.json,1,
柬,16,かん,aozora_ruby,3,suspected_fragment,keep_pending,single-character entries require individual review,,02824695-4706-5984-ba09-a4345bce806d,,/Users/iktahana/Genji/pending/needs_reading/U+6700-U+67FF/柬.json,1,
柬埔,29,,,0,suspected_fragment,keep_pending,at least one example contains an independent use,,72a471f2-48ce-5981-b6c4-663148a9932a,,/Users/iktahana/Genji/pending/needs_reading/U+6700-U+67FF/柬埔.json,1,
柬牘,12,かんどく,aozora_ruby,1,single_ruby,keep_pending,ruby occurs in only one distinct Aozora text file,,2c49a518-4449-5693-b597-26a86a540c6a,,/Users/iktahana/Genji/pending/needs_reading/U+6700-U+67FF/柬牘.json,1,
柬蒲,4,,,0,suspected_fragment,reject_fragment,all occurrences are embedded across at least two works and authoritative dictionaries have no exact headword,,9935fde6-d274-5f05-9b9e-5d6c97cf2832,,/Users/iktahana/Genji/pending/needs_reading/U+6700-U+67FF/柬蒲.json,1,
柮,9,ほた|ほだ,jmdict,2,ambiguous,conflict,jmdict has multiple applicable full-entry readings,,81682d73-87d4-51ea-9f79-4281fd7e2fde,,/Users/iktahana/Genji/pending/needs_reading/U+6700-U+67FF/柮.json,1,
校々,14,,,0,suspected_fragment,reject_fragment,all occurrences are embedded across at least two works and authoritative dictionaries have no exact headword,,8bb15c2d-acf7-5d51-8aaa-b2e971e6a4c8,,/Users/iktahana/Genji/pending/needs_reading/U+6800-U+68FF/校々.json,1,
栴,5,せん|なぎ,aozora_ruby|jmnedict,2,source_conflict,conflict,sources disagree on the complete-entry reading,,82e6abbb-6116-5092-b1e1-5799a6c340d4,,/Users/iktahana/Genji/pending/needs_reading/U+6800-U+68FF/栴.json,1,
栽園,4,,,0,unmatched,keep_pending,no accepted complete-entry evidence,,e6abc8d1-e4b0-54fa-9f56-a69c60e4cabb,,/Users/iktahana/Genji/pending/needs_reading/U+6800-U+68FF/栽園.json,1,
桔,5,,,0,suspected_fragment,keep_pending,single-character entries require individual review,,7098ce5e-c604-54f4-8013-c1e4166d8a66,,/Users/iktahana/Genji/pending/needs_reading/U+6800-U+68FF/桔.json,1,
桙,27,ほこ,aozora_ruby|jmdict,2,suspected_fragment,keep_pending,single-character entries require individual review,,721f80a7-a852-552b-91e2-6d57a2fc6c34,,/Users/iktahana/Genji/pending/needs_reading/U+6800-U+68FF/桙.json,1,
桙根,5,,,0,suspected_fragment,reject_fragment,all occurrences are embedded across at least two works and authoritative dictionaries have no exact headword,,0385b555-dbef-5f1d-b718-a68e7aa14293,,/Users/iktahana/Genji/pending/needs_reading/U+6800-U+68FF/桙根.json,1,
梔,27,くちなし,aozora_ruby|jmdict|jmnedict,4,suspected_fragment,keep_pending,single-character entries require individual review,,fffc7cc5-1de2-55ae-9673-c3de7b50919b,,/Users/iktahana/Genji/pending/needs_reading/U+6800-U+68FF/梔.json,1,
梗頂,4,,,0,unmatched,keep_pending,no accepted complete-entry evidence,,b99f0c04-0172-5bb0-afb6-d055d76d328c,,/Users/iktahana/Genji/pending/needs_reading/U+6800-U+68FF/梗頂.json,1,
梢々,9,こずえこずえ|やゝ,aozora_ruby,3,source_conflict,conflict,sources disagree on the complete-entry reading,,11cd45c6-f15c-59bb-9502-f6601be16e34,,/Users/iktahana/Genji/pending/needs_reading/U+6800-U+68FF/梢々.json,1,
梦,12,,,0,unmatched,keep_pending,no accepted complete-entry evidence,,bb8be3e4-4297-59c6-91cb-39851e151ca4,,/Users/iktahana/Genji/pending/needs_reading/U+6800-U+68FF/梦.json,1,
械軍,5,,,0,suspected_fragment,reject_fragment,all occurrences are embedded across at least two works and authoritative dictionaries have no exact headword,,ba4da1a4-9d10-5136-8dd4-847bf5daf131,,/Users/iktahana/Genji/pending/needs_reading/U+6800-U+68FF/械軍.json,1,
棄値,6,すてね,aozora_ruby,4,suspected_fragment,keep_pending,at least one example contains an independent use,,bb5c9ac2-0945-576f-b02c-700a214f9fa0,,/Users/iktahana/Genji/pending/needs_reading/U+6800-U+68FF/棄値.json,1,
棄場,19,,,0,suspected_fragment,reject_fragment,all occurrences are embedded across at least two works and authoritative dictionaries have no exact headword,,0ca55442-0e09-531f-a4fd-e63d0d3c4b78,,/Users/iktahana/Genji/pending/needs_reading/U+6800-U+68FF/棄場.json,1,
棄山,11,,,0,suspected_fragment,keep_pending,embedded evidence is insufficient for automatic rejection,,77d0cc51-6109-5739-91f2-88b07b9e347d,,/Users/iktahana/Genji/pending/needs_reading/U+6800-U+68FF/棄山.json,1,
棄科,6,,,0,suspected_fragment,reject_fragment,all occurrences are embedded across at least two works and authoritative dictionaries have no exact headword,,5c5c366d-138a-5f73-8f9c-5d0204bc1307,,/Users/iktahana/Genji/pending/needs_reading/U+6800-U+68FF/棄科.json,1,
棄鉢,67,すてばち,aozora_ruby,31,suspected_fragment,keep_pending,at least one example contains an independent use,,105392b3-11f6-5093-9117-38091ffc24d9,,/Users/iktahana/Genji/pending/needs_reading/U+6800-U+68FF/棄鉢.json,1,
棋盤,17,きばん|ごばん,aozora_ruby,5,source_conflict,conflict,sources disagree on the complete-entry reading,,034a4cbc-a3fa-514a-92fa-1459de04de6a,,/Users/iktahana/Genji/pending/needs_reading/U+6800-U+68FF/棋盤.json,1,
棕軒,12,そうけん,aozora_ruby,1,suspected_fragment,keep_pending,at least one example contains an independent use,,c021c969-e037-5a41-a1fa-ceeef9baa19a,,/Users/iktahana/Genji/pending/needs_reading/U+6800-U+68FF/棕軒.json,1,
棟々,7,むねむね,aozora_ruby,1,suspected_fragment,keep_pending,at least one example contains an independent use,,cfafd337-81fc-5789-a51b-373bcb174402,,/Users/iktahana/Genji/pending/needs_reading/U+6800-U+68FF/棟々.json,1,
棠,28,たう|とう,aozora_ruby,2,source_conflict,conflict,sources disagree on the complete-entry reading,,033ab8ab-308e-5053-a32a-3167cbfbe9d3,,/Users/iktahana/Genji/pending/needs_reading/U+6800-U+68FF/棠.json,1,
棠助,25,たうすけ|とうすけ,aozora_ruby,2,source_conflict,conflict,sources disagree on the complete-entry reading,,5a4de883-50d5-5c56-9ad9-25ea78204b9a,,/Users/iktahana/Genji/pending/needs_reading/U+6800-U+68FF/棠助.json,1,
棠園,8,たうゑん,aozora_ruby,1,suspected_fragment,keep_pending,at least one example contains an independent use,,71fd727b-227a-5739-9a56-74a0fda5201c,,/Users/iktahana/Genji/pending/needs_reading/U+6800-U+68FF/棠園.json,1,
棠蔭,5,とういん,aozora_ruby,2,suspected_fragment,reject_fragment,all occurrences are embedded across at least two works and authoritative dictionaries have no exact headword,,92340fba-0caa-5e6e-bf8d-a02146c99aa4,,/Users/iktahana/Genji/pending/needs_reading/U+6800-U+68FF/棠蔭.json,1,
棠軒,290,たうけん|とうけん,aozora_ruby,2,source_conflict,conflict,sources disagree on the complete-entry reading,,7db40861-62cd-58a0-b7aa-3a123c5c7e42,,/Users/iktahana/Genji/pending/needs_reading/U+6800-U+68FF/棠軒.json,1,
棲木,5,とまりぎ,aozora_ruby,5,suspected_fragment,keep_pending,at least one example contains an independent use,,f3163176-a1ac-5a6f-acc5-86b1e34994b2,,/Users/iktahana/Genji/pending/needs_reading/U+6800-U+68FF/棲木.json,1,
棲架,18,とまりぎ,aozora_ruby,2,suspected_fragment,keep_pending,at least one example contains an independent use,,a3d6a84a-a05d-571f-96ea-83627f06a06e,,/Users/iktahana/Genji/pending/needs_reading/U+6800-U+68FF/棲架.json,1,
棲霞,6,,,0,suspected_fragment,reject_fragment,all occurrences are embedded across at least two works and authoritative dictionaries have no exact headword,,5aae47b5-b54a-5e91-8208-c83fb84461cb,,/Users/iktahana/Genji/pending/needs_reading/U+6800-U+68FF/棲霞.json,1,
様云,7,,,0,suspected_fragment,reject_fragment,all occurrences are embedded across at least two works and authoritative dictionaries have no exact headword,,ac102b14-ffaf-5331-b94d-5b8c533e0131,,/Users/iktahana/Genji/pending/needs_reading/U+6900-U+69FF/サマ云.json,1,
様兩,1,,,0,unmatched,keep_pending,no accepted complete-entry evidence,,47af6635-fb19-5a83-8e0e-ab47456a54f6,,/Users/iktahana/Genji/pending/needs_reading/U+6900-U+69FF/サマ兩.json,1,
様勿,1,,,0,unmatched,keep_pending,no accepted complete-entry evidence,,a475faa3-48b1-53d3-96b0-c4a4bfdde54c,,/Users/iktahana/Genji/pending/needs_reading/U+6900-U+69FF/サマ勿.json,1,
様奉,1,,,0,suspected_fragment,reject_fragment,all occurrences are embedded across at least two works and authoritative dictionaries have no exact headword,,9974474a-96ae-5c1d-abe0-f39f7a83538a,,/Users/iktahana/Genji/pending/needs_reading/U+6900-U+69FF/サマ奉.json,1,
様如,5,,,0,suspected_fragment,reject_fragment,all occurrences are embedded across at least two works and authoritative dictionaries have no exact headword,,0311fa36-b79e-57fa-9120-1c96b76dcb12,,/Users/iktahana/Genji/pending/needs_reading/U+6900-U+69FF/サマ如.json,1,
様愍,1,,,0,unmatched,keep_pending,no accepted complete-entry evidence,,91f577cf-688d-5e35-992c-16044772c6f7,,/Users/iktahana/Genji/pending/needs_reading/U+6900-U+69FF/サマ愍.json,1,
様慰,1,,,0,suspected_fragment,keep_pending,embedded evidence is insufficient for automatic rejection,,12633ee7-bb6d-5826-ad40-fc4b0dc6e0ba,,/Users/iktahana/Genji/pending/needs_reading/U+6900-U+69FF/サマ慰.json,1,
様歸,1,,,0,unmatched,keep_pending,no accepted complete-entry evidence,,f3caf8d5-df98-52dd-a2db-928d692bd643,,/Users/iktahana/Genji/pending/needs_reading/U+6900-U+69FF/サマ歸.json,1,
様沐,1,,,0,unmatched,keep_pending,no accepted complete-entry evidence,,c8c56051-7817-519f-bdd7-3a03c82ec7e2,,/Users/iktahana/Genji/pending/needs_reading/U+6900-U+69FF/サマ沐.json,1,
様疼,1,,,0,suspected_fragment,keep_pending,embedded evidence is insufficient for automatic rejection,,7af42349-7efa-5529-bad4-29734f730cd2,,/Users/iktahana/Genji/pending/needs_reading/U+6900-U+69FF/サマ疼.json,1,
様那,1,,,0,suspected_fragment,keep_pending,embedded evidence is insufficient for automatic rejection,,998b1aa6-debb-5f2d-b7d2-3341bb4eac62,,/Users/iktahana/Genji/pending/needs_reading/U+6900-U+69FF/サマ那.json,1,
槍尖,1,そうせん|やりさき|ランス・ヘッド,aozora_ruby,10,source_conflict,conflict,sources disagree on the complete-entry reading,,51b2a67e-46d9-54fd-bbe9-2d079c45a66d,,/Users/iktahana/Genji/pending/needs_reading/U+6900-U+69FF/ヤリ尖.json,1,
槍揮,2,,,0,suspected_fragment,reject_fragment,all occurrences are embedded across at least two works and authoritative dictionaries have no exact headword,,c5739a74-6f25-5ed1-b79d-b524c30e4f7b,,/Users/iktahana/Genji/pending/needs_reading/U+6900-U+69FF/ヤリ揮.json,1,
椈,48,ぶな,aozora_ruby|jmdict,22,suspected_fragment,keep_pending,single-character entries require individual review,,c1c3acfe-9f61-5c1d-aa40-75ed49185162,,/Users/iktahana/Genji/pending/needs_reading/U+6900-U+69FF/椈.json,1,
椈倉,8,,,0,suspected_fragment,reject_fragment,all occurrences are embedded across at least two works and authoritative dictionaries have no exact headword,,dde8aacb-61ba-5554-99fe-3fd9d5e4eccd,,/Users/iktahana/Genji/pending/needs_reading/U+6900-U+69FF/椈倉.json,1,
椏篇,6,,,0,suspected_fragment,reject_fragment,all occurrences are embedded across at least two works and authoritative dictionaries have no exact headword,,f6ebd77c-02f0-5c28-b5bf-c00d83933280,,/Users/iktahana/Genji/pending/needs_reading/U+6900-U+69FF/椏篇.json,1,
椙女,11,すぎじょ,aozora_ruby,1,suspected_fragment,keep_pending,at least one example contains an independent use,,8f5aa5e9-2177-5a55-a34e-3982b12196ce,,/Users/iktahana/Genji/pending/needs_reading/U+6900-U+69FF/椙女.json,1,
楙,44,しげる,jmnedict,1,suspected_fragment,keep_pending,single-character entries require individual review,,db2b695b-1883-523e-90fc-203a232a4111,,/Users/iktahana/Genji/pending/needs_reading/U+6900-U+69FF/楙.json,1,
業々,33,ぎょうぎょう|わざわざ,aozora_ruby,7,invalid_unicode,keep_pending,a source supplied a reading containing illegal characters,,51c551a7-c880-556e-9e2f-85490d7d9903,,/Users/iktahana/Genji/pending/needs_reading/U+6900-U+69FF/業々.json,1,
楳拝,4,,,0,suspected_fragment,reject_fragment,all occurrences are embedded across at least two works and authoritative dictionaries have no exact headword,,f32c5a4e-64d9-536d-850a-48d721963734,,/Users/iktahana/Genji/pending/needs_reading/U+6900-U+69FF/楳拝.json,1,
概皆,4,,,0,suspected_fragment,reject_fragment,all occurrences are embedded across at least two works and authoritative dictionaries have no exact headword,,be76551a-1a47-53c7-9bd1-39b0462a75a4,,/Users/iktahana/Genji/pending/needs_reading/U+6900-U+69FF/概皆.json,1,
概觀,7,がいかん,aozora_ruby,1,suspected_fragment,keep_pending,at least one example contains an independent use,,ce996b53-8fe9-5614-a2c5-1f144cbf35ec,,/Users/iktahana/Genji/pending/needs_reading/U+6900-U+69FF/概觀.json,1,
榔,5,,,0,suspected_fragment,keep_pending,single-character entries require individual review,,060d1260-e30a-5030-9968-b17ed3e5f7b3,,/Users/iktahana/Genji/pending/needs_reading/U+6900-U+69FF/榔.json,1,
槁,19,か|けやき|さを|たかこう,aozora_ruby|jmnedict,6,ambiguous,conflict,jmnedict has multiple applicable full-entry readings,,99e2102b-59fc-5daa-aa65-723f37627a82,,/Users/iktahana/Genji/pending/needs_reading/U+6900-U+69FF/槁.json,1,
槁根,4,,,0,suspected_fragment,reject_fragment,all occurrences are embedded across at least two works and authoritative dictionaries have no exact headword,,7cadf587-8d9b-5a05-8154-44b7c1fac676,,/Users/iktahana/Genji/pending/needs_reading/U+6900-U+69FF/槁根.json,1,
槃,8,はん|ばん,aozora_ruby,2,source_conflict,conflict,sources disagree on the complete-entry reading,,d3b18e95-dc34-5a51-a16c-a0da1c1b88f1,,/Users/iktahana/Genji/pending/needs_reading/U+6900-U+69FF/槃.json,1,
槃荼,4,,,0,suspected_fragment,reject_fragment,all occurrences are embedded across at least two works and authoritative dictionaries have no exact headword,,d4731276-f0db-5f13-b7c3-ab1270419d7d,,/Users/iktahana/Genji/pending/needs_reading/U+6900-U+69FF/槃荼.json,1,
槃陀,4,,,0,suspected_fragment,reject_fragment,all occurrences are embedded across at least two works and authoritative dictionaries have no exact headword,,8fb8c33a-4206-5188-8a4e-88fca7eb9c2d,,/Users/iktahana/Genji/pending/needs_reading/U+6900-U+69FF/槃陀.json,1,
槊,13,さく|ほこ,aozora_ruby,10,source_conflict,conflict,sources disagree on the complete-entry reading,,2dffe3c3-0967-55b2-bbd9-a0850888f489,,/Users/iktahana/Genji/pending/needs_reading/U+6900-U+69FF/槊.json,1,
槎,13,いかだ|うきゝ,aozora_ruby,2,source_conflict,conflict,sources disagree on the complete-entry reading,,6b5fb3a3-912e-50d7-866f-ecc2fcc3561d,,/Users/iktahana/Genji/pending/needs_reading/U+6900-U+69FF/槎.json,1,
槎菜,4,,,0,suspected_fragment,keep_pending,embedded evidence is insufficient for automatic rejection,,1ce0ed32-b1c6-59b4-a78d-a1a434328a3a,,/Users/iktahana/Genji/pending/needs_reading/U+6900-U+69FF/槎菜.json,1,
槭,24,かえで|けやき|はぜ|もみじ|もみぢ,aozora_ruby,10,source_conflict,conflict,sources disagree on the complete-entry reading,,9309ac95-1a52-5b3b-8515-8844f7d48552,,/Users/iktahana/Genji/pending/needs_reading/U+6900-U+69FF/槭.json,1,
樔,9,,,0,suspected_fragment,keep_pending,single-character entries require individual review,,8fd3e5e9-fc40-51b2-9a68-fb29e7124f24,,/Users/iktahana/Genji/pending/needs_reading/U+6A00-U+6AFF/樔.json,1,
橋々,22,,,0,suspected_fragment,keep_pending,at least one example contains an independent use,,fa86c231-5ea3-50b0-9561-32e10af0363d,,/Users/iktahana/Genji/pending/needs_reading/U+6A00-U+6AFF/橋々.json,1,
檐,128,かつ|のき|ひさし|やぐら,aozora_ruby|jmdict,73,source_conflict,conflict,sources disagree on the complete-entry reading,,cde553ab-c7f4-5fb5-91d6-5f80502d7819,,/Users/iktahana/Genji/pending/needs_reading/U+6A00-U+6AFF/檐.json,1,
檗山,6,,,0,suspected_fragment,keep_pending,at least one example contains an independent use,,16f99a7a-4c14-57cb-a64a-cc047c283023,,/Users/iktahana/Genji/pending/needs_reading/U+6A00-U+6AFF/檗山.json,1,
檠,7,けい,aozora_ruby,1,suspected_fragment,keep_pending,single-character entries require individual review,,1a541abf-a8c7-5fa2-b849-e9229359d9be,,/Users/iktahana/Genji/pending/needs_reading/U+6A00-U+6AFF/檠.json,1,
檮,26,いちい|かし,aozora_ruby,2,source_conflict,conflict,sources disagree on the complete-entry reading,,017fbeda-eb74-5d9e-aeae-6840e511e1f9,,/Users/iktahana/Genji/pending/needs_reading/U+6A00-U+6AFF/檮.json,1,
櫓々,8,やぐらやぐら,aozora_ruby,1,invalid_unicode,keep_pending,a source supplied a reading containing illegal characters,,d77a1862-3d96-5d61-b6e1-e2a335a628bd,,/Users/iktahana/Genji/pending/needs_reading/U+6A00-U+6AFF/櫓々.json,1,
櫚,6,,,0,suspected_fragment,keep_pending,single-character entries require individual review,,04ba7a9e-9840-5e83-b323-6ffce3dab195,,/Users/iktahana/Genji/pending/needs_reading/U+6A00-U+6AFF/櫚.json,1,
櫺,6,れんじ,aozora_ruby,1,suspected_fragment,keep_pending,single-character entries require individual review,,7a578e9a-2cc7-563f-8430-82efdaad3a1a,,/Users/iktahana/Genji/pending/needs_reading/U+6A00-U+6AFF/櫺.json,1,
欧送,1,,,0,suspected_fragment,reject_fragment,all occurrences are embedded across at least two works and authoritative dictionaries have no exact headword,,0876f508-78d1-591e-af50-cb2501fe78c5,,/Users/iktahana/Genji/pending/needs_reading/U+6B00-U+6BFF/オウ送.json,1,
欧釆,1,,,0,suspected_fragment,keep_pending,embedded evidence is insufficient for automatic rejection,,da90a812-1ba4-571b-a8a5-fa06bc7709e6,,/Users/iktahana/Genji/pending/needs_reading/U+6B00-U+6BFF/オウ釆.json,1,
殻曝,1,,,0,unmatched,keep_pending,no accepted complete-entry evidence,,bc430f2c-a96d-5795-ba2c-ca8e2aede3b7,,/Users/iktahana/Genji/pending/needs_reading/U+6B00-U+6BFF/カラ曝.json,1,
殻枳,1,,,0,unmatched,keep_pending,no accepted complete-entry evidence,,f7b478d6-0233-54fd-812c-cb35f83183ee,,/Users/iktahana/Genji/pending/needs_reading/U+6B00-U+6BFF/カラ枳.json,1,
殻而,2,,,0,suspected_fragment,keep_pending,embedded evidence is insufficient for automatic rejection,,4ed46078-7014-56e6-86a3-8c2fdf16c7ba,,/Users/iktahana/Genji/pending/needs_reading/U+6B00-U+6BFF/カラ而.json,1,
殻蕎,1,,,0,suspected_fragment,keep_pending,embedded evidence is insufficient for automatic rejection,,68a5d48e-9cbe-5631-a477-60d32d3f7770,,/Users/iktahana/Genji/pending/needs_reading/U+6B00-U+6BFF/カラ蕎.json,1,
欠壌,1,,,0,suspected_fragment,keep_pending,embedded evidence is insufficient for automatic rejection,,80902b2d-a9ba-5520-80e7-456c461e714e,,/Users/iktahana/Genji/pending/needs_reading/U+6B00-U+6BFF/ケツ壌.json,1,
欠擂,2,,,0,suspected_fragment,reject_fragment,all occurrences are embedded across at least two works and authoritative dictionaries have no exact headword,,d77d26a9-0c71-5982-ba3d-81aebf17c7ce,,/Users/iktahana/Genji/pending/needs_reading/U+6B00-U+6BFF/ケツ擂.json,1,
欠潰,1,けっかい,aozora_ruby,1,suspected_fragment,reject_fragment,all occurrences are embedded across at least two works and authoritative dictionaries have no exact headword,,3a012256-bab5-5d59-a2ab-fdec5231961c,,/Users/iktahana/Genji/pending/needs_reading/U+6B00-U+6BFF/ケツ潰.json,1,
残劣,2,,,0,suspected_fragment,keep_pending,embedded evidence is insufficient for automatic rejection,,55716528-fa98-505c-9ccc-ae660a584f86,,/Users/iktahana/Genji/pending/needs_reading/U+6B00-U+6BFF/ザン劣.json,1,
残甓,1,,,0,suspected_fragment,keep_pending,embedded evidence is insufficient for automatic rejection,,63e0775b-62b4-5bab-b6c7-89a2a882a16d,,/Users/iktahana/Genji/pending/needs_reading/U+6B00-U+6BFF/ザン甓.json,1,
歯咬,1,はが|はがみ,aozora_ruby,12,source_conflict,conflict,sources disagree on the complete-entry reading,,4f852d1b-2c4f-552b-a5dc-619ae66ba61a,,/Users/iktahana/Genji/pending/needs_reading/U+6B00-U+6BFF/ハ咬.json,1,
歯恰,1,,,0,suspected_fragment,keep_pending,embedded evidence is insufficient for automatic rejection,,df1583dc-9b17-5933-bfd1-b2b47d5a74c7,,/Users/iktahana/Genji/pending/needs_reading/U+6B00-U+6BFF/ハ恰.json,1,
歯掻,1,はが,aozora_ruby,1,suspected_fragment,reject_fragment,all occurrences are embedded across at least two works and authoritative dictionaries have no exact headword,,40a1712c-fe9c-52f0-ac93-b123b220725e,,/Users/iktahana/Genji/pending/needs_reading/U+6B00-U+6BFF/ハ掻.json,1,
歯癢,1,はが|はがゆ,aozora_ruby,6,source_conflict,conflict,sources disagree on the complete-entry reading,,8d8c737f-1ead-5428-bde0-82db64dfe43b,,/Users/iktahana/Genji/pending/needs_reading/U+6B00-U+6BFF/ハ癢.json,1,
歯睇,1,,,0,suspected_fragment,keep_pending,embedded evidence is insufficient for automatic rejection,,3f019c21-edf4-549e-9271-46aa81eebb11,,/Users/iktahana/Genji/pending/needs_reading/U+6B00-U+6BFF/ハ睇.json,1,
歯腐,1,,,0,unmatched,keep_pending,no accepted complete-entry evidence,,3aa93282-0196-5796-80d5-8c6e6bb61aa3,,/Users/iktahana/Genji/pending/needs_reading/U+6B00-U+6BFF/ハ腐.json,1,
欒,26,らん,jmnedict,1,suspected_fragment,keep_pending,single-character entries require individual review,,8ef2cd52-120d-5f35-b0bf-1eef287d6dbf,,/Users/iktahana/Genji/pending/needs_reading/U+6B00-U+6BFF/欒.json,1,
欒廷,15,,,0,suspected_fragment,keep_pending,embedded evidence is insufficient for automatic rejection,,36d8a3f9-4b6e-58f1-96af-5cb0c80e81a2,,/Users/iktahana/Genji/pending/needs_reading/U+6B00-U+6BFF/欒廷.json,1,
欷,8,しゃく|すす|すゝ|そば|そばだ|な,aozora_ruby,8,source_conflict,conflict,sources disagree on the complete-entry reading,,85d8b33c-c77a-56ef-89f6-b1535140fbbf,,/Users/iktahana/Genji/pending/needs_reading/U+6B00-U+6BFF/欷.json,1,
欹,35,かたむ|そば|そばた|そばたつ|そばだ|そばだつ|そばだて|た|たっ,aozora_ruby,134,source_conflict,conflict,sources disagree on the complete-entry reading,,0e0591d3-97dd-51c9-92cc-ed919e1e4de8,,/Users/iktahana/Genji/pending/needs_reading/U+6B00-U+6BFF/欹.json,1,
欹枕,4,,,0,suspected_fragment,keep_pending,embedded evidence is insufficient for automatic rejection,,c4ab430e-e540-596e-b3bd-6a1b2ad5a040,,/Users/iktahana/Genji/pending/needs_reading/U+6B00-U+6BFF/欹枕.json,1,
欺術,4,トリック,aozora_ruby,1,suspected_fragment,reject_fragment,all occurrences are embedded across at least two works and authoritative dictionaries have no exact headword,,ae892695-88ed-5544-a5f8-6d3e3eee591a,,/Users/iktahana/Genji/pending/needs_reading/U+6B00-U+6BFF/欺術.json,1,
歃,4,すす,aozora_ruby,2,suspected_fragment,keep_pending,single-character entries require individual review,,3cc5e517-22b8-519a-973f-9174312b041e,,/Users/iktahana/Genji/pending/needs_reading/U+6B00-U+6BFF/歃.json,1,
歇,23,あが|と|とど|とゞ|や|やす|やま,aozora_ruby,140,source_conflict,conflict,sources disagree on the complete-entry reading,,89ed23d8-c9ce-56e5-bdef-2c7c76f43e07,,/Users/iktahana/Genji/pending/needs_reading/U+6B00-U+6BFF/歇.json,1,
歇私,25,,,0,suspected_fragment,reject_fragment,all occurrences are embedded across at least two works and authoritative dictionaries have no exact headword,,eb3c6027-7eae-5bce-933e-d0c21bf3d450,,/Users/iktahana/Genji/pending/needs_reading/U+6B00-U+6BFF/歇私.json,1,
歌々,5,,,0,unmatched,keep_pending,no accepted complete-entry evidence,,4467410b-5a39-57d1-acfa-430fd4f24b5b,,/Users/iktahana/Genji/pending/needs_reading/U+6B00-U+6BFF/歌々.json,1,
歔,7,しゃく|すす|な,aozora_ruby,4,source_conflict,conflict,sources disagree on the complete-entry reading,,a4d47b5f-3b7f-5438-baa6-2e7d047a82ee,,/Users/iktahana/Genji/pending/needs_reading/U+6B00-U+6BFF/歔.json,1,
歛,19,あつ|おさ|や|をさ|をさま,aozora_ruby,9,source_conflict,conflict,sources disagree on the complete-entry reading,,98118f22-5939-531a-be8e-129fe082218f,,/Users/iktahana/Genji/pending/needs_reading/U+6B00-U+6BFF/歛.json,1,
死々,9,,,0,suspected_fragment,reject_fragment,all occurrences are embedded across at least two works and authoritative dictionaries have no exact headword,,08f7258c-c215-544c-9749-ee186e7c2e99,,/Users/iktahana/Genji/pending/needs_reading/U+6B00-U+6BFF/死々.json,1,
殃々,16,,,0,suspected_fragment,keep_pending,embedded evidence is insufficient for automatic rejection,,77f3fbc1-b68a-516a-9ec5-cdecacbd9f1e,,/Users/iktahana/Genji/pending/needs_reading/U+6B00-U+6BFF/殃々.json,1,
殄,5,てん|ほろ,aozora_ruby,2,source_conflict,conflict,sources disagree on the complete-entry reading,,5f6588fb-c04e-5529-8ad1-6b6771fb214d,,/Users/iktahana/Genji/pending/needs_reading/U+6B00-U+6BFF/殄.json,1,
殆一,7,,,0,suspected_fragment,keep_pending,at least one example contains an independent use,,265dc728-e347-529d-9d0d-7c069b779cfa,,/Users/iktahana/Genji/pending/needs_reading/U+6B00-U+6BFF/殆一.json,1,
殆二,4,,,0,suspected_fragment,reject_fragment,all occurrences are embedded across at least two works and authoritative dictionaries have no exact headword,,d5ad7bf5-ba20-5dec-98d9-bc1d42220ac9,,/Users/iktahana/Genji/pending/needs_reading/U+6B00-U+6BFF/殆二.json,1,
殆人,5,,,0,suspected_fragment,reject_fragment,all occurrences are embedded across at least two works and authoritative dictionaries have no exact headword,,9937e757-f577-5b05-a8cd-0489a039fb8e,,/Users/iktahana/Genji/pending/needs_reading/U+6B00-U+6BFF/殆人.json,1,
殆何,6,,,0,suspected_fragment,keep_pending,at least one example contains an independent use,,f3545e78-e39e-546a-9060-e753d2eed274,,/Users/iktahana/Genji/pending/needs_reading/U+6B00-U+6BFF/殆何.json,1,
殆毎,8,,,0,suspected_fragment,reject_fragment,all occurrences are embedded across at least two works and authoritative dictionaries have no exact headword,,ad5212a8-a732-561c-8db5-822b6748e12b,,/Users/iktahana/Genji/pending/needs_reading/U+6B00-U+6BFF/殆毎.json,1,
殆無,14,,,0,suspected_fragment,keep_pending,at least one example contains an independent use,,6e19b106-c635-5dec-ab69-781fb3f8f292,,/Users/iktahana/Genji/pending/needs_reading/U+6B00-U+6BFF/殆無.json,1,
殤,4,しょう,aozora_ruby,2,suspected_fragment,keep_pending,single-character entries require individual review,,821ae4aa-c793-5024-af5c-459ba89b16df,,/Users/iktahana/Genji/pending/needs_reading/U+6B00-U+6BFF/殤.json,1,
殫,8,つく,aozora_ruby,5,suspected_fragment,keep_pending,single-character entries require individual review,,5a2dd33f-e1f7-5bc5-8fde-00030e2cf21c,,/Users/iktahana/Genji/pending/needs_reading/U+6B00-U+6BFF/殫.json,1,
殺々,5,,,0,suspected_fragment,keep_pending,embedded evidence is insufficient for automatic rejection,,8aac0bd5-804c-52c0-a0c9-019c08365602,,/Users/iktahana/Genji/pending/needs_reading/U+6B00-U+6BFF/殺々.json,1,
毀雪,4,,,0,suspected_fragment,reject_fragment,all occurrences are embedded across at least two works and authoritative dictionaries have no exact headword,,6129bc43-9a03-5e1f-86c6-80875ebc394f,,/Users/iktahana/Genji/pending/needs_reading/U+6B00-U+6BFF/毀雪.json,1,
毋,6,なか,aozora_ruby,2,suspected_fragment,keep_pending,single-character entries require individual review,,1723c585-a9b7-5e65-87e8-460c4532c3ca,,/Users/iktahana/Genji/pending/needs_reading/U+6B00-U+6BFF/毋.json,1,
毘,69,ひ,aozora_ruby,1,suspected_fragment,keep_pending,single-character entries require individual review,,6be79fcf-71b8-59a3-ad09-b10c709f331f,,/Users/iktahana/Genji/pending/needs_reading/U+6B00-U+6BFF/毘.json,1,
毘廬,4,,,0,suspected_fragment,reject_fragment,all occurrences are embedded across at least two works and authoritative dictionaries have no exact headword,,9149ccab-db6e-5584-b117-f18ea22f3dc7,,/Users/iktahana/Genji/pending/needs_reading/U+6B00-U+6BFF/毘廬.json,1,
毘毘,5,,,0,suspected_fragment,reject_fragment,all occurrences are embedded across at least two works and authoritative dictionaries have no exact headword,,86433392-ad32-5b52-adb0-e7cf4eeacc7d,,/Users/iktahana/Genji/pending/needs_reading/U+6B00-U+6BFF/毘毘.json,1,
毘沙,9,,,0,suspected_fragment,reject_fragment,all occurrences are embedded across at least two works and authoritative dictionaries have no exact headword,,cfaf183f-e7c0-5b31-ae18-3991e6bc2034,,/Users/iktahana/Genji/pending/needs_reading/U+6B00-U+6BFF/毘沙.json,1,
毘留,4,,,0,suspected_fragment,reject_fragment,all occurrences are embedded across at least two works and authoritative dictionaries have no exact headword,,d3da50f3-1639-5f24-b32d-a18717bdbb4e,,/Users/iktahana/Genji/pending/needs_reading/U+6B00-U+6BFF/毘留.json,1,
毘羅,4,,,0,suspected_fragment,reject_fragment,all occurrences are embedded across at least two works and authoritative dictionaries have no exact headword,,53359606-8c2f-5775-9663-3987be0190e0,,/Users/iktahana/Genji/pending/needs_reading/U+6B00-U+6BFF/毘羅.json,1,
毘陵,13,びりょう|びりよう,aozora_ruby,3,source_conflict,conflict,sources disagree on the complete-entry reading,,1c16025b-29e9-5bfd-936e-a04f01662598,,/Users/iktahana/Genji/pending/needs_reading/U+6B00-U+6BFF/毘陵.json,1,
毳々,4,けばけば|むくむく,aozora_ruby,2,source_conflict,conflict,sources disagree on the complete-entry reading,,da0b9d48-781c-52f6-912c-e5b4e2ba7b83,,/Users/iktahana/Genji/pending/needs_reading/U+6B00-U+6BFF/毳々.json,1,
氏々,75,,,0,suspected_fragment,keep_pending,at least one example contains an independent use,,3f11c526-6c48-565c-bba7-2481116211d0,,/Users/iktahana/Genji/pending/needs_reading/U+6C00-U+6CFF/氏々.json,1,
氓,10,ちゅぼう|ほろ|みん,aozora_ruby,5,source_conflict,conflict,sources disagree on the complete-entry reading,,6586dc70-2b82-5c2e-ad01-ba8ef4870407,,/Users/iktahana/Genji/pending/needs_reading/U+6C00-U+6CFF/氓.json,1,
氛,8,,,0,suspected_fragment,keep_pending,single-character entries require individual review,,0e1e00b7-bc52-5d43-89a1-183f1307fad9,,/Users/iktahana/Genji/pending/needs_reading/U+6C00-U+6CFF/氛.json,1,
氤,7,,,0,suspected_fragment,keep_pending,single-character entries require individual review,,0cac1da0-3fed-56b3-a7c8-b6d7db3af3fa,,/Users/iktahana/Genji/pending/needs_reading/U+6C00-U+6CFF/氤.json,1,
水々,14,みずみず|みなみ|ママ,aozora_ruby|jmnedict,10,invalid_unicode,keep_pending,a source supplied a reading containing illegal characters,,981bae5b-270b-5dcd-ba81-5c13d6ce9fd6,,/Users/iktahana/Genji/pending/needs_reading/U+6C00-U+6CFF/水々.json,1,
汨董,4,,,0,suspected_fragment,keep_pending,embedded evidence is insufficient for automatic rejection,,557818bb-5beb-5644-bbeb-c74762ba4791,,/Users/iktahana/Genji/pending/needs_reading/U+6C00-U+6CFF/汨董.json,1,
汾,18,かわ|ふん,aozora_ruby|jmnedict,3,source_conflict,conflict,sources disagree on the complete-entry reading,,0348bd2b-a595-5cec-8419-80baefaf3ba8,,/Users/iktahana/Genji/pending/needs_reading/U+6C00-U+6CFF/汾.json,1,
沁,48,し|しみ|しむ|しん|じ|にじ,aozora_ruby,383,source_conflict,conflict,sources disagree on the complete-entry reading,,fba62dce-4663-54a8-9da8-7604758fcc6b,,/Users/iktahana/Genji/pending/needs_reading/U+6C00-U+6CFF/沁.json,1,
沁々,375,しみじみ,aozora_ruby,102,invalid_unicode,keep_pending,a source supplied a reading containing illegal characters,,03cad134-63dc-5191-9c06-dd7c4f5e4022,,/Users/iktahana/Genji/pending/needs_reading/U+6C00-U+6CFF/沁々.json,1,
沁出,7,しみだ|にじみ,aozora_ruby,4,source_conflict,conflict,sources disagree on the complete-entry reading,,7a577845-be03-5f86-bff2-1931ebfa891c,,/Users/iktahana/Genji/pending/needs_reading/U+6C00-U+6CFF/沁出.json,1,
沁沁,5,しみじみ,aozora_ruby|jmdict,2,suspected_fragment,keep_pending,at least one example contains an independent use,,8286bf7a-6c99-57b8-a937-bcffd82356be,,/Users/iktahana/Genji/pending/needs_reading/U+6C00-U+6CFF/沁沁.json,1,
沁込,7,しみこ,aozora_ruby,4,suspected_fragment,reject_fragment,all occurrences are embedded across at least two works and authoritative dictionaries have no exact headword,,39563bf3-f472-5436-b03b-9afe57ae7146,,/Users/iktahana/Genji/pending/needs_reading/U+6C00-U+6CFF/沁込.json,1,
沂,13,き|さかのぼ,aozora_ruby,4,source_conflict,conflict,sources disagree on the complete-entry reading,,ff7387b7-f7e8-5a44-a6f1-dd9a64e05e93,,/Users/iktahana/Genji/pending/needs_reading/U+6C00-U+6CFF/沂.json,1,
沂嶺,14,きれい,aozora_ruby,1,suspected_fragment,keep_pending,at least one example contains an independent use,,ea0cd06d-978e-595e-ae66-e79880e6f2a3,,/Users/iktahana/Genji/pending/needs_reading/U+6C00-U+6CFF/沂嶺.json,1,
沌,4,,,0,suspected_fragment,keep_pending,single-character entries require individual review,,ebd3ecdc-07a5-534a-b271-041f7b93ac3f,,/Users/iktahana/Genji/pending/needs_reading/U+6C00-U+6CFF/沌.json,1,
沍,11,い|いて|こお|さ|サ,aozora_ruby,8,source_conflict,conflict,sources disagree on the complete-entry reading,,4dc78ff3-a6d9-5f61-9dbc-2f0aae3afb1e,,/Users/iktahana/Genji/pending/needs_reading/U+6C00-U+6CFF/沍.json,1,
沢々,5,つやつや,aozora_ruby,5,suspected_fragment,keep_pending,at least one example contains an independent use,,f85f72a4-7476-5ad2-9c39-f18ab146c6ed,,/Users/iktahana/Genji/pending/needs_reading/U+6C00-U+6CFF/沢々.json,1,
沫那,9,,,0,suspected_fragment,reject_fragment,all occurrences are embedded across at least two works and authoritative dictionaries have no exact headword,,820d9aae-8733-5fe0-9231-b12e1491248c,,/Users/iktahana/Genji/pending/needs_reading/U+6C00-U+6CFF/沫那.json,1,
河々,9,,,0,invalid_unicode,keep_pending,a source supplied a reading containing illegal characters,,cf5b9436-6a92-5411-b34d-8f74914435b7,,/Users/iktahana/Genji/pending/needs_reading/U+6C00-U+6CFF/河々.json,1,
沽,57,う|うる|うるお|か|こ|こか|ぬ|ウ,aozora_ruby,22,source_conflict,conflict,sources disagree on the complete-entry reading,,4a54979f-177f-557c-a92f-0b9c17b52a7b,,/Users/iktahana/Genji/pending/needs_reading/U+6C00-U+6CFF/沽.json,1,
沾,74,うる|うるお|うるほ|し|しめ|ぬ|ぬら|ぬれ,aozora_ruby,48,source_conflict,conflict,sources disagree on the complete-entry reading,,00bc7465-82c7-534c-9468-074719711f4c,,/Users/iktahana/Genji/pending/needs_reading/U+6C00-U+6CFF/沾.json,1,
泅,6,およ,aozora_ruby,4,suspected_fragment,keep_pending,single-character entries require individual review,,3994cc22-8158-50d1-92d4-6c9cba4cd7e0,,/Users/iktahana/Genji/pending/needs_reading/U+6C00-U+6CFF/泅.json,1,
泌々,33,しみじみ,aozora_ruby,9,invalid_unicode,keep_pending,a source supplied a reading containing illegal characters,,cd39e180-caa6-57f2-acff-f1031202df1b,,/Users/iktahana/Genji/pending/needs_reading/U+6C00-U+6CFF/泌々.json,1,
泗,4,し,aozora_ruby,2,suspected_fragment,keep_pending,single-character entries require individual review,,af53946a-5739-5ac8-84d3-cb52799e2d1f,,/Users/iktahana/Genji/pending/needs_reading/U+6C00-U+6CFF/泗.json,1,
泗流,4,しりう,aozora_ruby,1,suspected_fragment,reject_fragment,all occurrences are embedded across at least two works and authoritative dictionaries have no exact headword,,e8a93e48-2f46-58c8-b3fe-84db3e8e7829,,/Users/iktahana/Genji/pending/needs_reading/U+6C00-U+6CFF/泗流.json,1,
泛,27,あまね|う|うか|ただよ|ひろし|ウカ,aozora_ruby|jmnedict,221,source_conflict,conflict,sources disagree on the complete-entry reading,,e8337fbf-2764-59e2-98d5-f7a6eb3ceead,,/Users/iktahana/Genji/pending/needs_reading/U+6C00-U+6CFF/泛.json,1,
泝,5,さかのぼ|さかのぼり|のぼ|のぼる,aozora_ruby|jmnedict,11,source_conflict,conflict,sources disagree on the complete-entry reading,,7e2e7ea5-5fe7-5e3d-a0bd-974db6e686e8,,/Users/iktahana/Genji/pending/needs_reading/U+6C00-U+6CFF/泝.json,1,
波々,45,なみなみ,aozora_ruby,2,invalid_unicode,keep_pending,a source supplied a reading containing illegal characters,,cf045f83-612f-5675-8116-a5dc38a8cef3,,/Users/iktahana/Genji/pending/needs_reading/U+6C00-U+6CFF/波々.json,1,
泣々,22,なきなき|なくな|なくなく,aozora_ruby,3,invalid_unicode,keep_pending,a source supplied a reading containing illegal characters,,da3a174d-7138-5e25-b995-69f9ea471e0b,,/Users/iktahana/Genji/pending/needs_reading/U+6C00-U+6CFF/泣々.json,1,
泯,13,ほろ|ほろぼ|みだ|みん,aozora_ruby|jmnedict,8,source_conflict,conflict,sources disagree on the complete-entry reading,,074c3d43-38e3-52f0-a6d3-80f814ac3ae1,,/Users/iktahana/Genji/pending/needs_reading/U+6C00-U+6CFF/泯.json,1,
涛涵,2,,,0,unmatched,keep_pending,no accepted complete-entry evidence,,230012c1-f2fe-5de6-a109-83b913ccabdc,,/Users/iktahana/Genji/pending/needs_reading/U+6D00-U+6DFF/トウ涵.json,1,
洒亜,7,しあ|しゃあ,aozora_ruby,3,source_conflict,conflict,sources disagree on the complete-entry reading,,35d09cbf-23f8-50f9-897e-50ba81ed8ccd,,/Users/iktahana/Genji/pending/needs_reading/U+6D00-U+6DFF/洒亜.json,1,
洒唖,11,しゃあ,aozora_ruby,1,suspected_fragment,reject_fragment,all occurrences are embedded across at least two works and authoritative dictionaries have no exact headword,,fa9343d0-b98f-59f8-a87e-030d05836730,,/Users/iktahana/Genji/pending/needs_reading/U+6D00-U+6DFF/洒唖.json,1,
洒張,5,さつぱ,aozora_ruby,1,suspected_fragment,reject_fragment,all occurrences are embedded across at least two works and authoritative dictionaries have no exact headword,,63fdf727-8ca1-50c7-9d25-fb064fbbacd7,,/Users/iktahana/Genji/pending/needs_reading/U+6D00-U+6DFF/洒張.json,1,
洒蛙,27,,,0,suspected_fragment,reject_fragment,all occurrences are embedded across at least two works and authoritative dictionaries have no exact headword,,6c7ffeb6-8d77-53b5-96be-1009e03c7b9b,,/Users/iktahana/Genji/pending/needs_reading/U+6D00-U+6DFF/洒蛙.json,1,
洛師,4,,,0,suspected_fragment,keep_pending,at least one example contains an independent use,,89cd0fb0-e1d4-5066-88eb-2440059142ac,,/Users/iktahana/Genji/pending/needs_reading/U+6D00-U+6DFF/洛師.json,1,
洛民,4,,,0,suspected_fragment,keep_pending,at least one example contains an independent use,,e8ff34f7-472a-5702-9eee-87136be37d86,,/Users/iktahana/Genji/pending/needs_reading/U+6D00-U+6DFF/洛民.json,1,
洛誥,12,,,0,unmatched,keep_pending,no accepted complete-entry evidence,,aa0549d1-bd34-539f-a7f1-85e449bacd4a,,/Users/iktahana/Genji/pending/needs_reading/U+6D00-U+6DFF/洛誥.json,1,
洩日,12,,,0,suspected_fragment,keep_pending,at least one example contains an independent use,,25eab47a-2ffd-587a-827b-24a047bfbb1e,,/Users/iktahana/Genji/pending/needs_reading/U+6D00-U+6DFF/洩日.json,1,
洩聞,9,もれき|もれきこ|もれぎき,aozora_ruby,5,source_conflict,conflict,sources disagree on the complete-entry reading,,8d2b7ca9-2cea-50fb-b634-27298a529468,,/Users/iktahana/Genji/pending/needs_reading/U+6D00-U+6DFF/洩聞.json,1,
活々,523,いきいき|くわつくわつ,aozora_ruby,84,invalid_unicode,keep_pending,a source supplied a reading containing illegal characters,,3aa67e8c-562a-5552-91c0-87dfe6714f37,,/Users/iktahana/Genji/pending/needs_reading/U+6D00-U+6DFF/活々.json,1,
浚稽,6,,,0,suspected_fragment,keep_pending,embedded evidence is insufficient for automatic rejection,,654ee550-e2d5-5a71-aedd-ecf7b51fc8ad,,/Users/iktahana/Genji/pending/needs_reading/U+6D00-U+6DFF/浚稽.json,1,
浮々,199,うかうか|うきうき,aozora_ruby,20,invalid_unicode,keep_pending,a source supplied a reading containing illegal characters,,56f928ad-68a1-5c38-a58c-8f6cb5bfb9c0,,/Users/iktahana/Genji/pending/needs_reading/U+6D00-U+6DFF/浮々.json,1,
浸毒,5,,,0,suspected_fragment,keep_pending,at least one example contains an independent use,,35fab5aa-34a3-53a2-9140-0a12a8a760cb,,/Users/iktahana/Genji/pending/needs_reading/U+6D00-U+6DFF/浸毒.json,1,
浸点,5,,,0,suspected_fragment,keep_pending,embedded evidence is insufficient for automatic rejection,,be13a781-0140-55fa-9668-ec68a1951da7,,/Users/iktahana/Genji/pending/needs_reading/U+6D00-U+6DFF/浸点.json,1,
浸込,9,しみこ,aozora_ruby,7,suspected_fragment,reject_fragment,all occurrences are embedded across at least two works and authoritative dictionaries have no exact headword,,44cb9687-f5b4-515f-9f38-250a83092cd7,,/Users/iktahana/Genji/pending/needs_reading/U+6D00-U+6DFF/浸込.json,1,
浸酒,7,しんしゅ|ナストイカ,aozora_ruby,2,source_conflict,conflict,sources disagree on the complete-entry reading,,a90cd3e1-a74a-5f4a-ac76-255b539736c8,,/Users/iktahana/Genji/pending/needs_reading/U+6D00-U+6DFF/浸酒.json,1,
浹,4,とおる|とほ,aozora_ruby|jmnedict,2,source_conflict,conflict,sources disagree on the complete-entry reading,,0326cf7b-5f6c-5b7f-8c11-272f39a4bdb9,,/Users/iktahana/Genji/pending/needs_reading/U+6D00-U+6DFF/浹.json,1,
消々,9,きえきえ|きえぎえ,aozora_ruby,8,invalid_unicode,keep_pending,a source supplied a reading containing illegal characters,,c7b81a2a-f8f9-5018-9677-8a9cac148aed,,/Users/iktahana/Genji/pending/needs_reading/U+6D00-U+6DFF/消々.json,1,
涓,5,けん|はうけん|ほうけん,aozora_ruby|jmnedict,3,source_conflict,conflict,sources disagree on the complete-entry reading,,be1a70c4-9a4c-5af1-9cb9-70998492e1b5,,/Users/iktahana/Genji/pending/needs_reading/U+6D00-U+6DFF/涓.json,1,
涜盧,6,,,0,suspected_fragment,keep_pending,at least one example contains an independent use,,4aac825e-6637-5935-8913-fdc3829b8e44,,/Users/iktahana/Genji/pending/needs_reading/U+6D00-U+6DFF/涜盧.json,1,
涵,77,うるお|たゝ|つか|ひた|みた,aozora_ruby,39,source_conflict,conflict,sources disagree on the complete-entry reading,,9091c085-f8ca-51f4-8ab3-be1fc15fc13a,,/Users/iktahana/Genji/pending/needs_reading/U+6D00-U+6DFF/涵.json,1,
涵徳,5,,,0,suspected_fragment,reject_fragment,all occurrences are embedded across at least two works and authoritative dictionaries have no exact headword,,34b133ae-7daf-588e-9d78-1c1613f62f29,,/Users/iktahana/Genji/pending/needs_reading/U+6D00-U+6DFF/涵徳.json,1,
涸々,5,からから,aozora_ruby,4,invalid_unicode,keep_pending,a source supplied a reading containing illegal characters,,33004564-fe49-5f64-b025-534e7c2f523b,,/Users/iktahana/Genji/pending/needs_reading/U+6D00-U+6DFF/涸々.json,1,
淆,5,ま|まじ|みだ,aozora_ruby,4,source_conflict,conflict,sources disagree on the complete-entry reading,,6193de1e-7b5d-57ba-9963-e209962fe4b3,,/Users/iktahana/Genji/pending/needs_reading/U+6D00-U+6DFF/淆.json,1,
淋酒,4,,,0,suspected_fragment,reject_fragment,all occurrences are embedded across at least two works and authoritative dictionaries have no exact headword,,df46dc59-fa7f-5f3e-a2e9-e266ea97b1b3,,/Users/iktahana/Genji/pending/needs_reading/U+6D00-U+6DFF/淋酒.json,1,
淒,7,さび,aozora_ruby,1,suspected_fragment,keep_pending,single-character entries require individual review,,79eaab28-e9c1-530b-84ac-75094ac80cb6,,/Users/iktahana/Genji/pending/needs_reading/U+6D00-U+6DFF/淒.json,1,
淞,4,むしょう,aozora_ruby,1,suspected_fragment,keep_pending,single-character entries require individual review,,9a1b1cda-2bcc-51d7-882e-073313866f52,,/Users/iktahana/Genji/pending/needs_reading/U+6D00-U+6DFF/淞.json,1,
淤,7,,,0,suspected_fragment,keep_pending,single-character entries require individual review,,475708f9-9aa1-5eff-8a69-7ffe49b54ee1,,/Users/iktahana/Genji/pending/needs_reading/U+6D00-U+6DFF/淤.json,1,
淤斯,6,,,0,suspected_fragment,reject_fragment,all occurrences are embedded across at least two works and authoritative dictionaries have no exact headword,,9bf601b2-b2d8-5f78-8092-2f8894cf3942,,/Users/iktahana/Genji/pending/needs_reading/U+6D00-U+6DFF/淤斯.json,1,
淮,52,わい,aozora_ruby,2,suspected_fragment,keep_pending,single-character entries require individual review,,b87f4e40-9fc0-5cca-b482-7461d8949d6a,,/Users/iktahana/Genji/pending/needs_reading/U+6D00-U+6DFF/淮.json,1,
淮揚,4,わいよう,aozora_ruby,1,suspected_fragment,reject_fragment,all occurrences are embedded across at least two works and authoritative dictionaries have no exact headword,,397fdc91-2fa2-5056-a172-64ab057f2a1a,,/Users/iktahana/Genji/pending/needs_reading/U+6D00-U+6DFF/淮揚.json,1,
淮泗,6,わいし,aozora_ruby,1,suspected_fragment,keep_pending,at least one example contains an independent use,,3980c30f-6915-55e8-8875-2fdaeebc3a44,,/Users/iktahana/Genji/pending/needs_reading/U+6D00-U+6DFF/淮泗.json,1,
淮西,5,わいせい,aozora_ruby,2,suspected_fragment,keep_pending,at least one example contains an independent use,,96e38583-aeab-5602-8782-9f735ccfe77e,,/Users/iktahana/Genji/pending/needs_reading/U+6D00-U+6DFF/淮西.json,1,
淹京,4,えんけい,aozora_ruby,1,suspected_fragment,keep_pending,embedded evidence is insufficient for automatic rejection,,05e065ca-0dbf-5b55-a504-ef8446a12ceb,,/Users/iktahana/Genji/pending/needs_reading/U+6D00-U+6DFF/淹京.json,1,
添下,7,そうのしも|ソフノシモ,aozora_ruby,4,source_conflict,conflict,sources disagree on the complete-entry reading,,5cf79ecd-2928-5aa1-a9b1-460ddc9b5bd7,,/Users/iktahana/Genji/pending/needs_reading/U+6D00-U+6DFF/添下.json,1,
添人,38,,,0,suspected_fragment,reject_fragment,all occurrences are embedded across at least two works and authoritative dictionaries have no exact headword,,d1976adb-e696-5ae9-9afe-29ce9fca178d,,/Users/iktahana/Genji/pending/needs_reading/U+6D00-U+6DFF/添人.json,1,
添伏,4,そひぶし,aozora_ruby,1,suspected_fragment,keep_pending,at least one example contains an independent use,,54460a92-beb9-515e-9df9-8749f4d48a52,,/Users/iktahana/Genji/pending/needs_reading/U+6D00-U+6DFF/添伏.json,1,
添候,6,,,0,suspected_fragment,reject_fragment,all occurrences are embedded across at least two works and authoritative dictionaries have no exact headword,,2ce630d7-5b59-5d25-9365-d6368933f8e3,,/Users/iktahana/Genji/pending/needs_reading/U+6D00-U+6DFF/添候.json,1,
添刪,15,てんさく|てんさん,aozora_ruby,6,source_conflict,conflict,sources disagree on the complete-entry reading,,852cafd3-b57d-54dc-84fc-142ce5b795ef,,/Users/iktahana/Genji/pending/needs_reading/U+6D00-U+6DFF/添刪.json,1,
添夫,31,,,0,suspected_fragment,reject_fragment,all occurrences are embedded across at least two works and authoritative dictionaries have no exact headword,,55eb3530-4742-5cee-a53f-ace4694ee93f,,/Users/iktahana/Genji/pending/needs_reading/U+6D00-U+6DFF/添夫.json,1,
添婆,4,,,0,suspected_fragment,reject_fragment,all occurrences are embedded across at least two works and authoritative dictionaries have no exact headword,,dc7dcab9-12aa-52b5-85c5-3a485d5f150c,,/Users/iktahana/Genji/pending/needs_reading/U+6D00-U+6DFF/添婆.json,1,
添婦,35,,,0,suspected_fragment,reject_fragment,all occurrences are embedded across at least two works and authoritative dictionaries have no exact headword,,bebe40c7-4551-54f0-9b0e-97ab852abedf,,/Users/iktahana/Genji/pending/needs_reading/U+6D00-U+6DFF/添婦.json,1,
添手,7,,,0,suspected_fragment,reject_fragment,all occurrences are embedded across at least two works and authoritative dictionaries have no exact headword,,65d963a2-6179-5108-aeff-bcbb251b20fc,,/Users/iktahana/Genji/pending/needs_reading/U+6D00-U+6DFF/添手.json,1,
添番,7,,,0,suspected_fragment,reject_fragment,all occurrences are embedded across at least two works and authoritative dictionaries have no exact headword,,d0f780ba-7b91-5779-8939-c89fe5679496,,/Users/iktahana/Genji/pending/needs_reading/U+6D00-U+6DFF/添番.json,1,
渓添,1,,,0,suspected_fragment,keep_pending,embedded evidence is insufficient for automatic rejection,,0af6c15b-de49-5a35-84e1-a5eceac81c63,,/Users/iktahana/Genji/pending/needs_reading/U+6E00-U+6EFF/ケイ添.json,1,
湿薜,2,,,0,suspected_fragment,keep_pending,embedded evidence is insufficient for automatic rejection,,0d1949cf-bf07-5859-be1c-b8a9ed9ab8c6,,/Users/iktahana/Genji/pending/needs_reading/U+6E00-U+6EFF/シツ薜.json,1,
済濡,1,,,0,suspected_fragment,keep_pending,embedded evidence is insufficient for automatic rejection,,e698815e-d99a-5816-af69-72615cb800ce,,/Users/iktahana/Genji/pending/needs_reading/U+6E00-U+6EFF/スミ濡.json,1,
済緊,1,,,0,suspected_fragment,keep_pending,embedded evidence is insufficient for automatic rejection,,898b1b87-28c2-5483-a995-f43d03e643ed,,/Users/iktahana/Genji/pending/needs_reading/U+6E00-U+6EFF/スミ緊.json,1,
済習,1,,,0,suspected_fragment,keep_pending,embedded evidence is insufficient for automatic rejection,,063aba3a-d039-5aae-9170-f88dfb163bb3,,/Users/iktahana/Genji/pending/needs_reading/U+6E00-U+6EFF/スミ習.json,1,
渣,11,かす,aozora_ruby,5,suspected_fragment,keep_pending,single-character entries require individual review,,4db62bc2-ef6a-5b08-bb6d-897493e5a299,,/Users/iktahana/Genji/pending/needs_reading/U+6E00-U+6EFF/渣.json,1,
渫,25,さら|ざら|しやく,aozora_ruby,30,source_conflict,conflict,sources disagree on the complete-entry reading,,2808b82c-62cc-5411-8d86-7542cdbab5c4,,/Users/iktahana/Genji/pending/needs_reading/U+6E00-U+6EFF/渫.json,1,
渭,8,い,aozora_ruby,1,suspected_fragment,keep_pending,single-character entries require individual review,,a87f547b-b17e-550d-a0d4-358cddb262c0,,/Users/iktahana/Genji/pending/needs_reading/U+6E00-U+6EFF/渭.json,1,
渭之,6,,,0,suspected_fragment,reject_fragment,all occurrences are embedded across at least two works and authoritative dictionaries have no exact headword,,726f014e-f728-5030-9719-36152269fc67,,/Users/iktahana/Genji/pending/needs_reading/U+6E00-U+6EFF/渭之.json,1,
渭塘,6,いとう,aozora_ruby,1,single_ruby,keep_pending,ruby occurs in only one distinct Aozora text file,,b0005c85-5292-5cb5-a65e-32815b820c73,,/Users/iktahana/Genji/pending/needs_reading/U+6E00-U+6EFF/渭塘.json,1,
渭山,5,いざん|いやま,aozora_ruby,2,source_conflict,conflict,sources disagree on the complete-entry reading,,0922c358-7a59-53ee-b649-e955109b20a8,,/Users/iktahana/Genji/pending/needs_reading/U+6E00-U+6EFF/渭山.json,1,
港々,53,みなとみなと,aozora_ruby,3,suspected_fragment,keep_pending,at least one example contains an independent use,,0bb6f815-5343-5cba-bb54-4554fa0b9224,,/Users/iktahana/Genji/pending/needs_reading/U+6E00-U+6EFF/港々.json,1,
湍,18,せ|たぎ|たん|はや|はやせ|タギ,aozora_ruby|jmdict,14,source_conflict,conflict,sources disagree on the complete-entry reading,,5b0576e0-9e58-55d3-a9a0-0ba05010da95,,/Users/iktahana/Genji/pending/needs_reading/U+6E00-U+6EFF/湍.json,1,
湫路,6,しうろ|しゅうろ,aozora_ruby,4,source_conflict,conflict,sources disagree on the complete-entry reading,,17c37733-3482-545d-a6f2-6b9ff1b9db50,,/Users/iktahana/Genji/pending/needs_reading/U+6E00-U+6EFF/湫路.json,1,
湿々,18,じめじめ,aozora_ruby,13,suspected_fragment,reject_fragment,all occurrences are embedded across at least two works and authoritative dictionaries have no exact headword,,33e3160a-527d-5ac4-8205-0416a9624cd2,,/Users/iktahana/Genji/pending/needs_reading/U+6E00-U+6EFF/湿々.json,1,
溌々,13,ばちばち|ぱちぱち,aozora_ruby,3,source_conflict,conflict,sources disagree on the complete-entry reading,,c5d14e77-218a-5dcf-a2f2-f6cf03117f6f,,/Users/iktahana/Genji/pending/needs_reading/U+6E00-U+6EFF/溌々.json,1,
溌地,8,はっち|ぱっち,aozora_ruby,2,source_conflict,conflict,sources disagree on the complete-entry reading,,8f180071-7eaa-5a09-8f80-6efddbaf8e8e,,/Users/iktahana/Genji/pending/needs_reading/U+6E00-U+6EFF/溌地.json,1,
溯,145,さか|さかの|さかのぼ|のぼ|ノボ,aozora_ruby,208,source_conflict,conflict,sources disagree on the complete-entry reading,,0f52546f-57be-53e6-8c4a-e5ce61875ca9,,/Users/iktahana/Genji/pending/needs_reading/U+6E00-U+6EFF/溯.json,1,
溯航,4,そこう,jmdict,1,suspected_fragment,reject_fragment,all occurrences are embedded across at least two works and authoritative dictionaries have no exact headword,,c7a7ffab-d398-5778-b411-95b07ebeae13,,/Users/iktahana/Genji/pending/needs_reading/U+6E00-U+6EFF/溯航.json,1,
溯閣,4,,,0,suspected_fragment,reject_fragment,all occurrences are embedded across at least two works and authoritative dictionaries have no exact headword,,39faac3b-7287-5daa-9637-c1e39a9210da,,/Users/iktahana/Genji/pending/needs_reading/U+6E00-U+6EFF/溯閣.json,1,
溲,4,こ,aozora_ruby,2,suspected_fragment,keep_pending,single-character entries require individual review,,764e0b6b-a3a8-59d6-ac28-dec0ddc5d72e,,/Users/iktahana/Genji/pending/needs_reading/U+6E00-U+6EFF/溲.json,1,
溶合,7,,,0,suspected_fragment,keep_pending,at least one example contains an independent use,,be01437c-6421-56cc-a1f1-37ba9339170f,,/Users/iktahana/Genji/pending/needs_reading/U+6E00-U+6EFF/溶合.json,1,
溷,5,どぶ,aozora_ruby,1,suspected_fragment,keep_pending,single-character entries require individual review,,24b2d6fa-f5a1-5731-86b0-39a14bfa0715,,/Users/iktahana/Genji/pending/needs_reading/U+6E00-U+6EFF/溷.json,1,
溺器,7,しびん,aozora_ruby,1,suspected_fragment,keep_pending,at least one example contains an independent use,,50aebcbe-a037-53c9-a5cd-bfc91155540e,,/Users/iktahana/Genji/pending/needs_reading/U+6E00-U+6EFF/溺器.json,1,
溺殺,4,ふしづけ,aozora_ruby,1,single_ruby,keep_pending,ruby occurs in only one distinct Aozora text file,,b43469f9-f46a-5555-b7a0-957e087d27e3,,/Users/iktahana/Genji/pending/needs_reading/U+6E00-U+6EFF/溺殺.json,1,
滄客,18,,,0,suspected_fragment,keep_pending,at least one example contains an independent use,,71dff277-e701-5a5c-804c-5cdcac8c28e9,,/Users/iktahana/Genji/pending/needs_reading/U+6E00-U+6EFF/滄客.json,1,
滅入,41,めい|めいり,aozora_ruby,152,source_conflict,conflict,sources disagree on the complete-entry reading,,b10e370a-d446-59d4-9185-feab7eecc6fe,,/Users/iktahana/Genji/pending/needs_reading/U+6E00-U+6EFF/滅入.json,1,
滅前,6,めつぜん,aozora_ruby,3,suspected_fragment,reject_fragment,all occurrences are embedded across at least two works and authoritative dictionaries have no exact headword,,97e4a8f4-3863-5e13-ae6d-0d5e28c4b99e,,/Users/iktahana/Genji/pending/needs_reading/U+6E00-U+6EFF/滅前.json,1,
滅已,4,めつい,aozora_ruby,1,suspected_fragment,keep_pending,at least one example contains an independent use,,43a4f693-2315-521b-b0c3-9d14be2df05b,,/Users/iktahana/Genji/pending/needs_reading/U+6E00-U+6EFF/滅已.json,1,
滅智,4,,,0,suspected_fragment,reject_fragment,all occurrences are embedded across at least two works and authoritative dictionaries have no exact headword,,8a72e36e-42f8-5683-9ce0-0abf3bfaf0a5,,/Users/iktahana/Genji/pending/needs_reading/U+6E00-U+6EFF/滅智.json,1,
滅無,7,,,0,suspected_fragment,reject_fragment,all occurrences are embedded across at least two works and authoritative dictionaries have no exact headword,,1a73a8a8-b3e5-533c-972b-b5fd86c13707,,/Users/iktahana/Genji/pending/needs_reading/U+6E00-U+6EFF/滅無.json,1,
滅落,12,,,0,suspected_fragment,keep_pending,at least one example contains an independent use,,00028caf-1197-5579-80a1-b9fff3b95be0,,/Users/iktahana/Genji/pending/needs_reading/U+6E00-U+6EFF/滅落.json,1,
滌,32,あら|すす|すすぎ|そそ,aozora_ruby,13,source_conflict,conflict,sources disagree on the complete-entry reading,,4acb46c4-f5a3-5fd5-9f07-9263b2d7a999,,/Users/iktahana/Genji/pending/needs_reading/U+6E00-U+6EFF/滌.json,1,
滕文,7,,,0,suspected_fragment,reject_fragment,all occurrences are embedded across at least two works and authoritative dictionaries have no exact headword,,91b97d40-b254-5a02-bf6b-d0fa821df840,,/Users/iktahana/Genji/pending/needs_reading/U+6E00-U+6EFF/滕文.json,1,
滞岳,4,たいがく,aozora_ruby,1,single_ruby,keep_pending,ruby occurs in only one distinct Aozora text file,,776dfdf6-6c31-5192-9e75-1dfecd47a005,,/Users/iktahana/Genji/pending/needs_reading/U+6E00-U+6EFF/滞岳.json,1,
滞泊,11,たいはく,aozora_ruby,1,suspected_fragment,reject_fragment,all occurrences are embedded across at least two works and authoritative dictionaries have no exact headword,,45835ee1-5f71-5fa0-a4f1-ad817e7ae6d5,,/Users/iktahana/Genji/pending/needs_reading/U+6E00-U+6EFF/滞泊.json,1,
滞潮,8,よどみ,aozora_ruby,1,single_ruby,keep_pending,ruby occurs in only one distinct Aozora text file,,344518bb-e3bb-57c0-9d2c-6bc626707248,,/Users/iktahana/Genji/pending/needs_reading/U+6E00-U+6EFF/滞潮.json,1,
滾,129,こぼ|ころ|ころが|たぎ|なが|はし|まろ|まろが,aozora_ruby,84,source_conflict,conflict,sources disagree on the complete-entry reading,,8b5d36d9-4d2b-5ed5-b8c0-c34a81d1ffc4,,/Users/iktahana/Genji/pending/needs_reading/U+6E00-U+6EFF/滾.json,1,
漂著,11,ひょうちゃく|ヨリ,aozora_ruby,2,source_conflict,conflict,sources disagree on the complete-entry reading,,a63dd577-c251-55a2-bff6-483d03e4b38a,,/Users/iktahana/Genji/pending/needs_reading/U+6F00-U+6FFF/漂著.json,1,
漂西,5,,,0,suspected_fragment,reject_fragment,all occurrences are embedded across at least two works and authoritative dictionaries have no exact headword,,2caad2a6-09c8-5a37-bc3e-92bae6515717,,/Users/iktahana/Genji/pending/needs_reading/U+6F00-U+6FFF/漂西.json,1,
漂遊,14,,,0,suspected_fragment,keep_pending,at least one example contains an independent use,,1b70195c-f48e-51b5-8dc0-ff10827dc5e2,,/Users/iktahana/Genji/pending/needs_reading/U+6F00-U+6FFF/漂遊.json,1,
漉,62,こ|こし|ご|す|すき|ず|ずき,aozora_ruby,76,source_conflict,conflict,sources disagree on the complete-entry reading,,391d7139-e442-5804-a51d-0be4e83f9e13,,/Users/iktahana/Genji/pending/needs_reading/U+6F00-U+6FFF/漉.json,1,
漑,10,か|そそ|そゝ,aozora_ruby,7,source_conflict,conflict,sources disagree on the complete-entry reading,,4d14740b-0325-571d-88f6-ce5681ebdd7e,,/Users/iktahana/Genji/pending/needs_reading/U+6F00-U+6FFF/漑.json,1,
演段,23,,,0,suspected_fragment,keep_pending,at least one example contains an independent use,,9f4b695f-8e75-5ddf-a1e0-3eabaafb4562,,/Users/iktahana/Genji/pending/needs_reading/U+6F00-U+6FFF/演段.json,1,
演若,8,,,0,unmatched,keep_pending,no accepted complete-entry evidence,,f334ba30-c4cb-5f97-8149-ea64c4828bec,,/Users/iktahana/Genji/pending/needs_reading/U+6F00-U+6FFF/演若.json,1,
漾々,10,ようよう,aozora_ruby,6,suspected_fragment,keep_pending,at least one example contains an independent use,,69e77397-b674-5e13-81d9-155d1534bb63,,/Users/iktahana/Genji/pending/needs_reading/U+6F00-U+6FFF/漾々.json,1,
潁上,10,えいじやう|えいじょう,aozora_ruby,2,source_conflict,conflict,sources disagree on the complete-entry reading,,0d46fab5-740b-5b51-9f14-3023de7f3ab4,,/Users/iktahana/Genji/pending/needs_reading/U+6F00-U+6FFF/潁上.json,1,
潜々,12,さめざめ|さんさん,aozora_ruby,7,invalid_unicode,keep_pending,a source supplied a reading containing illegal characters,,14e6d0a5-c4a2-5266-9fba-b022cda0a1e9,,/Users/iktahana/Genji/pending/needs_reading/U+6F00-U+6FFF/潜々.json,1,
潯,8,ほとり,aozora_ruby,3,suspected_fragment,keep_pending,single-character entries require individual review,,c39ec738-5f9a-58a2-ae96-f5d23c71471e,,/Users/iktahana/Genji/pending/needs_reading/U+6F00-U+6FFF/潯.json,1,
潰倒,4,くわいたう,aozora_ruby,1,suspected_fragment,keep_pending,embedded evidence is insufficient for automatic rejection,,352cb91d-311d-596d-8c88-df617cad2418,,/Users/iktahana/Genji/pending/needs_reading/U+6F00-U+6FFF/潰倒.json,1,
潰家,11,かいか|つぶれや,aozora_ruby,2,source_conflict,conflict,sources disagree on the complete-entry reading,,2eba4bad-2ba8-5a06-bc6b-f240cf3fe92a,,/Users/iktahana/Genji/pending/needs_reading/U+6F00-U+6FFF/潰家.json,1,
潰島,8,つけじま,jmnedict,1,suspected_fragment,reject_fragment,all occurrences are embedded across at least two works and authoritative dictionaries have no exact headword,,daa01779-fbfb-5fc8-a760-88fc732e943b,,/Users/iktahana/Genji/pending/needs_reading/U+6F00-U+6FFF/潰島.json,1,
澂,10,きよし,jmnedict,1,suspected_fragment,keep_pending,single-character entries require individual review,,9d2868c9-a6ac-5ca4-b9f2-6e51b3662737,,/Users/iktahana/Genji/pending/needs_reading/U+6F00-U+6FFF/澂.json,1,
澂画,4,,,0,suspected_fragment,keep_pending,embedded evidence is insufficient for automatic rejection,,5f11be1b-0372-51b1-86dd-f3635e948475,,/Users/iktahana/Genji/pending/needs_reading/U+6F00-U+6FFF/澂画.json,1,
澆,16,そそ|そゝ,aozora_ruby,9,source_conflict,conflict,sources disagree on the complete-entry reading,,f71aca41-3f13-5cad-b080-8db347848e63,,/Users/iktahana/Genji/pending/needs_reading/U+6F00-U+6FFF/澆.json,1,
澣,9,,,0,suspected_fragment,keep_pending,single-character entries require individual review,,4c27f908-b796-5d49-b419-5f4833d7089a,,/Users/iktahana/Genji/pending/needs_reading/U+6F00-U+6FFF/澣.json,1,
澳,9,おき|おく,aozora_ruby|jmdict|jmnedict,5,ambiguous,conflict,jmnedict has multiple applicable full-entry readings,,05ea043c-2851-5d6a-b3dc-0246f1a5743d,,/Users/iktahana/Genji/pending/needs_reading/U+6F00-U+6FFF/澳.json,1,
澳太,4,,,0,suspected_fragment,reject_fragment,all occurrences are embedded across at least two works and authoritative dictionaries have no exact headword,,01506762-03a9-5113-8e93-05cc30afaeb6,,/Users/iktahana/Genji/pending/needs_reading/U+6F00-U+6FFF/澳太.json,1,
激寒,7,,,0,unmatched,keep_pending,no accepted complete-entry evidence,,c46f96e2-1441-5ce0-bfcc-fe6e5799728b,,/Users/iktahana/Genji/pending/needs_reading/U+6F00-U+6FFF/激寒.json,1,
激気,4,,,0,unmatched,keep_pending,no accepted complete-entry evidence,,1e494628-4bf8-5465-8066-d646e2f0f2ad,,/Users/iktahana/Genji/pending/needs_reading/U+6F00-U+6FFF/激気.json,1,
激称,12,,,0,suspected_fragment,reject_fragment,all occurrences are embedded across at least two works and authoritative dictionaries have no exact headword,,c71922af-5dfe-51a6-84e0-46a90412bfcb,,/Users/iktahana/Genji/pending/needs_reading/U+6F00-U+6FFF/激称.json,1,
激色,17,げきしょく,aozora_ruby,1,suspected_fragment,keep_pending,at least one example contains an independent use,,0b60f80a-15c2-50aa-8508-24dea48962e2,,/Users/iktahana/Genji/pending/needs_reading/U+6F00-U+6FFF/激色.json,1,
激血,6,げきけつ,aozora_ruby,1,single_ruby,keep_pending,ruby occurs in only one distinct Aozora text file,,4592886d-e115-5ae7-8d08-ff3e495b3738,,/Users/iktahana/Genji/pending/needs_reading/U+6F00-U+6FFF/激血.json,1,
濂,14,れん,aozora_ruby,1,suspected_fragment,keep_pending,single-character entries require individual review,,8503a212-4e29-5386-b4a2-4bb7e0eb5497,,/Users/iktahana/Genji/pending/needs_reading/U+6F00-U+6FFF/濂.json,1,
濘,17,すべ|すべり|ぬか|ぬかる,aozora_ruby,17,source_conflict,conflict,sources disagree on the complete-entry reading,,41648788-e8ea-52bf-9f8f-b42a28fb18fe,,/Users/iktahana/Genji/pending/needs_reading/U+6F00-U+6FFF/濘.json,1,
濛煙,6,もうえん,aozora_ruby,4,suspected_fragment,keep_pending,at least one example contains an independent use,,7a99c3be-7376-5f14-9b7e-5519c54e1d5b,,/Users/iktahana/Genji/pending/needs_reading/U+6F00-U+6FFF/濛煙.json,1,
濛靄,25,もや,aozora_ruby,7,suspected_fragment,keep_pending,at least one example contains an independent use,,4d6e9810-4fc9-546f-a3a6-b6d7e1cb015c,,/Users/iktahana/Genji/pending/needs_reading/U+6F00-U+6FFF/濛靄.json,1,
濠々,5,ごうごう|もうもう,aozora_ruby,2,source_conflict,conflict,sources disagree on the complete-entry reading,,1b53659b-f59e-5659-8e5c-b1ec1164e648,,/Users/iktahana/Genji/pending/needs_reading/U+6F00-U+6FFF/濠々.json,1,
濡々,16,ぬれぬれ,aozora_ruby,7,invalid_unicode,keep_pending,a source supplied a reading containing illegal characters,,69bdf496-256b-57eb-884c-a222b492d57d,,/Users/iktahana/Genji/pending/needs_reading/U+6F00-U+6FFF/濡々.json,1,
濡板,10,,,0,unmatched,keep_pending,no accepted complete-entry evidence,,c64793b2-9db8-5c1a-9356-a5bc2c989e4e,,/Users/iktahana/Genji/pending/needs_reading/U+6F00-U+6FFF/濡板.json,1,
濡皮,5,,,0,suspected_fragment,keep_pending,embedded evidence is insufficient for automatic rejection,,3cc77d4e-63ca-558f-bee5-5acaf8ebedd8,,/Users/iktahana/Genji/pending/needs_reading/U+6F00-U+6FFF/濡皮.json,1,
濡雑,12,,,0,suspected_fragment,reject_fragment,all occurrences are embedded across at least two works and authoritative dictionaries have no exact headword,,ddeffbf5-6247-559f-9748-8ffef0062afe,,/Users/iktahana/Genji/pending/needs_reading/U+6F00-U+6FFF/濡雑.json,1,
濡須,21,じゅしゅ,aozora_ruby,2,suspected_fragment,keep_pending,at least one example contains an independent use,,b6eb90b6-5727-56d9-876c-2f725643de8f,,/Users/iktahana/Genji/pending/needs_reading/U+6F00-U+6FFF/濡須.json,1,
濬,11,しゅん|ふかし,jmnedict,2,ambiguous,conflict,jmnedict has multiple applicable full-entry readings,,eeab48e8-0c22-5dd4-8d86-01b294e2f5af,,/Users/iktahana/Genji/pending/needs_reading/U+6F00-U+6FFF/濬.json,1,
濳,20,くゞ|もぐ,aozora_ruby,2,source_conflict,conflict,sources disagree on the complete-entry reading,,d8ec32d1-3603-5c7d-a94d-5d5cfba4ded1,,/Users/iktahana/Genji/pending/needs_reading/U+6F00-U+6FFF/濳.json,1,
濶々,6,ひろびろ,aozora_ruby,1,invalid_unicode,keep_pending,a source supplied a reading containing illegal characters,,69901f89-0028-505c-8dcf-a9876a4f851a,,/Users/iktahana/Genji/pending/needs_reading/U+6F00-U+6FFF/濶々.json,1,
濺,152,そそ|そゝ,aozora_ruby,76,source_conflict,conflict,sources disagree on the complete-entry reading,,5addd654-8085-5ce7-91e4-6030223aef5b,,/Users/iktahana/Genji/pending/needs_reading/U+6F00-U+6FFF/濺.json,1,
濾光,5,,,0,suspected_fragment,reject_fragment,all occurrences are embedded across at least two works and authoritative dictionaries have no exact headword,,c6fdf717-920f-553a-a0d7-9c406b82ac14,,/Users/iktahana/Genji/pending/needs_reading/U+6F00-U+6FFF/濾光.json,1,
炉揺,1,,,0,suspected_fragment,keep_pending,embedded evidence is insufficient for automatic rejection,,c4403dac-f263-5832-83c3-e4420622c8d8,,/Users/iktahana/Genji/pending/needs_reading/U+7000-U+70FF/ロ揺.json,1,
瀘水,26,ろすい|ロスイ,aozora_ruby,3,source_conflict,conflict,sources disagree on the complete-entry reading,,3773e59e-0e8b-5dc3-b4a8-dd7f695fcaa7,,/Users/iktahana/Genji/pending/needs_reading/U+7000-U+70FF/瀘水.json,1,
瀛,6,えい,jmnedict,1,suspected_fragment,keep_pending,single-character entries require individual review,,ecad5591-a048-5fc9-96ff-0e6cad08f18d,,/Users/iktahana/Genji/pending/needs_reading/U+7000-U+70FF/瀛.json,1,
瀟,8,,,0,suspected_fragment,keep_pending,single-character entries require individual review,,bdcdae9b-97e5-5976-94f1-f9b8325cce44,,/Users/iktahana/Genji/pending/needs_reading/U+7000-U+70FF/瀟.json,1,
瀟々,10,しとしと|しょうしょう,aozora_ruby,11,invalid_unicode,keep_pending,a source supplied a reading containing illegal characters,,840d1e24-7e1a-5878-af37-4008df5e3b0d,,/Users/iktahana/Genji/pending/needs_reading/U+7000-U+70FF/瀟々.json,1,
瀟灑,4,しょうしゃ,aozora_ruby|jmdict,2,suspected_fragment,reject_fragment,all occurrences are embedded across at least two works and authoritative dictionaries have no exact headword,,0d6c6a39-e35e-5b1c-865e-4fa21afd7fca,,/Users/iktahana/Genji/pending/needs_reading/U+7000-U+70FF/瀟灑.json,1,
瀦,8,た|たま|ちよ|みづたまり,aozora_ruby,4,source_conflict,conflict,sources disagree on the complete-entry reading,,c3f19110-6733-541b-b9c0-732b7b7f2504,,/Users/iktahana/Genji/pending/needs_reading/U+7000-U+70FF/瀦.json,1,
瀦水,23,いけみづ|たまりみづ|ちょすい,aozora_ruby,7,source_conflict,conflict,sources disagree on the complete-entry reading,,f5e9c27c-3fcb-5c62-8c7b-581e290cfa06,,/Users/iktahana/Genji/pending/needs_reading/U+7000-U+70FF/瀦水.json,1,
瀰,11,はびこ|ひろが|みつる|わた|わたる,aozora_ruby|jmnedict,9,ambiguous,conflict,jmnedict has multiple applicable full-entry readings,,e9883986-3289-5f59-8556-52de051d30e1,,/Users/iktahana/Genji/pending/needs_reading/U+7000-U+70FF/瀰.json,1,
瀾亭,23,,,0,suspected_fragment,reject_fragment,all occurrences are embedded across at least two works and authoritative dictionaries have no exact headword,,0b0758d3-2d56-5ac0-9b6d-27c58723fec9,,/Users/iktahana/Genji/pending/needs_reading/U+7000-U+70FF/瀾亭.json,1,
瀾山,10,,,0,suspected_fragment,keep_pending,embedded evidence is insufficient for automatic rejection,,4d3ea47a-e79f-5a74-b9cf-3f5bc91dc04b,,/Users/iktahana/Genji/pending/needs_reading/U+7000-U+70FF/瀾山.json,1,
灑,139,こさ|すす|すゝ|そそ|そゝ|そゝぐ|ま,aozora_ruby,55,source_conflict,conflict,sources disagree on the complete-entry reading,,c17a7b2c-e897-5779-8f03-fa5d3e76777e,,/Users/iktahana/Genji/pending/needs_reading/U+7000-U+70FF/灑.json,1,
灑々,4,さいさい,aozora_ruby,1,invalid_unicode,keep_pending,a source supplied a reading containing illegal characters,,0772169b-a65f-5b9e-b5ae-7b88b131e9ea,,/Users/iktahana/Genji/pending/needs_reading/U+7000-U+70FF/灑々.json,1,
炊所,6,,,0,suspected_fragment,reject_fragment,all occurrences are embedded across at least two works and authoritative dictionaries have no exact headword,,9bd02a23-f3a6-5258-9564-6a7c797d4bfb,,/Users/iktahana/Genji/pending/needs_reading/U+7000-U+70FF/炊所.json,1,
炊烟,15,すいえん|すゐえん,aozora_ruby|jmdict,10,source_conflict,conflict,sources disagree on the complete-entry reading,,83da35c6-ba9a-5305-a8e8-1f90d7306b01,,/Users/iktahana/Genji/pending/needs_reading/U+7000-U+70FF/炊烟.json,1,
炒,11,あぶ|い|いた|や,aozora_ruby,35,source_conflict,conflict,sources disagree on the complete-entry reading,,cc2cf583-7772-5d8c-bdac-124d971601ff,,/Users/iktahana/Genji/pending/needs_reading/U+7000-U+70FF/炒.json,1,
炮,8,あぶ|はう|ほう,aozora_ruby,3,source_conflict,conflict,sources disagree on the complete-entry reading,,5dc4f104-ac89-55ac-8a42-62e7a66f17ec,,/Users/iktahana/Genji/pending/needs_reading/U+7000-U+70FF/炮.json,1,
炳吉,16,ビョンギル,aozora_ruby,1,single_ruby,keep_pending,ruby occurs in only one distinct Aozora text file,,8e00e47c-310e-52f3-a364-695db2a2621b,,/Users/iktahana/Genji/pending/needs_reading/U+7000-U+70FF/炳吉.json,1,
炸烈,4,,,0,suspected_fragment,reject_fragment,all occurrences are embedded across at least two works and authoritative dictionaries have no exact headword,,3fa30b04-1dc5-56ff-834d-c2e08248837b,,/Users/iktahana/Genji/pending/needs_reading/U+7000-U+70FF/炸烈.json,1,
炸音,4,さくおん,aozora_ruby,1,suspected_fragment,reject_fragment,all occurrences are embedded across at least two works and authoritative dictionaries have no exact headword,,95903c61-ce17-5169-97b2-d730ad2cceb3,,/Users/iktahana/Genji/pending/needs_reading/U+7000-U+70FF/炸音.json,1,
烱然,4,けいぜん,aozora_ruby|jmdict,3,suspected_fragment,reject_fragment,all occurrences are embedded across at least two works and authoritative dictionaries have no exact headword,,f01e60a9-0e8f-5532-b3ba-45c9c9be4ba0,,/Users/iktahana/Genji/pending/needs_reading/U+7000-U+70FF/烱然.json,1,
焼舍,1,,,0,unmatched,keep_pending,no accepted complete-entry evidence,,a43c36d1-2b44-5e2a-b44e-0ecc3292f61e,,/Users/iktahana/Genji/pending/needs_reading/U+7100-U+71FF/ショウ舍.json,1,
焼鰌,1,,,0,unmatched,keep_pending,no accepted complete-entry evidence,,bbe31831-d20a-5fd9-9092-6ef7f3e033f2,,/Users/iktahana/Genji/pending/needs_reading/U+7100-U+71FF/ショウ鰌.json,1,
焼鷄,1,,,0,unmatched,keep_pending,no accepted complete-entry evidence,,436ffbbb-e49e-5f76-9b9f-8a2af7b035a5,,/Users/iktahana/Genji/pending/needs_reading/U+7100-U+71FF/ショウ鷄.json,1,
焉子,5,,,0,suspected_fragment,keep_pending,embedded evidence is insufficient for automatic rejection,,85dd233e-f138-56c9-b604-127f91fec709,,/Users/iktahana/Genji/pending/needs_reading/U+7100-U+71FF/焉子.json,1,
焙肉,5,あぶりにく|ロースト・ビーフ,aozora_ruby,3,source_conflict,conflict,sources disagree on the complete-entry reading,,30136982-10ee-5116-b07a-23b9363cd694,,/Users/iktahana/Genji/pending/needs_reading/U+7100-U+71FF/焙肉.json,1,
煖坑,4,だんこう,aozora_ruby,1,single_ruby,keep_pending,ruby occurs in only one distinct Aozora text file,,afd27ddd-d0bd-5ece-b2fb-e62148b5bb00,,/Users/iktahana/Genji/pending/needs_reading/U+7100-U+71FF/煖坑.json,1,
煙々,4,けぶけぶ,aozora_ruby,1,suspected_fragment,keep_pending,at least one example contains an independent use,,60be4156-d6ad-55b8-965b-e7dae2425016,,/Users/iktahana/Genji/pending/needs_reading/U+7100-U+71FF/煙々.json,1,
煢々,4,けいけい,aozora_ruby,3,suspected_fragment,keep_pending,at least one example contains an independent use,,4cd7c02c-d981-5c64-bc2e-cb3a9fc740df,,/Users/iktahana/Genji/pending/needs_reading/U+7100-U+71FF/煢々.json,1,
煦,12,あつ|あつし,jmnedict,2,ambiguous,conflict,jmnedict has multiple applicable full-entry readings,,23286703-cdc2-5fc7-8768-2a2d8ed0c287,,/Users/iktahana/Genji/pending/needs_reading/U+7100-U+71FF/煦.json,1,
煦々,10,くく,aozora_ruby,9,suspected_fragment,keep_pending,at least one example contains an independent use,,033df01c-185a-5336-81a0-097e004580b5,,/Users/iktahana/Genji/pending/needs_reading/U+7100-U+71FF/煦々.json,1,
照々,18,きらきら|てかてか|てらてら,aozora_ruby,10,invalid_unicode,keep_pending,a source supplied a reading containing illegal characters,,2b3f17f4-3ad2-5f40-aeb6-54f27c7463e3,,/Users/iktahana/Genji/pending/needs_reading/U+7100-U+71FF/照々.json,1,
煽起,7,おだて|そゝの,aozora_ruby,2,source_conflict,conflict,sources disagree on the complete-entry reading,,3c1c3dfa-8a46-5f08-865b-4e0b13bd91ae,,/Users/iktahana/Genji/pending/needs_reading/U+7100-U+71FF/煽起.json,1,
熄,5,き|と|や|やす|ヤ,aozora_ruby,79,source_conflict,conflict,sources disagree on the complete-entry reading,,b25fe37f-8061-5a43-9e24-f8d01d4c451b,,/Users/iktahana/Genji/pending/needs_reading/U+7100-U+71FF/熄.json,1,
熈,6,ひろし,jmnedict,1,suspected_fragment,keep_pending,single-character entries require individual review,,2c4b45c6-44bf-51e8-a392-d81771d4cf36,,/Users/iktahana/Genji/pending/needs_reading/U+7100-U+71FF/熈.json,1,
熏,4,くん,aozora_ruby,2,suspected_fragment,keep_pending,single-character entries require individual review,,f0a22d51-1c37-5897-b037-91437e6d2d22,,/Users/iktahana/Genji/pending/needs_reading/U+7100-U+71FF/熏.json,1,
熔巌,10,ようがん,aozora_ruby,1,suspected_fragment,keep_pending,at least one example contains an independent use,,ae552ef5-c7cc-58ca-a0c3-0ffd8e25aaa2,,/Users/iktahana/Genji/pending/needs_reading/U+7100-U+71FF/熔巌.json,1,
熔巖,30,ラワ,aozora_ruby,1,suspected_fragment,keep_pending,at least one example contains an independent use,,37ccd817-9394-54d9-b2f4-febaaafff260,,/Users/iktahana/Genji/pending/needs_reading/U+7100-U+71FF/熔巖.json,1,
熔金,4,ゆ,aozora_ruby,1,single_ruby,keep_pending,ruby occurs in only one distinct Aozora text file,,e074d1c5-0b7b-5fde-b688-c656af8d387f,,/Users/iktahana/Genji/pending/needs_reading/U+7100-U+71FF/熔金.json,1,
熔鉄,10,ようてつ,aozora_ruby|jmdict,5,suspected_fragment,keep_pending,at least one example contains an independent use,,09a270b2-a414-5290-b1c4-6f77b26bd414,,/Users/iktahana/Genji/pending/needs_reading/U+7100-U+71FF/熔鉄.json,1,
熟々,162,しけじけ|しみじみ|つくずく|つくつく|つくづく|つらつら,aozora_ruby|jmdict,49,invalid_unicode,keep_pending,a source supplied a reading containing illegal characters,,3be2f83a-b7c7-5f7d-b477-a8487fdff8d1,,/Users/iktahana/Genji/pending/needs_reading/U+7100-U+71FF/熟々.json,1,
熨,6,ぬし|の|のし,aozora_ruby|jmdict,12,ambiguous,conflict,jmdict has multiple applicable full-entry readings,,d8270a22-e195-5126-ad87-a01a6e66ba8f,,/Users/iktahana/Genji/pending/needs_reading/U+7100-U+71FF/熨.json,1,
熬,26,い|いら|いり|いりつけ|がう|こら|に,aozora_ruby,26,source_conflict,conflict,sources disagree on the complete-entry reading,,4a9ef0cf-1a72-52f6-a396-fbef032aba53,,/Users/iktahana/Genji/pending/needs_reading/U+7100-U+71FF/熬.json,1,
熬々,4,いらいら,aozora_ruby,1,suspected_fragment,keep_pending,at least one example contains an independent use,,d0d5b275-1a8f-5e3a-82e9-e7d43261e584,,/Users/iktahana/Genji/pending/needs_reading/U+7100-U+71FF/熬々.json,1,
燉煌,9,とんこう,aozora_ruby,2,suspected_fragment,reject_fragment,all occurrences are embedded across at least two works and authoritative dictionaries have no exact headword,,fb4ab3af-60b1-53e9-a397-aa6c3686d2d3,,/Users/iktahana/Genji/pending/needs_reading/U+7100-U+71FF/燉煌.json,1,
燔,11,あぶ|や,aozora_ruby,10,source_conflict,conflict,sources disagree on the complete-entry reading,,74b34075-444d-5d29-8029-7c330c7a1e88,,/Users/iktahana/Genji/pending/needs_reading/U+7100-U+71FF/燔.json,1,
燥々,6,,,0,invalid_unicode,keep_pending,a source supplied a reading containing illegal characters,,df0650db-97a5-5a8f-8a7e-785671ec6a71,,/Users/iktahana/Genji/pending/needs_reading/U+7100-U+71FF/燥々.json,1,
燬,64,や,aozora_ruby,35,suspected_fragment,keep_pending,single-character entries require individual review,,b9b4f62c-9bc1-590b-928b-a1dd4e41559a,,/Users/iktahana/Genji/pending/needs_reading/U+7100-U+71FF/燬.json,1,
燵,30,,,0,suspected_fragment,keep_pending,single-character entries require individual review,,02a21610-4772-516a-bbc9-ab67b82edc37,,/Users/iktahana/Genji/pending/needs_reading/U+7100-U+71FF/燵.json,1,
燿,96,あきら|かが|かがや|かがよ|かゞや|きら|ぎらぎら|てる|ひか|よう|ようこう,aozora_ruby|jmnedict,31,ambiguous,conflict,jmnedict has multiple applicable full-entry readings,,7e3542be-7621-5f86-b59e-95b03d56174e,,/Users/iktahana/Genji/pending/needs_reading/U+7100-U+71FF/燿.json,1,
燿栄,5,,,0,suspected_fragment,reject_fragment,all occurrences are embedded across at least two works and authoritative dictionaries have no exact headword,,e2ee41fe-e04a-598e-a155-8f53ba0955ed,,/Users/iktahana/Genji/pending/needs_reading/U+7100-U+71FF/燿栄.json,1,
燿石,6,,,0,suspected_fragment,reject_fragment,all occurrences are embedded across at least two works and authoritative dictionaries have no exact headword,,3e790695-1808-5efb-b03b-ca681e2ed2aa,,/Users/iktahana/Genji/pending/needs_reading/U+7100-U+71FF/燿石.json,1,
狭依,2,,,0,suspected_fragment,reject_fragment,all occurrences are embedded across at least two works and authoritative dictionaries have no exact headword,,a7b7edd7-8103-540c-86b0-5c37aede68bc,,/Users/iktahana/Genji/pending/needs_reading/U+7200-U+72FF/キョウ依.json,1,
独侵,1,,,0,suspected_fragment,keep_pending,embedded evidence is insufficient for automatic rejection,,6bf8b09d-a3e2-5ae5-ab49-39ba9f36fde9,,/Users/iktahana/Genji/pending/needs_reading/U+7200-U+72FF/ドク侵.json,1,
独倩,1,,,0,unmatched,keep_pending,no accepted complete-entry evidence,,ba73cf09-66de-57ea-bba8-d443601f9a2c,,/Users/iktahana/Genji/pending/needs_reading/U+7200-U+72FF/ドク倩.json,1,
独弄,1,,,0,suspected_fragment,keep_pending,embedded evidence is insufficient for automatic rejection,,de1d7fb1-411e-5bfe-91f9-5f074c99074a,,/Users/iktahana/Genji/pending/needs_reading/U+7200-U+72FF/ドク弄.json,1,
独悵,1,,,0,suspected_fragment,reject_fragment,all occurrences are embedded across at least two works and authoritative dictionaries have no exact headword,,5250b606-6e42-5558-8dbe-35bd47890cf3,,/Users/iktahana/Genji/pending/needs_reading/U+7200-U+72FF/ドク悵.json,1,
独憤,1,,,0,suspected_fragment,keep_pending,embedded evidence is insufficient for automatic rejection,,cdd8250a-d24e-5722-8937-9a737f9e8ebe,,/Users/iktahana/Genji/pending/needs_reading/U+7200-U+72FF/ドク憤.json,1,
独於,1,,,0,unmatched,keep_pending,no accepted complete-entry evidence,,e140f116-4f6a-5505-a304-358891e06a2f,,/Users/iktahana/Genji/pending/needs_reading/U+7200-U+72FF/ドク於.json,1,
独棲,2,どくせい|ひとりず,aozora_ruby,3,source_conflict,conflict,sources disagree on the complete-entry reading,,ad215b6f-9e67-5593-9af0-79ebdc29bdd8,,/Users/iktahana/Genji/pending/needs_reading/U+7200-U+72FF/ドク棲.json,1,
独竊,1,,,0,unmatched,keep_pending,no accepted complete-entry evidence,,6ca080bb-330d-534b-825f-fa0b1be27ac7,,/Users/iktahana/Genji/pending/needs_reading/U+7200-U+72FF/ドク竊.json,1,
独聳,1,,,0,suspected_fragment,keep_pending,embedded evidence is insufficient for automatic rejection,,0e428f66-a10d-5052-abd9-bc6ce9b1a22f,,/Users/iktahana/Genji/pending/needs_reading/U+7200-U+72FF/ドク聳.json,1,
独送,1,,,0,unmatched,keep_pending,no accepted complete-entry evidence,,42e5c6c8-f1fa-5076-8e32-30cbd0d3b0b1,,/Users/iktahana/Genji/pending/needs_reading/U+7200-U+72FF/ドク送.json,1,
爆火,4,,,0,unmatched,keep_pending,no accepted complete-entry evidence,,43017ab1-f965-5db3-8df0-51c46933e583,,/Users/iktahana/Genji/pending/needs_reading/U+7200-U+72FF/爆火.json,1,
爍,4,とら|れき,aozora_ruby,2,source_conflict,conflict,sources disagree on the complete-entry reading,,f35c2029-18b1-505f-8262-00864b0ee2b7,,/Users/iktahana/Genji/pending/needs_reading/U+7200-U+72FF/爍.json,1,
爺々,22,おやじおやじ|じじ|じじい|じじいじじい|ちゃん|ちやん|ぢゞ|やや,aozora_ruby,11,source_conflict,conflict,sources disagree on the complete-entry reading,,f205b43d-d440-5747-bd31-56a2b7ac0913,,/Users/iktahana/Genji/pending/needs_reading/U+7200-U+72FF/爺々.json,1,
爼,16,そば|まないた,aozora_ruby|jmdict,7,source_conflict,conflict,sources disagree on the complete-entry reading,,8bf06114-62d1-5d35-8cab-5674d03a8f8d,,/Users/iktahana/Genji/pending/needs_reading/U+7200-U+72FF/爼.json,1,
爼橋,9,まないたばし,aozora_ruby,3,suspected_fragment,keep_pending,at least one example contains an independent use,,764e45ca-68c7-5ee8-945b-8f7bcbe3a91d,,/Users/iktahana/Genji/pending/needs_reading/U+7200-U+72FF/爼橋.json,1,
爾々,13,しかじか,aozora_ruby,2,invalid_unicode,keep_pending,a source supplied a reading containing illegal characters,,f887fa80-bbaa-5aef-8033-440b6edfd72d,,/Users/iktahana/Genji/pending/needs_reading/U+7200-U+72FF/爾々.json,1,
牲料,4,ニヘシロ,aozora_ruby,2,suspected_fragment,keep_pending,at least one example contains an independent use,,9795dc57-e9b5-5911-bb48-df221b9b7029,,/Users/iktahana/Genji/pending/needs_reading/U+7200-U+72FF/牲料.json,1,
牽出,6,ひきだ,aozora_ruby,2,suspected_fragment,reject_fragment,all occurrences are embedded across at least two works and authoritative dictionaries have no exact headword,,a22f8955-dff6-5ef7-bc0d-31107fd3dfe3,,/Users/iktahana/Genji/pending/needs_reading/U+7200-U+72FF/牽出.json,1,
牽索,4,けんさく|ひきなわ,aozora_ruby,4,source_conflict,conflict,sources disagree on the complete-entry reading,,93d92b41-2fb1-5f86-b937-b62271fd0375,,/Users/iktahana/Genji/pending/needs_reading/U+7200-U+72FF/牽索.json,1,
牽転,6,ひきかえ,aozora_ruby,1,suspected_fragment,keep_pending,embedded evidence is insufficient for automatic rejection,,c80db5ba-c7b3-580d-89ec-c31e03f2bb12,,/Users/iktahana/Genji/pending/needs_reading/U+7200-U+72FF/牽転.json,1,
牾,13,もと|もどか|モド,aozora_ruby,5,source_conflict,conflict,sources disagree on the complete-entry reading,,7a1fd79d-2aba-53e2-ba96-41ae1d457856,,/Users/iktahana/Genji/pending/needs_reading/U+7200-U+72FF/牾.json,1,
犁,44,くわ|す|すき|プラウ,aozora_ruby,17,source_conflict,conflict,sources disagree on the complete-entry reading,,cfbcabab-3815-5be1-88d0-5bce1005b6e6,,/Users/iktahana/Genji/pending/needs_reading/U+7200-U+72FF/犁.json,1,
犒,36,ねぎ|ねぎら|ネギラ,aozora_ruby,67,source_conflict,conflict,sources disagree on the complete-entry reading,,5fb30ccd-10a4-580a-a777-f4c291328565,,/Users/iktahana/Genji/pending/needs_reading/U+7200-U+72FF/犒.json,1,
犖,10,,,0,suspected_fragment,keep_pending,single-character entries require individual review,,3791859c-f7c2-5c6e-a3d8-9ae2d274de29,,/Users/iktahana/Genji/pending/needs_reading/U+7200-U+72FF/犖.json,1,
犢十,4,,,0,suspected_fragment,reject_fragment,all occurrences are embedded across at least two works and authoritative dictionaries have no exact headword,,40eee54b-d570-57e6-8e18-727a345a92ec,,/Users/iktahana/Genji/pending/needs_reading/U+7200-U+72FF/犢十.json,1,
犢肉,5,こうしにく,aozora_ruby,1,suspected_fragment,keep_pending,at least one example contains an independent use,,fe81ab70-d9d8-5773-9d74-3113209f4959,,/Users/iktahana/Genji/pending/needs_reading/U+7200-U+72FF/犢肉.json,1,
狃,25,な|クル,aozora_ruby,13,source_conflict,conflict,sources disagree on the complete-entry reading,,0168dc22-093f-5342-b363-21910c31ca66,,/Users/iktahana/Genji/pending/needs_reading/U+7200-U+72FF/狃.json,1,
狃染,6,なじ|なじみ,aozora_ruby,8,source_conflict,conflict,sources disagree on the complete-entry reading,,efbd02ad-6d08-52cb-9f7b-cd6d4794b5d0,,/Users/iktahana/Genji/pending/needs_reading/U+7200-U+72FF/狃染.json,1,
狃聞,4,ぢうぶん,aozora_ruby,1,single_ruby,keep_pending,ruby occurs in only one distinct Aozora text file,,eb7d45fa-1817-5fbb-8543-357875b482a1,,/Users/iktahana/Genji/pending/needs_reading/U+7200-U+72FF/狃聞.json,1,
狎,32,あなど|な|なず|なつ|なら|なれ|ナ,aozora_ruby,149,source_conflict,conflict,sources disagree on the complete-entry reading,,fd713a12-d620-512d-8280-5c6844ae807d,,/Users/iktahana/Genji/pending/needs_reading/U+7200-U+72FF/狎.json,1,
狎々,18,なれなれ,aozora_ruby,8,invalid_unicode,keep_pending,a source supplied a reading containing illegal characters,,24ca0561-ec8a-5bf9-9385-b98fa39c034e,,/Users/iktahana/Genji/pending/needs_reading/U+7200-U+72FF/狎々.json,1,
狷之,34,,,0,suspected_fragment,reject_fragment,all occurrences are embedded across at least two works and authoritative dictionaries have no exact headword,,be16847a-460f-5c06-ac2b-ac129e8ba62a,,/Users/iktahana/Genji/pending/needs_reading/U+7200-U+72FF/狷之.json,1,
狽,11,あわ|うろた,aozora_ruby,4,source_conflict,conflict,sources disagree on the complete-entry reading,,831c37d0-ca2d-521e-bc97-dd3cdf9d016b,,/Users/iktahana/Genji/pending/needs_reading/U+7200-U+72FF/狽.json,1,
献於,1,,,0,unmatched,keep_pending,no accepted complete-entry evidence,,dc02bcbb-06fc-5ef5-b121-fdf5b7b29040,,/Users/iktahana/Genji/pending/needs_reading/U+7300-U+73FF/コン於.json,1,
献送,1,,,0,suspected_fragment,keep_pending,embedded evidence is insufficient for automatic rejection,,cdf72e6e-7c6e-502c-a420-da55d9d6f053,,/Users/iktahana/Genji/pending/needs_reading/U+7300-U+73FF/コン送.json,1,
獣吠,1,,,0,suspected_fragment,keep_pending,embedded evidence is insufficient for automatic rejection,,d95e3681-cc5d-5856-9092-c49e2bf97263,,/Users/iktahana/Genji/pending/needs_reading/U+7300-U+73FF/ジュウ吠.json,1,
獣牲,1,,,0,suspected_fragment,keep_pending,embedded evidence is insufficient for automatic rejection,,c02d1a6c-59ca-520a-a6b6-7475be187a8d,,/Users/iktahana/Genji/pending/needs_reading/U+7300-U+73FF/ジュウ牲.json,1,
獣獵,6,,,0,suspected_fragment,reject_fragment,all occurrences are embedded across at least two works and authoritative dictionaries have no exact headword,,492c4dd2-d03b-5966-84a7-6e9c236d85c5,,/Users/iktahana/Genji/pending/needs_reading/U+7300-U+73FF/ジュウ獵.json,1,
獣脅,1,,,0,suspected_fragment,reject_fragment,all occurrences are embedded across at least two works and authoritative dictionaries have no exact headword,,d2612fc9-355b-5d70-bfa0-1844b0051d95,,/Users/iktahana/Genji/pending/needs_reading/U+7300-U+73FF/ジュウ脅.json,1,
猟臘,1,,,0,suspected_fragment,keep_pending,embedded evidence is insufficient for automatic rejection,,57e33ff3-5f3f-5694-a20e-909ccea41967,,/Users/iktahana/Genji/pending/needs_reading/U+7300-U+73FF/リョウ臘.json,1,
猊,7,からしし|さんげい|しし|しゅんげい,aozora_ruby,5,source_conflict,conflict,sources disagree on the complete-entry reading,,799bc855-3292-5112-bcd6-21f7d7a3a75b,,/Users/iktahana/Genji/pending/needs_reading/U+7300-U+73FF/猊.json,1,
猗々,5,,,0,suspected_fragment,reject_fragment,all occurrences are embedded across at least two works and authoritative dictionaries have no exact headword,,bf32f204-1389-5ded-a280-e71ab9e26f13,,/Users/iktahana/Genji/pending/needs_reading/U+7300-U+73FF/猗々.json,1,
猛々,4,たけだけ,aozora_ruby,39,invalid_unicode,keep_pending,a source supplied a reading containing illegal characters,,8cec99e3-3ebe-5bec-8ce2-c7b8a5c94733,,/Users/iktahana/Genji/pending/needs_reading/U+7300-U+73FF/猛々.json,1,
猾策,5,,,0,suspected_fragment,keep_pending,at least one example contains an independent use,,5d393959-7b1a-5904-8a00-f204d044b97e,,/Users/iktahana/Genji/pending/needs_reading/U+7300-U+73FF/猾策.json,1,
猿々,16,さるさる,aozora_ruby,1,suspected_fragment,keep_pending,at least one example contains an independent use,,082b7edf-3c1b-5136-ad20-48a81277107e,,/Users/iktahana/Genji/pending/needs_reading/U+7300-U+73FF/猿々.json,1,
獅々,4,しし,aozora_ruby,1,suspected_fragment,reject_fragment,all occurrences are embedded across at least two works and authoritative dictionaries have no exact headword,,088497db-613d-5e4b-b111-41d835c8683b,,/Users/iktahana/Genji/pending/needs_reading/U+7300-U+73FF/獅々.json,1,
獅身,12,ししん,aozora_ruby,2,suspected_fragment,reject_fragment,all occurrences are embedded across at least two works and authoritative dictionaries have no exact headword,,846bcba5-0232-512d-b258-07c312454715,,/Users/iktahana/Genji/pending/needs_reading/U+7300-U+73FF/獅身.json,1,
獎励,8,,,0,suspected_fragment,reject_fragment,all occurrences are embedded across at least two works and authoritative dictionaries have no exact headword,,0dc01654-1610-53af-967c-20c18624b977,,/Users/iktahana/Genji/pending/needs_reading/U+7300-U+73FF/獎励.json,1,
玄々,10,げんげん,aozora_ruby|jmnedict,2,invalid_unicode,keep_pending,a source supplied a reading containing illegal characters,,a0b765c4-76f2-5780-b73d-5679731545e4,,/Users/iktahana/Genji/pending/needs_reading/U+7300-U+73FF/玄々.json,1,
玖子,4,きゅうこ|くこ|たまこ|ひさこ,jmnedict,4,ambiguous,conflict,jmnedict has multiple applicable full-entry readings,,28fc4b30-930c-5443-b7ab-d67b0e08c59b,,/Users/iktahana/Genji/pending/needs_reading/U+7300-U+73FF/玖子.json,1,
玖満,30,くま,aozora_ruby,1,suspected_fragment,keep_pending,embedded evidence is insufficient for automatic rejection,,ff03c4f2-fd8f-51ac-851f-6e9ec79b2b9a,,/Users/iktahana/Genji/pending/needs_reading/U+7300-U+73FF/玖満.json,1,
玻,14,,,0,suspected_fragment,keep_pending,single-character entries require individual review,,28d56a3e-ff5e-5be8-8439-34e4bf9150a4,,/Users/iktahana/Genji/pending/needs_reading/U+7300-U+73FF/玻.json,1,
玻瑠,4,ガラス,aozora_ruby,2,suspected_fragment,reject_fragment,all occurrences are embedded across at least two works and authoritative dictionaries have no exact headword,,2f24646d-55e4-597a-b553-0d6c8342289c,,/Users/iktahana/Genji/pending/needs_reading/U+7300-U+73FF/玻瑠.json,1,
玻窓,6,はそう,aozora_ruby,1,suspected_fragment,keep_pending,at least one example contains an independent use,,2792881d-37bb-515c-8bd1-b8f1613b6f14,,/Users/iktahana/Genji/pending/needs_reading/U+7300-U+73FF/玻窓.json,1,
珂,8,,,0,suspected_fragment,keep_pending,single-character entries require individual review,,3f9f85b2-fa20-5702-b0bf-1e1ba17fb9f8,,/Users/iktahana/Genji/pending/needs_reading/U+7300-U+73FF/珂.json,1,
珂瑠,6,かる,aozora_ruby|jmnedict,2,suspected_fragment,keep_pending,embedded evidence is insufficient for automatic rejection,,48c38265-bb23-5c2b-9412-065bd61a8fe3,,/Users/iktahana/Genji/pending/needs_reading/U+7300-U+73FF/珂瑠.json,1,
珂知,5,,,0,suspected_fragment,keep_pending,embedded evidence is insufficient for automatic rejection,,663cd995-dc11-5c85-ae84-8819e5afaa25,,/Users/iktahana/Genji/pending/needs_reading/U+7300-U+73FF/珂知.json,1,
珈,6,コーヒー,aozora_ruby,1,suspected_fragment,keep_pending,single-character entries require individual review,,5d22b885-45e0-5047-9728-d0403d6c375a,,/Users/iktahana/Genji/pending/needs_reading/U+7300-U+73FF/珈.json,1,
珍々,29,,,0,suspected_fragment,reject_fragment,all occurrences are embedded across at least two works and authoritative dictionaries have no exact headword,,876a7a67-0bd7-5ad7-9ca4-0dcc0f3a038d,,/Users/iktahana/Genji/pending/needs_reading/U+7300-U+73FF/珍々.json,1,
珎,9,ちん|めづ|めづらし,aozora_ruby,5,source_conflict,conflict,sources disagree on the complete-entry reading,,eda2ae47-c647-5322-8c3c-0e9f1297861b,,/Users/iktahana/Genji/pending/needs_reading/U+7300-U+73FF/珎.json,1,
珞,16,たま,aozora_ruby,1,suspected_fragment,keep_pending,single-character entries require individual review,,278b85f6-9c78-5d01-9fb2-3f53a965c685,,/Users/iktahana/Genji/pending/needs_reading/U+7300-U+73FF/珞.json,1,
珥,7,は|はさ,aozora_ruby,2,source_conflict,conflict,sources disagree on the complete-entry reading,,733254f3-a2ce-584f-a053-a71ca5d83ff5,,/Users/iktahana/Genji/pending/needs_reading/U+7300-U+73FF/珥.json,1,
珸,57,,,0,suspected_fragment,keep_pending,single-character entries require individual review,,f70ee221-1bb5-57f0-a604-3b207990d747,,/Users/iktahana/Genji/pending/needs_reading/U+7300-U+73FF/珸.json,1,
現々,4,ありあり|うとうと,aozora_ruby,2,invalid_unicode,keep_pending,a source supplied a reading containing illegal characters,,dc022e68-08ce-5d9c-b47a-00dc5d2c9d51,,/Users/iktahana/Genji/pending/needs_reading/U+7300-U+73FF/現々.json,1,
琉,21,こはく|は|りゅう|るい|るん,aozora_ruby|jmnedict,5,ambiguous,conflict,jmnedict has multiple applicable full-entry readings,,bddd6900-8bf9-50ba-83c4-38cbdb106ec4,,/Users/iktahana/Genji/pending/needs_reading/U+7400-U+74FF/琉.json,1,
琉語,12,,,0,suspected_fragment,keep_pending,at least one example contains an independent use,,f3b011cb-36bd-5c48-be02-3b7887877706,,/Users/iktahana/Genji/pending/needs_reading/U+7400-U+74FF/琉語.json,1,
琶音,4,アルペジオ,aozora_ruby,3,suspected_fragment,reject_fragment,all occurrences are embedded across at least two works and authoritative dictionaries have no exact headword,,4dd733a4-461f-5b49-842e-81591be9e366,,/Users/iktahana/Genji/pending/needs_reading/U+7400-U+74FF/琶音.json,1,
瑁,25,たいまい,aozora_ruby,11,suspected_fragment,keep_pending,single-character entries require individual review,,afccebe3-7e9b-5a01-8f37-0256ab92ac81,,/Users/iktahana/Genji/pending/needs_reading/U+7400-U+74FF/瑁.json,1,
瑟々,4,しつしつ,aozora_ruby|jmdict,2,suspected_fragment,reject_fragment,all occurrences are embedded across at least two works and authoritative dictionaries have no exact headword,,5c755e09-4cf6-5d2d-94b8-fd20ea133f37,,/Users/iktahana/Genji/pending/needs_reading/U+7400-U+74FF/瑟々.json,1,
瑣児,4,,,0,suspected_fragment,keep_pending,embedded evidence is insufficient for automatic rejection,,e0ac5029-1a61-5b0f-b42d-638c8b12b333,,/Users/iktahana/Genji/pending/needs_reading/U+7400-U+74FF/瑣児.json,1,
瑤々,4,ゆらゆら|ようよう,aozora_ruby,4,source_conflict,conflict,sources disagree on the complete-entry reading,,0beaec73-0eeb-50fa-b4e6-0b2082e1a0e7,,/Users/iktahana/Genji/pending/needs_reading/U+7400-U+74FF/瑤々.json,1,
瑩,10,あき|あきら|えい|けい|みが,aozora_ruby|jmnedict,6,ambiguous,conflict,jmnedict has multiple applicable full-entry readings,,b570b857-513c-56af-8e61-01512403dcd5,,/Users/iktahana/Genji/pending/needs_reading/U+7400-U+74FF/瑩.json,1,
瑩芳,8,けいはう,aozora_ruby,1,suspected_fragment,keep_pending,at least one example contains an independent use,,9deed40d-11c0-531f-ad19-213277e3ac63,,/Users/iktahana/Genji/pending/needs_reading/U+7400-U+74FF/瑩芳.json,1,
瑪,5,,,0,suspected_fragment,keep_pending,single-character entries require individual review,,88815f9e-b347-536d-b21f-7df6f511845f,,/Users/iktahana/Genji/pending/needs_reading/U+7400-U+74FF/瑪.json,1,
瑪利,4,,,0,suspected_fragment,reject_fragment,all occurrences are embedded across at least two works and authoritative dictionaries have no exact headword,,70635004-8386-5fad-830f-57bb702ca212,,/Users/iktahana/Genji/pending/needs_reading/U+7400-U+74FF/瑪利.json,1,
瑪諾,5,,,0,suspected_fragment,keep_pending,embedded evidence is insufficient for automatic rejection,,e6c23e78-2e9e-5f48-96ef-8118307dd924,,/Users/iktahana/Genji/pending/needs_reading/U+7400-U+74FF/瑪諾.json,1,
瑯,16,,,0,suspected_fragment,keep_pending,single-character entries require individual review,,d3617b9c-a193-521f-85d5-5b7fb79a5949,,/Users/iktahana/Genji/pending/needs_reading/U+7400-U+74FF/瑯.json,1,
瑰,20,はまなす|まいかい|まいくわい,aozora_ruby,10,source_conflict,conflict,sources disagree on the complete-entry reading,,b0730686-8d14-5fd8-b743-cb30c2743837,,/Users/iktahana/Genji/pending/needs_reading/U+7400-U+74FF/瑰.json,1,
璃寛,34,りかん|りくわん,aozora_ruby|jmnedict,7,source_conflict,conflict,sources disagree on the complete-entry reading,,44d2754e-09b0-508d-93d0-3df491d14ea7,,/Users/iktahana/Genji/pending/needs_reading/U+7400-U+74FF/璃寛.json,1,
璃昇,6,,,0,suspected_fragment,keep_pending,at least one example contains an independent use,,34f5b55b-748b-5997-8a7b-1eebd704e050,,/Users/iktahana/Genji/pending/needs_reading/U+7400-U+74FF/璃昇.json,1,
璃鶴,5,,,0,suspected_fragment,keep_pending,at least one example contains an independent use,,e2721f33-38d7-5957-86a8-f107dc74607a,,/Users/iktahana/Genji/pending/needs_reading/U+7400-U+74FF/璃鶴.json,1,
瓢々,46,ひょうひょう,aozora_ruby,4,suspected_fragment,keep_pending,at least one example contains an independent use,,f03ce779-215e-50da-bcd0-bffd74b23589,,/Users/iktahana/Genji/pending/needs_reading/U+7400-U+74FF/瓢々.json,1,
甄氏,6,しんし,aozora_ruby,2,suspected_fragment,keep_pending,at least one example contains an independent use,,ffa29ce5-55cb-5365-9f81-d2cea6c7340d,,/Users/iktahana/Genji/pending/needs_reading/U+7500-U+75FF/甄氏.json,1,
甌,4,,,0,suspected_fragment,keep_pending,single-character entries require individual review,,657369e8-cb1c-5253-bfe3-0c086a22d95c,,/Users/iktahana/Genji/pending/needs_reading/U+7500-U+75FF/甌.json,1,
甌香,6,,,0,suspected_fragment,reject_fragment,all occurrences are embedded across at least two works and authoritative dictionaries have no exact headword,,1f708952-6a0c-53a4-a170-981cbac050d8,,/Users/iktahana/Genji/pending/needs_reading/U+7500-U+75FF/甌香.json,1,
甜瑣,4,,,0,suspected_fragment,keep_pending,embedded evidence is insufficient for automatic rejection,,a89df4a5-00e8-5578-ba94-00e446e4c04c,,/Users/iktahana/Genji/pending/needs_reading/U+7500-U+75FF/甜瑣.json,1,
甜郷,5,,,0,suspected_fragment,reject_fragment,all occurrences are embedded across at least two works and authoritative dictionaries have no exact headword,,9562ef15-ef19-5896-bf18-9c3d0c841ea2,,/Users/iktahana/Genji/pending/needs_reading/U+7500-U+75FF/甜郷.json,1,
由々,17,ゆゆ|ゆゝ|ユユ,aozora_ruby|jmnedict,47,source_conflict,conflict,sources disagree on the complete-entry reading,,e91bcb71-4bca-5e22-97fa-c44c04bda483,,/Users/iktahana/Genji/pending/needs_reading/U+7500-U+75FF/由々.json,1,
甸,32,おさむ|てん|でん,aozora_ruby|jmnedict,3,source_conflict,conflict,sources disagree on the complete-entry reading,,b7f3fa7c-37ce-5114-95b4-009f0a0a376e,,/Users/iktahana/Genji/pending/needs_reading/U+7500-U+75FF/甸.json,1,
甸語,34,,,0,suspected_fragment,reject_fragment,all occurrences are embedded across at least two works and authoritative dictionaries have no exact headword,,a551c48b-afdb-5bbf-836e-7de2f394b284,,/Users/iktahana/Genji/pending/needs_reading/U+7500-U+75FF/甸語.json,1,
畄守,6,るす,aozora_ruby,1,suspected_fragment,keep_pending,at least one example contains an independent use,,48705e69-cb11-5ea9-b7d5-df00b36e4470,,/Users/iktahana/Genji/pending/needs_reading/U+7500-U+75FF/畄守.json,1,
畆,13,,,0,suspected_fragment,keep_pending,single-character entries require individual review,,a4682c8c-fe2b-5b98-bcb8-328ee0c1466a,,/Users/iktahana/Genji/pending/needs_reading/U+7500-U+75FF/畆.json,1,
畑々,4,,,0,invalid_unicode,keep_pending,a source supplied a reading containing illegal characters,,1e16a46a-240a-5c29-8959-8bfc8316ddee,,/Users/iktahana/Genji/pending/needs_reading/U+7500-U+75FF/畑々.json,1,
畝々,10,うねうね,aozora_ruby,6,invalid_unicode,keep_pending,a source supplied a reading containing illegal characters,,80b01269-fa46-59c5-a546-739b61af40c4,,/Users/iktahana/Genji/pending/needs_reading/U+7500-U+75FF/畝々.json,1,
番々,8,,,0,suspected_fragment,reject_fragment,all occurrences are embedded across at least two works and authoritative dictionaries have no exact headword,,38425519-2af3-5f3c-aca2-4f50f275e492,,/Users/iktahana/Genji/pending/needs_reading/U+7500-U+75FF/番々.json,1,
畳々,11,じょうじょう,aozora_ruby,4,invalid_unicode,keep_pending,a source supplied a reading containing illegal characters,,dcc399ba-2a7b-5707-b380-56f7be539657,,/Users/iktahana/Genji/pending/needs_reading/U+7500-U+75FF/畳々.json,1,
疚,23,うず|や|やま|やまし,aozora_ruby,111,source_conflict,conflict,sources disagree on the complete-entry reading,,795f2106-9d11-58ea-be9a-1bab7de89aef,,/Users/iktahana/Genji/pending/needs_reading/U+7500-U+75FF/疚.json,1,
疝積,6,せんしやく,aozora_ruby,1,suspected_fragment,keep_pending,at least one example contains an independent use,,69ecd19d-8733-5394-a10c-08b98d9fd4d9,,/Users/iktahana/Genji/pending/needs_reading/U+7500-U+75FF/疝積.json,1,
疼々,7,いたいた|うずうず|ずきずき,aozora_ruby,6,invalid_unicode,keep_pending,a source supplied a reading containing illegal characters,,ace53133-c803-5964-8fc4-fb301668044b,,/Users/iktahana/Genji/pending/needs_reading/U+7500-U+75FF/疼々.json,1,
痃,18,,,0,suspected_fragment,keep_pending,single-character entries require individual review,,c4b6d85d-395b-54e0-82d1-d36af5596db1,,/Users/iktahana/Genji/pending/needs_reading/U+7500-U+75FF/痃.json,1,
痊,28,い|おこた|なほ,aozora_ruby,11,source_conflict,conflict,sources disagree on the complete-entry reading,,2f6ca392-a1e8-5f26-86a2-22966b0d226e,,/Users/iktahana/Genji/pending/needs_reading/U+7500-U+75FF/痊.json,1,
痛々,10,いたいた|たた,aozora_ruby,10,invalid_unicode,keep_pending,a source supplied a reading containing illegal characters,,4a93ce66-69fc-540f-bedd-229989081f24,,/Users/iktahana/Genji/pending/needs_reading/U+7500-U+75FF/痛々.json,1,
痲,8,しび|りん,aozora_ruby,3,source_conflict,conflict,sources disagree on the complete-entry reading,,b6bf8c91-3440-567f-973e-4071dff5cb4a,,/Users/iktahana/Genji/pending/needs_reading/U+7500-U+75FF/痲.json,1,
痳痺,9,しび|まひ,aozora_ruby,3,source_conflict,conflict,sources disagree on the complete-entry reading,,cbee5a99-902a-5997-acf4-11422159e616,,/Users/iktahana/Genji/pending/needs_reading/U+7500-U+75FF/痳痺.json,1,
痿,31,な|なや|ひる|やつ|ゐ,aozora_ruby,13,source_conflict,conflict,sources disagree on the complete-entry reading,,4c598c7a-2a7b-532d-869b-0635a246c331,,/Users/iktahana/Genji/pending/needs_reading/U+7500-U+75FF/痿.json,1,
盗竊,5,,,0,suspected_fragment,keep_pending,embedded evidence is insufficient for automatic rejection,,57d1043f-ea93-5656-80d3-d8a592ea4f6d,,/Users/iktahana/Genji/pending/needs_reading/U+7600-U+76FF/トウ竊.json,1,
発剏,1,,,0,unmatched,keep_pending,no accepted complete-entry evidence,,96a2bb46-0d1e-5da4-8c8a-fcb347c4d22f,,/Users/iktahana/Genji/pending/needs_reading/U+7600-U+76FF/ハツ剏.json,1,
発往,1,,,0,suspected_fragment,keep_pending,embedded evidence is insufficient for automatic rejection,,301d4cbb-ec92-5f7f-a482-de0356929648,,/Users/iktahana/Genji/pending/needs_reading/U+7600-U+76FF/ハツ往.json,1,
発於,1,,,0,unmatched,keep_pending,no accepted complete-entry evidence,,cdbd9c26-f63c-5ae9-9cd7-2ad441415e5a,,/Users/iktahana/Genji/pending/needs_reading/U+7600-U+76FF/ハツ於.json,1,
発而,1,,,0,suspected_fragment,reject_fragment,all occurrences are embedded across at least two works and authoritative dictionaries have no exact headword,,4178f430-2735-565c-866a-302d0194431e,,/Users/iktahana/Genji/pending/needs_reading/U+7600-U+76FF/ハツ而.json,1,
発輙,1,,,0,unmatched,keep_pending,no accepted complete-entry evidence,,b1fc8b4b-de4b-5f82-bed8-0f9c26f052f4,,/Users/iktahana/Genji/pending/needs_reading/U+7600-U+76FF/ハツ輙.json,1,
瘁,10,つか|やつ,aozora_ruby,4,source_conflict,conflict,sources disagree on the complete-entry reading,,86965bfc-3155-5fcf-819d-a7bbd3a82708,,/Users/iktahana/Genji/pending/needs_reading/U+7600-U+76FF/瘁.json,1,
瘉,4,いや|なお,aozora_ruby,3,source_conflict,conflict,sources disagree on the complete-entry reading,,c6f0b8f4-ebc2-594e-b7ec-9f4209ced0c0,,/Users/iktahana/Genji/pending/needs_reading/U+7600-U+76FF/瘉.json,1,
瘟気,13,いきれ|うんき|おんき,aozora_ruby,10,source_conflict,conflict,sources disagree on the complete-entry reading,,3ea078aa-f7fb-5b87-bc2f-5b35ac072f52,,/Users/iktahana/Genji/pending/needs_reading/U+7600-U+76FF/瘟気.json,1,
瘠,94,こ|こけ|や|やさ|やせ,aozora_ruby,200,source_conflict,conflict,sources disagree on the complete-entry reading,,1a7fd50c-96f1-551f-b602-386b948274a4,,/Users/iktahana/Genji/pending/needs_reading/U+7600-U+76FF/瘠.json,1,
瘠犬,7,,,0,suspected_fragment,keep_pending,at least one example contains an independent use,,82f6ebf2-6d7b-506b-89d9-baad8222b569,,/Users/iktahana/Genji/pending/needs_reading/U+7600-U+76FF/瘠犬.json,1,
瘠環,4,せきかん,aozora_ruby,1,suspected_fragment,keep_pending,at least one example contains an independent use,,9f2b541c-4b89-595c-8b06-cf8659713e4b,,/Users/iktahana/Genji/pending/needs_reading/U+7600-U+76FF/瘠環.json,1,
瘠肉,4,,,0,unmatched,keep_pending,no accepted complete-entry evidence,,cd3615e8-edaa-533d-b47b-76ee35a13071,,/Users/iktahana/Genji/pending/needs_reading/U+7600-U+76FF/瘠肉.json,1,
瘢,6,きず|きずあと,aozora_ruby,4,source_conflict,conflict,sources disagree on the complete-entry reading,,24372f9d-6850-5be1-9214-d98e1a01de07,,/Users/iktahana/Genji/pending/needs_reading/U+7600-U+76FF/瘢.json,1,
療医,4,,,0,suspected_fragment,keep_pending,at least one example contains an independent use,,810157ff-f205-5d6b-813e-96dd3ff99f00,,/Users/iktahana/Genji/pending/needs_reading/U+7600-U+76FF/療医.json,1,
療舎,4,,,0,unmatched,keep_pending,no accepted complete-entry evidence,,0570cef4-2454-5d19-befd-eb3bf82a9242,,/Users/iktahana/Genji/pending/needs_reading/U+7600-U+76FF/療舎.json,1,
癆咳,33,らうがい|ろうがい,aozora_ruby,14,source_conflict,conflict,sources disagree on the complete-entry reading,,80395b8e-b7df-548d-9728-a7bd7dea205d,,/Users/iktahana/Genji/pending/needs_reading/U+7600-U+76FF/癆咳.json,1,
癈物,6,,,0,suspected_fragment,reject_fragment,all occurrences are embedded across at least two works and authoritative dictionaries have no exact headword,,8b6843c9-7199-5bac-8abb-b54b1becd040,,/Users/iktahana/Genji/pending/needs_reading/U+7600-U+76FF/癈物.json,1,
癈頽,6,はいたい,aozora_ruby,1,suspected_fragment,keep_pending,at least one example contains an independent use,,9afac091-458b-55fd-832f-b94117804270,,/Users/iktahana/Genji/pending/needs_reading/U+7600-U+76FF/癈頽.json,1,
癢,26,かゆ|がゆ,aozora_ruby,11,source_conflict,conflict,sources disagree on the complete-entry reading,,3c923984-8b32-5cf4-a570-b62c2af777b9,,/Users/iktahana/Genji/pending/needs_reading/U+7600-U+76FF/癢.json,1,
登々,4,とど,jmnedict,1,invalid_unicode,keep_pending,a source supplied a reading containing illegal characters,,14eef16d-2659-51de-86ea-b4fbabb51f9e,,/Users/iktahana/Genji/pending/needs_reading/U+7600-U+76FF/登々.json,1,
皀角,4,さいかち,jmnedict,1,suspected_fragment,reject_fragment,all occurrences are embedded across at least two works and authoritative dictionaries have no exact headword,,9adc46d8-78e2-5861-8032-d6fd9220ef99,,/Users/iktahana/Genji/pending/needs_reading/U+7600-U+76FF/皀角.json,1,
的々,4,,,0,suspected_fragment,reject_fragment,all occurrences are embedded across at least two works and authoritative dictionaries have no exact headword,,bace1c77-fc97-502a-8ee2-9e1abd35151f,,/Users/iktahana/Genji/pending/needs_reading/U+7600-U+76FF/的々.json,1,
皈,22,かえ|かえん|かへ|かへら|かへり|かへる|かへれ|もど,aozora_ruby,23,source_conflict,conflict,sources disagree on the complete-entry reading,,03502f66-e516-520e-906e-65108bf4399c,,/Users/iktahana/Genji/pending/needs_reading/U+7600-U+76FF/皈.json,1,
皙,23,あきら,jmnedict,1,suspected_fragment,keep_pending,single-character entries require individual review,,93d17aaa-ebe4-5366-976f-fb749d632691,,/Users/iktahana/Genji/pending/needs_reading/U+7600-U+76FF/皙.json,1,
盈々,13,なみなみ,aozora_ruby,4,invalid_unicode,keep_pending,a source supplied a reading containing illegal characters,,a2e4b758-3790-546d-9c42-04e4880a1f9d,,/Users/iktahana/Genji/pending/needs_reading/U+7600-U+76FF/盈々.json,1,
盍,8,いず|なん,aozora_ruby,6,source_conflict,conflict,sources disagree on the complete-entry reading,,9eaa9225-3e26-5cf7-b4dd-6128e9bc27de,,/Users/iktahana/Genji/pending/needs_reading/U+7600-U+76FF/盍.json,1,
盪,20,あら|うご|お|そゝ|とろ|ゆ|ゆら,aozora_ruby,11,source_conflict,conflict,sources disagree on the complete-entry reading,,475ebde4-251e-51ba-b989-141fdd2d3e92,,/Users/iktahana/Genji/pending/needs_reading/U+7600-U+76FF/盪.json,1,
相々,6,あいあい|あいやい,jmdict,2,ambiguous,conflict,jmdict has multiple applicable full-entry readings,,36fdc606-36c0-50fd-86c1-678334ce75a7,,/Users/iktahana/Genji/pending/needs_reading/U+7600-U+76FF/相々.json,1,
盻,20,げい|へん|み|みや,aozora_ruby,4,source_conflict,conflict,sources disagree on the complete-entry reading,,0a46a6a7-d571-59ad-8900-55b7fc7cdacd,,/Users/iktahana/Genji/pending/needs_reading/U+7600-U+76FF/盻.json,1,
眈溺,6,,,0,suspected_fragment,keep_pending,embedded evidence is insufficient for automatic rejection,,d44da797-04ef-5b50-8791-43d09fc88e23,,/Users/iktahana/Genji/pending/needs_reading/U+7700-U+77FF/眈溺.json,1,
看々,6,みるみる,aozora_ruby,3,invalid_unicode,keep_pending,a source supplied a reading containing illegal characters,,059c7662-bb9a-58d5-b509-83cfcb005ebb,,/Users/iktahana/Genji/pending/needs_reading/U+7700-U+77FF/看々.json,1,
眛,13,く|まい|クラ,aozora_ruby,3,source_conflict,conflict,sources disagree on the complete-entry reading,,6324f068-3c54-5c28-8ad3-f9fb06d68497,,/Users/iktahana/Genji/pending/needs_reading/U+7700-U+77FF/眛.json,1,
真々,11,まま,jmnedict,1,suspected_fragment,reject_fragment,all occurrences are embedded across at least two works and authoritative dictionaries have no exact headword,,16921ebf-b401-5b85-aef9-e0666b7aa4a5,,/Users/iktahana/Genji/pending/needs_reading/U+7700-U+77FF/真々.json,1,
眤,125,した|じ|じっ|じつ|ぢつ|なじ|なづ|むつみ,aozora_ruby|jmnedict,45,source_conflict,conflict,sources disagree on the complete-entry reading,,3327e956-50a5-55b6-b4c0-2aff7e342f1e,,/Users/iktahana/Genji/pending/needs_reading/U+7700-U+77FF/眤.json,1,
眤懇,28,じっこん|じつこん|ぢつこん,aozora_ruby,19,source_conflict,conflict,sources disagree on the complete-entry reading,,fabab775-5c18-5863-998c-6e80bb771db7,,/Users/iktahana/Genji/pending/needs_reading/U+7700-U+77FF/眤懇.json,1,
眩々,4,くらくら,aozora_ruby,2,invalid_unicode,keep_pending,a source supplied a reading containing illegal characters,,5cb16463-32dc-5211-9f23-191e81bb51d4,,/Users/iktahana/Genji/pending/needs_reading/U+7700-U+77FF/眩々.json,1,
眺入,5,ながめい,aozora_ruby,3,suspected_fragment,reject_fragment,all occurrences are embedded across at least two works and authoritative dictionaries have no exact headword,,fd609e2c-bf29-5fef-a03e-052b19d95ca3,,/Users/iktahana/Genji/pending/needs_reading/U+7700-U+77FF/眺入.json,1,
眼々,9,がんがん|めめ,aozora_ruby,2,source_conflict,conflict,sources disagree on the complete-entry reading,,9645e395-a20c-5891-a57f-341f36c016ce,,/Users/iktahana/Genji/pending/needs_reading/U+7700-U+77FF/眼々.json,1,
睚,8,まなじり|まぶた|まぶち,aozora_ruby,7,invalid_unicode,keep_pending,a source supplied a reading containing illegal characters,,fbd2c924-355e-5780-8979-93843b87a423,,/Users/iktahana/Genji/pending/needs_reading/U+7700-U+77FF/睚.json,1,
睨付,7,にらみつ|にらみつけ|ねめつ|ねめつけ,aozora_ruby,8,source_conflict,conflict,sources disagree on the complete-entry reading,,d29c0607-1e28-538b-b2d6-c8813e78e6d5,,/Users/iktahana/Genji/pending/needs_reading/U+7700-U+77FF/睨付.json,1,
睨廻,4,ねめま|ねめまは|ねめまわ,aozora_ruby,5,source_conflict,conflict,sources disagree on the complete-entry reading,,6b0f44b6-6eb8-59e2-816b-5576898ae8e4,,/Users/iktahana/Genji/pending/needs_reading/U+7700-U+77FF/睨廻.json,1,
睨返,5,にらみかえ|にらみかへ|ねめかえ,aozora_ruby,4,source_conflict,conflict,sources disagree on the complete-entry reading,,021ee2b0-5cb2-54f3-802b-9dbde1f87b1d,,/Users/iktahana/Genji/pending/needs_reading/U+7700-U+77FF/睨返.json,1,
睾,10,きん,aozora_ruby,1,suspected_fragment,keep_pending,single-character entries require individual review,,e7a17fbf-2e51-513e-bbf4-b2030c466a4d,,/Users/iktahana/Genji/pending/needs_reading/U+7700-U+77FF/睾.json,1,
瞑々,6,めいめい,aozora_ruby|jmdict,5,suspected_fragment,keep_pending,at least one example contains an independent use,,5c7aaedf-1730-53e1-94fc-c1594b4d53e2,,/Users/iktahana/Genji/pending/needs_reading/U+7700-U+77FF/瞑々.json,1,
瞭々,11,ありあり|りょうりょう,aozora_ruby,3,source_conflict,conflict,sources disagree on the complete-entry reading,,047d1dbd-d566-5f04-8424-d8ef0388328d,,/Users/iktahana/Genji/pending/needs_reading/U+7700-U+77FF/瞭々.json,1,
瞶,36,つぶ|まも|みつ|みつめ|みは|みひら|みまも|みまわ|ミツ,aozora_ruby,107,invalid_unicode,keep_pending,a source supplied a reading containing illegal characters,,79924876-40e9-5812-bbfb-f8d1228c2134,,/Users/iktahana/Genji/pending/needs_reading/U+7700-U+77FF/瞶.json,1,
瞹,4,,,0,suspected_fragment,keep_pending,single-character entries require individual review,,035bfbe4-d838-5183-87a1-fb76e1933689,,/Users/iktahana/Genji/pending/needs_reading/U+7700-U+77FF/瞹.json,1,
瞹昧,20,あいまい,aozora_ruby,2,suspected_fragment,keep_pending,at least one example contains an independent use,,eb28b6ca-d621-506b-bc2a-98696cf26463,,/Users/iktahana/Genji/pending/needs_reading/U+7700-U+77FF/瞹昧.json,1,
瞹眛,27,あいまい,aozora_ruby,4,suspected_fragment,keep_pending,at least one example contains an independent use,,a10631e4-9811-5181-9e9c-9b8aeb94c73b,,/Users/iktahana/Genji/pending/needs_reading/U+7700-U+77FF/瞹眛.json,1,
瞻,251,あふ|せん|なが|まも|み|みあぐ|みつ|みつむ|みは|みまは|みまも|みまわ|も|セン|マモ|ミ,aozora_ruby,112,source_conflict,conflict,sources disagree on the complete-entry reading,,3dc6887c-6a5b-505a-a742-7f08bf8f97b1,,/Users/iktahana/Genji/pending/needs_reading/U+7700-U+77FF/瞻.json,1,
瞻右,5,,,0,suspected_fragment,reject_fragment,all occurrences are embedded across at least two works and authoritative dictionaries have no exact headword,,f5613e68-d128-522b-b7a8-75204bee8eb7,,/Users/iktahana/Genji/pending/needs_reading/U+7700-U+77FF/瞻右.json,1,
瞻左,7,,,0,suspected_fragment,reject_fragment,all occurrences are embedded across at least two works and authoritative dictionaries have no exact headword,,303374ee-b7ef-54fb-abc8-18b6bced05b0,,/Users/iktahana/Genji/pending/needs_reading/U+7700-U+77FF/瞻左.json,1,
瞻淇,4,,,0,unmatched,keep_pending,no accepted complete-entry evidence,,0281235e-17b2-5efa-a8da-46abd26331f4,,/Users/iktahana/Genji/pending/needs_reading/U+7700-U+77FF/瞻淇.json,1,
矗々,33,すく|すくすく|すっく|ちくちく,aozora_ruby,22,invalid_unicode,keep_pending,a source supplied a reading containing illegal characters,,94adad84-f72a-5dce-b43b-4f777c118818,,/Users/iktahana/Genji/pending/needs_reading/U+7700-U+77FF/矗々.json,1,
矚,8,そく|まも,aozora_ruby,2,source_conflict,conflict,sources disagree on the complete-entry reading,,4d3932b4-744c-562e-ac6b-9560a2f44edb,,/Users/iktahana/Genji/pending/needs_reading/U+7700-U+77FF/矚.json,1,
矣,386,い,aozora_ruby,15,suspected_fragment,keep_pending,single-character entries require individual review,,9c12493c-358d-5356-8ed1-5ac26841e555,,/Users/iktahana/Genji/pending/needs_reading/U+7700-U+77FF/矣.json,1,
矣乎,4,ナルカ,aozora_ruby,1,suspected_fragment,keep_pending,at least one example contains an independent use,,86415850-e29f-58da-a38d-d0c951b82159,,/Users/iktahana/Genji/pending/needs_reading/U+7700-U+77FF/矣乎.json,1,
矧,17,いはむ|いはん|いわ|いわん|は|まし|まして,aozora_ruby,25,source_conflict,conflict,sources disagree on the complete-entry reading,,607f425f-1b9c-5937-97cf-d7365aa1cfbe,,/Users/iktahana/Genji/pending/needs_reading/U+7700-U+77FF/矧.json,1,
矮叢,6,ぼさ|ボサ,aozora_ruby,5,source_conflict,conflict,sources disagree on the complete-entry reading,,259ec904-cc87-5cbb-b1fb-e68505bb940b,,/Users/iktahana/Genji/pending/needs_reading/U+7700-U+77FF/矮叢.json,1,
矮少,6,わいせう,aozora_ruby,2,suspected_fragment,reject_fragment,all occurrences are embedded across at least two works and authoritative dictionaries have no exact headword,,2a835d4c-47ea-58dd-97cd-50abe72431ed,,/Users/iktahana/Genji/pending/needs_reading/U+7700-U+77FF/矮少.json,1,
矮身,5,せいひく,aozora_ruby,1,suspected_fragment,reject_fragment,all occurrences are embedded across at least two works and authoritative dictionaries have no exact headword,,061de4cb-c2cc-5bb3-9169-ae9d9016df39,,/Users/iktahana/Genji/pending/needs_reading/U+7700-U+77FF/矮身.json,1,
矼,6,いしばし|こう,aozora_ruby|jmnedict,2,source_conflict,conflict,sources disagree on the complete-entry reading,,bb3b4bb5-980c-5ef9-a61a-83a2887ee390,,/Users/iktahana/Genji/pending/needs_reading/U+7700-U+77FF/矼.json,1,
砺砥,4,,,0,suspected_fragment,keep_pending,embedded evidence is insufficient for automatic rejection,,01cde202-625c-59e8-b811-868cf09c3626,,/Users/iktahana/Genji/pending/needs_reading/U+7800-U+78FF/砺砥.json,1,
砿脈,5,,,0,suspected_fragment,keep_pending,at least one example contains an independent use,,50ea67c2-7660-562c-9624-e33d2947ce67,,/Users/iktahana/Genji/pending/needs_reading/U+7800-U+78FF/砿脈.json,1,
硝灯,4,,,0,unmatched,keep_pending,no accepted complete-entry evidence,,30ddeb30-ca19-5531-a5a4-5cae1a4eeecc,,/Users/iktahana/Genji/pending/needs_reading/U+7800-U+78FF/硝灯.json,1,
硝盃,7,こっぷ|コツプ,aozora_ruby,3,source_conflict,conflict,sources disagree on the complete-entry reading,,b9430fde-dc70-5f99-a338-fcb42c635b42,,/Users/iktahana/Genji/pending/needs_reading/U+7800-U+78FF/硝盃.json,1,
硲,7,さこ|はさま|はざま|はた|ハザマ,aozora_ruby|jmdict|jmnedict,8,ambiguous,conflict,jmdict has multiple applicable full-entry readings,,52081271-0217-5087-b075-89a7e4019f75,,/Users/iktahana/Genji/pending/needs_reading/U+7800-U+78FF/硲.json,1,
硲君,5,,,0,unmatched,keep_pending,no accepted complete-entry evidence,,2dced37d-f04a-5b6f-9726-7a14cdc00b06,,/Users/iktahana/Genji/pending/needs_reading/U+7800-U+78FF/硲君.json,1,
硼硅,4,,,0,suspected_fragment,keep_pending,embedded evidence is insufficient for automatic rejection,,e61079bf-8a5b-51d4-8beb-2aa3a30d690f,,/Users/iktahana/Genji/pending/needs_reading/U+7800-U+78FF/硼硅.json,1,
碎,61,くた|くだ|くだき|くだく,aozora_ruby,54,source_conflict,conflict,sources disagree on the complete-entry reading,,c2ed3e06-cd67-5398-8f21-6763a0566450,,/Users/iktahana/Genji/pending/needs_reading/U+7800-U+78FF/碎.json,1,
碧々,13,あおあお|あをあを|へきへき,aozora_ruby|jmdict,9,invalid_unicode,keep_pending,a source supplied a reading containing illegal characters,,d43325bf-e424-578e-93d0-1d2cf4683151,,/Users/iktahana/Genji/pending/needs_reading/U+7800-U+78FF/碧々.json,1,
碼瑙,4,めなう|めのう|メノウ,aozora_ruby,3,source_conflict,conflict,sources disagree on the complete-entry reading,,ae88b3a5-4fe2-5851-bea3-050ce22fd610,,/Users/iktahana/Genji/pending/needs_reading/U+7800-U+78FF/碼瑙.json,1,
碾石,7,ひきうす,aozora_ruby,1,single_ruby,keep_pending,ruby occurs in only one distinct Aozora text file,,da8fef41-2ba3-52c5-aecc-2908240c9003,,/Users/iktahana/Genji/pending/needs_reading/U+7800-U+78FF/碾石.json,1,
磅一,61,,,0,suspected_fragment,reject_fragment,all occurrences are embedded across at least two works and authoritative dictionaries have no exact headword,,a46bed40-a1e5-5cb9-b4c8-9f723af72c85,,/Users/iktahana/Genji/pending/needs_reading/U+7800-U+78FF/磅一.json,1,
磅二,16,,,0,suspected_fragment,keep_pending,embedded evidence is insufficient for automatic rejection,,949e6cc9-ab38-5cd3-81f1-b037355adc37,,/Users/iktahana/Genji/pending/needs_reading/U+7800-U+78FF/磅二.json,1,
磅五,9,,,0,unmatched,keep_pending,no accepted complete-entry evidence,,e04925f7-7608-5663-9fb3-bcc97fb3f39a,,/Users/iktahana/Genji/pending/needs_reading/U+7800-U+78FF/磅五.json,1,
磅以,13,,,0,suspected_fragment,reject_fragment,all occurrences are embedded across at least two works and authoritative dictionaries have no exact headword,,66c8d751-5906-5d2b-a69b-d66380006d60,,/Users/iktahana/Genji/pending/needs_reading/U+7800-U+78FF/磅以.json,1,
磅八,23,,,0,suspected_fragment,reject_fragment,all occurrences are embedded across at least two works and authoritative dictionaries have no exact headword,,7c8274c5-09b8-5154-a0ef-0c977d679606,,/Users/iktahana/Genji/pending/needs_reading/U+7800-U+78FF/磅八.json,1,
磅十,5,,,0,suspected_fragment,keep_pending,at least one example contains an independent use,,a9556577-1992-54a1-847b-64a8b5250728,,/Users/iktahana/Genji/pending/needs_reading/U+7800-U+78FF/磅十.json,1,
磅四,20,,,0,suspected_fragment,reject_fragment,all occurrences are embedded across at least two works and authoritative dictionaries have no exact headword,,feed05d2-dd72-584b-a2bc-4d8d9ed0e69e,,/Users/iktahana/Genji/pending/needs_reading/U+7800-U+78FF/磅四.json,1,
磅貨,6,,,0,suspected_fragment,keep_pending,at least one example contains an independent use,,b00a3ece-b0f4-57eb-952b-e748997cbb17,,/Users/iktahana/Genji/pending/needs_reading/U+7800-U+78FF/磅貨.json,1,
磋,6,さ|す,aozora_ruby,4,source_conflict,conflict,sources disagree on the complete-entry reading,,7b9348af-d462-5944-943b-c82064949216,,/Users/iktahana/Genji/pending/needs_reading/U+7800-U+78FF/磋.json,1,
磋磯,32,,,0,suspected_fragment,reject_fragment,all occurrences are embedded across at least two works and authoritative dictionaries have no exact headword,,ed6e60ed-1b5a-5af5-9eea-3b9dacf62242,,/Users/iktahana/Genji/pending/needs_reading/U+7800-U+78FF/磋磯.json,1,
磽地,4,いしじ,aozora_ruby,3,suspected_fragment,keep_pending,at least one example contains an independent use,,0d70df8e-2629-5ec1-8a64-298ab883910b,,/Users/iktahana/Genji/pending/needs_reading/U+7800-U+78FF/磽地.json,1,
称焉,1,,,0,suspected_fragment,keep_pending,embedded evidence is insufficient for automatic rejection,,faf4fd83-c3e1-59d1-9ecc-c01397bdf8cc,,/Users/iktahana/Genji/pending/needs_reading/U+7900-U+79FF/ショウ焉.json,1,
禅陀,3,,,0,suspected_fragment,keep_pending,embedded evidence is insufficient for automatic rejection,,03e5b64d-455e-5aa4-b305-ed44e862393b,,/Users/iktahana/Genji/pending/needs_reading/U+7900-U+79FF/ゼン陀.json,1,
礪,14,と|となみ|みが,aozora_ruby|jmnedict,6,source_conflict,conflict,sources disagree on the complete-entry reading,,72370a5a-50c2-55d6-a3b0-9fadb045b040,,/Users/iktahana/Genji/pending/needs_reading/U+7900-U+79FF/礪.json,1,
礪並,6,となみ,aozora_ruby,3,suspected_fragment,reject_fragment,all occurrences are embedded across at least two works and authoritative dictionaries have no exact headword,,3a342101-4d17-587d-93c7-f8eaa87cdc63,,/Users/iktahana/Genji/pending/needs_reading/U+7900-U+79FF/礪並.json,1,
礬,8,,,0,suspected_fragment,keep_pending,single-character entries require individual review,,edac4cc3-a27c-5a62-8f52-98b027ba4842,,/Users/iktahana/Genji/pending/needs_reading/U+7900-U+79FF/礬.json,1,
社々,45,,,0,invalid_unicode,keep_pending,a source supplied a reading containing illegal characters,,ea65140e-506b-536e-bdf8-3562612f65d3,,/Users/iktahana/Genji/pending/needs_reading/U+7900-U+79FF/社々.json,1,
祀部,6,,,0,suspected_fragment,reject_fragment,all occurrences are embedded across at least two works and authoritative dictionaries have no exact headword,,c1cc5537-eada-542d-aca4-042efd4a06a0,,/Users/iktahana/Genji/pending/needs_reading/U+7900-U+79FF/祀部.json,1,
祁,38,き,aozora_ruby,1,suspected_fragment,keep_pending,single-character entries require individual review,,6ab75b69-ff46-5ad7-8e90-f9a4babb61c2,,/Users/iktahana/Genji/pending/needs_reading/U+7900-U+79FF/祁.json,1,
祁王,10,,,0,suspected_fragment,keep_pending,embedded evidence is insufficient for automatic rejection,,cf7d9737-7d3f-5d99-9848-53ed78219e92,,/Users/iktahana/Genji/pending/needs_reading/U+7900-U+79FF/祁王.json,1,
祁都,6,,,0,suspected_fragment,keep_pending,embedded evidence is insufficient for automatic rejection,,2c30bf0e-b088-5176-94f6-a1b9a6986974,,/Users/iktahana/Genji/pending/needs_reading/U+7900-U+79FF/祁都.json,1,
祖々,22,おやおや|オヤオヤ|オヤヽヽ,aozora_ruby,3,invalid_unicode,keep_pending,a source supplied a reading containing illegal characters,,5da561bf-6c50-5ad1-bb4f-6ee57394ab3d,,/Users/iktahana/Genji/pending/needs_reading/U+7900-U+79FF/祖々.json,1,
祗,6,し|つつし,aozora_ruby,2,source_conflict,conflict,sources disagree on the complete-entry reading,,3fa77a01-87e3-5720-8775-440515e9fd54,,/Users/iktahana/Genji/pending/needs_reading/U+7900-U+79FF/祗.json,1,
祗闌,4,,,0,suspected_fragment,keep_pending,embedded evidence is insufficient for automatic rejection,,3bfdb71b-4caa-57c0-857b-e31ead746f87,,/Users/iktahana/Genji/pending/needs_reading/U+7900-U+79FF/祗闌.json,1,
祝々,4,,,0,invalid_unicode,keep_pending,a source supplied a reading containing illegal characters,,a8d35b4a-82ba-5908-931d-567f51964b7c,,/Users/iktahana/Genji/pending/needs_reading/U+7900-U+79FF/祝々.json,1,
禀,50,う,aozora_ruby,3,suspected_fragment,keep_pending,single-character entries require individual review,,27cf4cea-8160-5d0b-bd48-7ee07e3d20f8,,/Users/iktahana/Genji/pending/needs_reading/U+7900-U+79FF/禀.json,1,
禀星,7,,,0,suspected_fragment,keep_pending,embedded evidence is insufficient for automatic rejection,,8d8e8fc7-a493-5587-899f-9f825a36c593,,/Users/iktahana/Genji/pending/needs_reading/U+7900-U+79FF/禀星.json,1,
禳,14,はら|はらい|はらひ|はろ,aozora_ruby,10,source_conflict,conflict,sources disagree on the complete-entry reading,,d873e4bb-4a1c-5a62-9c9f-3b2b16d9fd3e,,/Users/iktahana/Genji/pending/needs_reading/U+7900-U+79FF/禳.json,1,
禺,15,ぐう,aozora_ruby,1,suspected_fragment,keep_pending,single-character entries require individual review,,81d3e552-fdad-552b-b707-b78bc7b6368c,,/Users/iktahana/Genji/pending/needs_reading/U+7900-U+79FF/禺.json,1,
秉忠,7,へいちゅう,aozora_ruby,1,suspected_fragment,keep_pending,at least one example contains an independent use,,adfee39a-bdeb-5cb1-a744-f5c7fba844c7,,/Users/iktahana/Genji/pending/needs_reading/U+7900-U+79FF/秉忠.json,1,
秒々,4,,,0,suspected_fragment,reject_fragment,all occurrences are embedded across at least two works and authoritative dictionaries have no exact headword,,5a6df04a-1f39-5532-a48c-634475be548f,,/Users/iktahana/Genji/pending/needs_reading/U+7900-U+79FF/秒々.json,1,
秘々,4,ひそひそ,aozora_ruby,2,suspected_fragment,keep_pending,at least one example contains an independent use,,a04eac5f-fa7d-56c5-8d24-f69a7fd2856f,,/Users/iktahana/Genji/pending/needs_reading/U+7900-U+79FF/秘々.json,1,
秧,10,さなえ|そうおう|なえ|なへ,aozora_ruby|jmdict|jmnedict,6,ambiguous,conflict,jmnedict has multiple applicable full-entry readings,,796d716f-746f-5c13-9f95-f5003eb2430d,,/Users/iktahana/Genji/pending/needs_reading/U+7900-U+79FF/秧.json,1,
秩寮,6,,,0,suspected_fragment,reject_fragment,all occurrences are embedded across at least two works and authoritative dictionaries have no exact headword,,a6cd87fd-7e05-5cd9-94e3-569c4ef9ecb0,,/Users/iktahana/Genji/pending/needs_reading/U+7900-U+79FF/秩寮.json,1,
移家,6,,,0,suspected_fragment,keep_pending,at least one example contains an independent use,,7b05772d-f0bc-5e03-9e5d-6e01543a88eb,,/Users/iktahana/Genji/pending/needs_reading/U+7900-U+79FF/移家.json,1,
移木,6,,,0,suspected_fragment,keep_pending,embedded evidence is insufficient for automatic rejection,,b2950bfd-a5ad-5e1a-b5ae-0a75bba9eff3,,/Users/iktahana/Genji/pending/needs_reading/U+7900-U+79FF/移木.json,1,
移栽,5,,,0,unmatched,keep_pending,no accepted complete-entry evidence,,7906532a-4589-5af9-9484-6239fa692b33,,/Users/iktahana/Genji/pending/needs_reading/U+7900-U+79FF/移栽.json,1,
移竹,8,いちく,aozora_ruby,2,suspected_fragment,keep_pending,at least one example contains an independent use,,35a295d9-0432-58d1-8e47-db1c0702c0d1,,/Users/iktahana/Genji/pending/needs_reading/U+7900-U+79FF/移竹.json,1,
移轍,97,,,0,unmatched,keep_pending,no accepted complete-entry evidence,,95681afa-4f1d-5075-8f86-6743eb571247,,/Users/iktahana/Genji/pending/needs_reading/U+7900-U+79FF/移轍.json,1,
稲依,5,,,0,suspected_fragment,keep_pending,embedded evidence is insufficient for automatic rejection,,9ae64a26-fcc3-5eea-8e63-7169ed67823b,,/Users/iktahana/Genji/pending/needs_reading/U+7A00-U+7AFF/イネ依.json,1,
稲兩,1,,,0,unmatched,keep_pending,no accepted complete-entry evidence,,ec8e1628-7984-5af0-883a-a3058e1810a4,,/Users/iktahana/Genji/pending/needs_reading/U+7A00-U+7AFF/イネ兩.json,1,
稲已,1,,,0,suspected_fragment,keep_pending,embedded evidence is insufficient for automatic rejection,,6548b0ac-822b-5117-8010-0830171ca1c8,,/Users/iktahana/Genji/pending/needs_reading/U+7A00-U+7AFF/イネ已.json,1,
稲曳,1,,,0,unmatched,keep_pending,no accepted complete-entry evidence,,a2dbf569-a9a3-57b3-9a80-948e4b324ffc,,/Users/iktahana/Genji/pending/needs_reading/U+7A00-U+7AFF/イネ曳.json,1,
稲紵,4,,,0,suspected_fragment,reject_fragment,all occurrences are embedded across at least two works and authoritative dictionaries have no exact headword,,91e5d3be-8e39-51a9-a72c-a5b2a50dee70,,/Users/iktahana/Genji/pending/needs_reading/U+7A00-U+7AFF/イネ紵.json,1,
稀々,29,たまたま|まれまれ,aozora_ruby,9,invalid_unicode,keep_pending,a source supplied a reading containing illegal characters,,ac79a7bf-93a0-5f14-be6c-2ec12e52171e,,/Users/iktahana/Genji/pending/needs_reading/U+7A00-U+7AFF/稀々.json,1,
稍々,368,やや|やゝ,aozora_ruby,100,invalid_unicode,keep_pending,a source supplied a reading containing illegal characters,,150607b9-4ccf-5e81-8d72-5d13a37d0377,,/Users/iktahana/Genji/pending/needs_reading/U+7A00-U+7AFF/稍々.json,1,
稟在,5,ひんざい,aozora_ruby,1,suspected_fragment,keep_pending,embedded evidence is insufficient for automatic rejection,,8b55d966-c51f-59a2-991e-66f18ad8d7b6,,/Users/iktahana/Genji/pending/needs_reading/U+7A00-U+7AFF/稟在.json,1,
稠坐,5,ちうざ|ちゅうざ,aozora_ruby,5,source_conflict,conflict,sources disagree on the complete-entry reading,,604c7c75-5c41-5435-ba4b-55a9342f4be2,,/Users/iktahana/Genji/pending/needs_reading/U+7A00-U+7AFF/稠坐.json,1,
稼圃,10,,,0,suspected_fragment,keep_pending,at least one example contains an independent use,,7d2fb21a-dd38-57dc-8d03-7250afa66846,,/Users/iktahana/Genji/pending/needs_reading/U+7A00-U+7AFF/稼圃.json,1,
稼堂,5,かどう,aozora_ruby,1,suspected_fragment,keep_pending,at least one example contains an independent use,,b59d6492-32b4-58cd-96cb-d0ac18f78aea,,/Users/iktahana/Genji/pending/needs_reading/U+7A00-U+7AFF/稼堂.json,1,
稾,35,,,0,suspected_fragment,keep_pending,single-character entries require individual review,,9ad39c48-709d-595f-9279-5161422d4713,,/Users/iktahana/Genji/pending/needs_reading/U+7A00-U+7AFF/稾.json,1,
穆々,7,ぼくぼく|ボクボク|ボクヽヽ|ボクヾヽ,aozora_ruby|jmdict,5,invalid_unicode,keep_pending,a source supplied a reading containing illegal characters,,ad1c1c8a-bd26-5f66-9c30-a2ffce1626ef,,/Users/iktahana/Genji/pending/needs_reading/U+7A00-U+7AFF/穆々.json,1,
穉,128,いとけな|おさな|ち|わか|をさな,aozora_ruby,34,source_conflict,conflict,sources disagree on the complete-entry reading,,96f3ed82-680e-5f25-a148-a3bd381f35eb,,/Users/iktahana/Genji/pending/needs_reading/U+7A00-U+7AFF/穉.json,1,
穉児,5,おさなご|ちご,aozora_ruby,4,source_conflict,conflict,sources disagree on the complete-entry reading,,41f4c1ad-9a44-5913-99e7-434cb8d7adc0,,/Users/iktahana/Genji/pending/needs_reading/U+7A00-U+7AFF/穉児.json,1,
穉子,18,おさなご|ちご|をさなご,aozora_ruby,6,source_conflict,conflict,sources disagree on the complete-entry reading,,74e89e36-2d0c-5811-8f34-efa68fc17839,,/Users/iktahana/Genji/pending/needs_reading/U+7A00-U+7AFF/穉子.json,1,
穉拙,9,ちせつ,aozora_ruby,2,suspected_fragment,keep_pending,at least one example contains an independent use,,1dd18b15-500a-57a1-869c-2fa3a9eb1f35,,/Users/iktahana/Genji/pending/needs_reading/U+7A00-U+7AFF/穉拙.json,1,
穉樹,4,わかぎ,aozora_ruby,1,suspected_fragment,keep_pending,at least one example contains an independent use,,c6c85a85-d633-5378-9f1e-f5efeeba7a08,,/Users/iktahana/Genji/pending/needs_reading/U+7A00-U+7AFF/穉樹.json,1,
穉気,4,ちき,aozora_ruby|jmdict,3,suspected_fragment,reject_fragment,all occurrences are embedded across at least two works and authoritative dictionaries have no exact headword,,bb268343-0495-5de8-8fca-e229c1a886f8,,/Users/iktahana/Genji/pending/needs_reading/U+7A00-U+7AFF/穉気.json,1,
穡,5,か|かる,aozora_ruby,3,source_conflict,conflict,sources disagree on the complete-entry reading,,6596f055-7d89-59bd-8ce2-36d770dd124a,,/Users/iktahana/Genji/pending/needs_reading/U+7A00-U+7AFF/穡.json,1,
穫物,5,えもの,aozora_ruby,2,suspected_fragment,keep_pending,at least one example contains an independent use,,7e4975b0-9ff8-5512-a02a-af120e769416,,/Users/iktahana/Genji/pending/needs_reading/U+7A00-U+7AFF/穫物.json,1,
穹,17,きゅう|こう|たかし|ふか,aozora_ruby|jmnedict,4,ambiguous,conflict,jmnedict has multiple applicable full-entry readings,,0fccd19a-a287-582a-b88f-468d9ddc0b78,,/Users/iktahana/Genji/pending/needs_reading/U+7A00-U+7AFF/穹.json,1,
穹門,5,きゅうもん|アルク,aozora_ruby,2,source_conflict,conflict,sources disagree on the complete-entry reading,,38e31234-f6b6-5db1-ad12-5de31c9ac1e4,,/Users/iktahana/Genji/pending/needs_reading/U+7A00-U+7AFF/穹門.json,1,
穿其,4,,,0,suspected_fragment,keep_pending,embedded evidence is insufficient for automatic rejection,,7dae38e5-6cd2-5882-a8e2-35183581d9b0,,/Users/iktahana/Genji/pending/needs_reading/U+7A00-U+7AFF/穿其.json,1,
穿去,7,,,0,suspected_fragment,keep_pending,embedded evidence is insufficient for automatic rejection,,cb57ab96-146a-51aa-9210-9ee87149fe60,,/Users/iktahana/Genji/pending/needs_reading/U+7A00-U+7AFF/穿去.json,1,
穿物,67,はきもの|はくもの,aozora_ruby,37,source_conflict,conflict,sources disagree on the complete-entry reading,,7b8b36f5-0331-58be-9f80-64fbf72580cb,,/Users/iktahana/Genji/pending/needs_reading/U+7A00-U+7AFF/穿物.json,1,
穿索,35,さぐ|せんさく,aozora_ruby,18,source_conflict,conflict,sources disagree on the complete-entry reading,,b4e958b1-4f37-504d-811d-c162e5a881d1,,/Users/iktahana/Genji/pending/needs_reading/U+7A00-U+7AFF/穿索.json,1,
穿違,4,はきちが,aozora_ruby,1,single_ruby,keep_pending,ruby occurs in only one distinct Aozora text file,,88531d4d-05fc-5417-a9b3-48aed12cbeb3,,/Users/iktahana/Genji/pending/needs_reading/U+7A00-U+7AFF/穿違.json,1,
窃々,8,こそこそ|こつそり|ひそひそ,aozora_ruby,6,invalid_unicode,keep_pending,a source supplied a reading containing illegal characters,,07f89767-8e6c-50c2-9b8d-1a98fc0a1573,,/Users/iktahana/Genji/pending/needs_reading/U+7A00-U+7AFF/窃々.json,1,
窄袴,5,ずぼん|ズボン,aozora_ruby,2,source_conflict,conflict,sources disagree on the complete-entry reading,,5f7ad351-48b5-5def-8e3c-85bc12b01d14,,/Users/iktahana/Genji/pending/needs_reading/U+7A00-U+7AFF/窄袴.json,1,
窈,5,ふか|ふかし|ふかみ|よう,aozora_ruby|jmnedict,6,ambiguous,conflict,jmnedict has multiple applicable full-entry readings,,71c14721-9932-502e-bdce-f17576214969,,/Users/iktahana/Genji/pending/needs_reading/U+7A00-U+7AFF/窈.json,1,
窈娘,8,ようじょう,aozora_ruby,1,single_ruby,keep_pending,ruby occurs in only one distinct Aozora text file,,c1c34aea-94f3-54a1-a701-ed429bc6aa93,,/Users/iktahana/Genji/pending/needs_reading/U+7A00-U+7AFF/窈娘.json,1,
窓々,169,まどまど,aozora_ruby,2,invalid_unicode,keep_pending,a source supplied a reading containing illegal characters,,99383da7-4db4-5902-ac80-ae31bf68e6fb,,/Users/iktahana/Genji/pending/needs_reading/U+7A00-U+7AFF/窓々.json,1,
窕,4,うつろ,jmnedict,1,suspected_fragment,keep_pending,single-character entries require individual review,,084b0f05-9f85-5848-ace6-ba7a1e98f2e4,,/Users/iktahana/Genji/pending/needs_reading/U+7A00-U+7AFF/窕.json,1,
窕子,465,ちょうこ,jmnedict,1,suspected_fragment,keep_pending,at least one example contains an independent use,,88cd06ed-6d9a-5d58-92d2-2716f54bbc2a,,/Users/iktahana/Genji/pending/needs_reading/U+7A00-U+7AFF/窕子.json,1,
窗,65,まど,aozora_ruby|jmdict,8,suspected_fragment,keep_pending,single-character entries require individual review,,1adacbd3-a327-5518-b81d-24c84df30533,,/Users/iktahana/Genji/pending/needs_reading/U+7A00-U+7AFF/窗.json,1,
窗外,9,,,0,suspected_fragment,keep_pending,at least one example contains an independent use,,c41ae814-79b2-53db-b39c-3ad8e47c5b2c,,/Users/iktahana/Genji/pending/needs_reading/U+7A00-U+7AFF/窗外.json,1,
窘逐,4,きんちく,aozora_ruby,2,suspected_fragment,reject_fragment,all occurrences are embedded across at least two works and authoritative dictionaries have no exact headword,,3c43057a-97f0-57a9-bff7-b93819d449ad,,/Users/iktahana/Genji/pending/needs_reading/U+7A00-U+7AFF/窘逐.json,1,
窯々,7,,,0,unmatched,keep_pending,no accepted complete-entry evidence,,637531af-099d-568b-aa74-c8131927ab33,,/Users/iktahana/Genji/pending/needs_reading/U+7A00-U+7AFF/窯々.json,1,
窶々,6,やつやつ|よぼよぼ,aozora_ruby,6,source_conflict,conflict,sources disagree on the complete-entry reading,,c0fe0428-38fe-5917-8a52-ccf4370b777c,,/Users/iktahana/Genji/pending/needs_reading/U+7A00-U+7AFF/窶々.json,1,
窶然,5,みすぼらし,aozora_ruby,1,single_ruby,keep_pending,ruby occurs in only one distinct Aozora text file,,1e5dcd61-f490-58ef-8f30-6232a4c35328,,/Users/iktahana/Genji/pending/needs_reading/U+7A00-U+7AFF/窶然.json,1,
竄乱,9,,,0,suspected_fragment,keep_pending,at least one example contains an independent use,,65ee113d-853f-5d5e-9480-83bad6452896,,/Users/iktahana/Genji/pending/needs_reading/U+7A00-U+7AFF/竄乱.json,1,
竄術,5,,,0,suspected_fragment,reject_fragment,all occurrences are embedded across at least two works and authoritative dictionaries have no exact headword,,068d0cfa-3c69-538a-91b6-32d5ce9460c7,,/Users/iktahana/Genji/pending/needs_reading/U+7A00-U+7AFF/竄術.json,1,
竇,72,あな|とう,aozora_ruby|jmnedict,5,source_conflict,conflict,sources disagree on the complete-entry reading,,11dc3315-5129-52f0-9752-1ec5fccee145,,/Users/iktahana/Genji/pending/needs_reading/U+7A00-U+7AFF/竇.json,1,
竊,237,しの|そ|そっ|そつ|そつと|ぬす|ぬすん|ひそ|ひそか|みそか,aozora_ruby,83,invalid_unicode,keep_pending,a source supplied a reading containing illegal characters,,a8780915-0f57-5846-85c3-b4a63e86427f,,/Users/iktahana/Genji/pending/needs_reading/U+7A00-U+7AFF/竊.json,1,
竊取,7,せっしゅ|せつしゆ,aozora_ruby,3,source_conflict,conflict,sources disagree on the complete-entry reading,,d193ac88-8ccd-5faf-a887-fb2959e51c37,,/Users/iktahana/Genji/pending/needs_reading/U+7A00-U+7AFF/竊取.json,1,
笆,5,まがき|ませ,aozora_ruby|jmdict|jmnedict,4,source_conflict,conflict,sources disagree on the complete-entry reading,,69134a6e-98e5-5325-919a-4f5a0f81d7aa,,/Users/iktahana/Genji/pending/needs_reading/U+7B00-U+7BFF/笆.json,1,
笘,11,おおとま|しもと|とま,aozora_ruby|jmnedict,8,ambiguous,conflict,jmnedict has multiple applicable full-entry readings,,557440b0-244d-56e0-bc51-d9a8104c0684,,/Users/iktahana/Genji/pending/needs_reading/U+7B00-U+7BFF/笘.json,1,
笳,12,あしぶえ|か,aozora_ruby|jmdict,2,source_conflict,conflict,sources disagree on the complete-entry reading,,a2a844d1-aad9-5fea-8a50-2e0f7736fa7e,,/Users/iktahana/Genji/pending/needs_reading/U+7B00-U+7BFF/笳.json,1,
筋々,19,,,0,invalid_unicode,keep_pending,a source supplied a reading containing illegal characters,,aab5e894-1d13-5d48-8326-521bdeb39783,,/Users/iktahana/Genji/pending/needs_reading/U+7B00-U+7BFF/筋々.json,1,
筮師,4,,,0,suspected_fragment,reject_fragment,all occurrences are embedded across at least two works and authoritative dictionaries have no exact headword,,5e2feac3-7134-564b-a887-83b6445c023d,,/Users/iktahana/Genji/pending/needs_reading/U+7B00-U+7BFF/筮師.json,1,
箇々,112,ここ,aozora_ruby|jmdict,5,suspected_fragment,keep_pending,at least one example contains an independent use,,a3d056d7-621d-5b54-93dd-2e14f48ae6d9,,/Users/iktahana/Genji/pending/needs_reading/U+7B00-U+7BFF/箇々.json,1,
箇一,11,,,0,suspected_fragment,reject_fragment,all occurrences are embedded across at least two works and authoritative dictionaries have no exact headword,,cf915f31-5f68-5b8c-a3a7-9ec699ca5496,,/Users/iktahana/Genji/pending/needs_reading/U+7B00-U+7BFF/箇一.json,1,
箇以,5,,,0,suspected_fragment,reject_fragment,all occurrences are embedded across at least two works and authoritative dictionaries have no exact headword,,96fdfc7f-bce1-53bc-9b50-d002381b5835,,/Users/iktahana/Genji/pending/needs_reading/U+7B00-U+7BFF/箇以.json,1,
箇体,6,こたい,aozora_ruby,1,suspected_fragment,keep_pending,at least one example contains an independent use,,bfec9371-4895-588a-886e-da94a3f7b835,,/Users/iktahana/Genji/pending/needs_reading/U+7B00-U+7BFF/箇体.json,1,
箇処,108,かしょ|がしょ|ところ,aozora_ruby,6,source_conflict,conflict,sources disagree on the complete-entry reading,,05ef830a-2c3a-52d0-b49c-f3aba38d1088,,/Users/iktahana/Genji/pending/needs_reading/U+7B00-U+7BFF/箇処.json,1,
箇出,4,,,0,suspected_fragment,reject_fragment,all occurrences are embedded across at least two works and authoritative dictionaries have no exact headword,,c0c6c87a-be8a-5f94-ab03-6a47cf6726f6,,/Users/iktahana/Genji/pending/needs_reading/U+7B00-U+7BFF/箇出.json,1,
箇半,4,,,0,suspected_fragment,reject_fragment,all occurrences are embedded across at least two works and authoritative dictionaries have no exact headword,,927ea73f-f2fb-5bd3-80d3-4d6abb0a2be2,,/Users/iktahana/Genji/pending/needs_reading/U+7B00-U+7BFF/箇半.json,1,
箇性,57,こせい,aozora_ruby,1,suspected_fragment,keep_pending,at least one example contains an independent use,,8d9545f2-8f06-53af-b5df-f2a3205eb6ac,,/Users/iktahana/Genji/pending/needs_reading/U+7B00-U+7BFF/箇性.json,1,
箇敷,5,,,0,suspected_fragment,reject_fragment,all occurrences are embedded across at least two works and authoritative dictionaries have no exact headword,,04ab4dbd-dea3-58d2-84bb-f75bee41b81c,,/Users/iktahana/Genji/pending/needs_reading/U+7B00-U+7BFF/箇敷.json,1,
箇程,6,かほど,aozora_ruby,4,suspected_fragment,keep_pending,at least one example contains an independent use,,003a2241-2893-5e67-b599-f8898b91435b,,/Users/iktahana/Genji/pending/needs_reading/U+7B00-U+7BFF/箇程.json,1,
箇聯,4,,,0,suspected_fragment,reject_fragment,all occurrences are embedded across at least two works and authoritative dictionaries have no exact headword,,f227a5ed-a583-59f0-bba5-5e4167d443d7,,/Users/iktahana/Genji/pending/needs_reading/U+7B00-U+7BFF/箇聯.json,1,
管々,36,くだくだ,aozora_ruby,20,invalid_unicode,keep_pending,a source supplied a reading containing illegal characters,,9f5f446f-acfe-5e41-9746-ef4f8652f255,,/Users/iktahana/Genji/pending/needs_reading/U+7B00-U+7BFF/管々.json,1,
篋,31,かたみ|きよけふ|けふ|はこ|ばこ,aozora_ruby,8,source_conflict,conflict,sources disagree on the complete-entry reading,,12bc2e26-9c30-54c6-b893-5f5423b9b1e7,,/Users/iktahana/Genji/pending/needs_reading/U+7B00-U+7BFF/篋.json,1,
篋中,4,きょうちゅう|けふちゆう,aozora_ruby,2,source_conflict,conflict,sources disagree on the complete-entry reading,,44900916-676f-5475-8f44-827dec7bf873,,/Users/iktahana/Genji/pending/needs_reading/U+7B00-U+7BFF/篋中.json,1,
粛秩,1,,,0,unmatched,keep_pending,no accepted complete-entry evidence,,4c8dc1e4-9bfa-5d7c-b552-050752eae8ca,,/Users/iktahana/Genji/pending/needs_reading/U+7C00-U+7CFF/シュク秩.json,1,
簑,125,みの|みのさき,aozora_ruby|jmdict|jmnedict,44,ambiguous,conflict,jmnedict has multiple applicable full-entry readings,,f04bd7e6-f4a4-5cf8-8a9a-ba23567773fb,,/Users/iktahana/Genji/pending/needs_reading/U+7C00-U+7CFF/簑.json,1,
簑着,5,,,0,suspected_fragment,reject_fragment,all occurrences are embedded across at least two works and authoritative dictionaries have no exact headword,,df27f495-2a01-51db-87f5-c952a06d9c6f,,/Users/iktahana/Genji/pending/needs_reading/U+7C00-U+7CFF/簑着.json,1,
簑笠,90,さりつ|さりゅう|みのかさ|みのがさ,aozora_ruby|jmdict,17,ambiguous,conflict,jmdict has multiple applicable full-entry readings,,d610999f-c1a8-54d6-9148-f738c4088d1d,,/Users/iktahana/Genji/pending/needs_reading/U+7C00-U+7CFF/簑笠.json,1,
簑虫,43,みのむし,aozora_ruby,4,suspected_fragment,keep_pending,at least one example contains an independent use,,e2c454da-e050-5b30-8f76-1b22c5922814,,/Users/iktahana/Genji/pending/needs_reading/U+7C00-U+7CFF/簑虫.json,1,
簔,34,みの,aozora_ruby|jmdict|jmnedict,5,suspected_fragment,keep_pending,single-character entries require individual review,,d5b3fe73-2ea1-5986-89d2-429e182ca917,,/Users/iktahana/Genji/pending/needs_reading/U+7C00-U+7CFF/簔.json,1,
簔笠,4,さりつ|さりゅう|みのかさ,jmdict,3,ambiguous,conflict,jmdict has multiple applicable full-entry readings,,ea196976-0c7f-5a8f-ad52-6e5a13f3b495,,/Users/iktahana/Genji/pending/needs_reading/U+7C00-U+7CFF/簔笠.json,1,
簟山,5,,,0,suspected_fragment,keep_pending,embedded evidence is insufficient for automatic rejection,,ca4d70ce-0220-5af9-b2bd-dd9e3716fa1e,,/Users/iktahana/Genji/pending/needs_reading/U+7C00-U+7CFF/簟山.json,1,
簟紋,4,,,0,unmatched,keep_pending,no accepted complete-entry evidence,,7e118250-729f-5a48-a233-86bbf0785100,,/Users/iktahana/Genji/pending/needs_reading/U+7C00-U+7CFF/簟紋.json,1,
簷,89,のき|ひさし|エン,aozora_ruby|jmdict,50,source_conflict,conflict,sources disagree on the complete-entry reading,,2938798a-74ff-5bb2-a26b-fa89d19f6808,,/Users/iktahana/Genji/pending/needs_reading/U+7C00-U+7CFF/簷.json,1,
簷先,5,えんさき,aozora_ruby,1,suspected_fragment,reject_fragment,all occurrences are embedded across at least two works and authoritative dictionaries have no exact headword,,194d0e94-4883-588e-bc3c-75b121c9aac6,,/Users/iktahana/Genji/pending/needs_reading/U+7C00-U+7CFF/簷先.json,1,
籃蒸,4,ナンスーン,aozora_ruby,1,single_ruby,keep_pending,ruby occurs in only one distinct Aozora text file,,658c757e-41da-57fe-8151-8ee218673812,,/Users/iktahana/Genji/pending/needs_reading/U+7C00-U+7CFF/籃蒸.json,1,
籘,14,とう,aozora_ruby|jmdict,5,suspected_fragment,keep_pending,single-character entries require individual review,,117e9535-a131-536a-a331-e290dc746dda,,/Users/iktahana/Genji/pending/needs_reading/U+7C00-U+7CFF/籘.json,1,
粁位,4,,,0,suspected_fragment,reject_fragment,all occurrences are embedded across at least two works and authoritative dictionaries have no exact headword,,c4f5dde6-4f8d-5da0-9d0d-a4ede655ff4e,,/Users/iktahana/Genji/pending/needs_reading/U+7C00-U+7CFF/粁位.json,1,
粧坂,19,けわいざか|しょうさか,jmnedict,2,ambiguous,conflict,jmnedict has multiple applicable full-entry readings,,1a0839ec-214e-5414-a4e3-ede41f78a221,,/Users/iktahana/Genji/pending/needs_reading/U+7C00-U+7CFF/粧坂.json,1,
糎位,6,,,0,suspected_fragment,keep_pending,at least one example contains an independent use,,9e707735-eb1d-544c-a9ba-205cc348d124,,/Users/iktahana/Genji/pending/needs_reading/U+7C00-U+7CFF/糎位.json,1,
糎砲,30,,,0,suspected_fragment,keep_pending,at least one example contains an independent use,,f098d96e-f260-5059-8ef4-9f6517de9e72,,/Users/iktahana/Genji/pending/needs_reading/U+7C00-U+7CFF/糎砲.json,1,
糎程,5,,,0,suspected_fragment,keep_pending,at least one example contains an independent use,,1c6e71c0-07d3-58f5-b6b4-8a4a43b8fa10,,/Users/iktahana/Genji/pending/needs_reading/U+7C00-U+7CFF/糎程.json,1,
絵描,12,えか|えかき,aozora_ruby|jmdict,5,source_conflict,conflict,sources disagree on the complete-entry reading,,7fe066a4-991b-54bd-8692-1cb2f8377226,,/Users/iktahana/Genji/pending/needs_reading/U+7D00-U+7DFF/エ描.json,1,
継敢,1,,,0,unmatched,keep_pending,no accepted complete-entry evidence,,a9d84380-5894-5ad3-958b-fb6186e8ade7,,/Users/iktahana/Genji/pending/needs_reading/U+7D00-U+7DFF/ツギ敢.json,1,
紅々,26,あかあか|あかく,aozora_ruby,15,invalid_unicode,keep_pending,a source supplied a reading containing illegal characters,,3a76ef23-4a05-5737-a364-4194488248a5,,/Users/iktahana/Genji/pending/needs_reading/U+7D00-U+7DFF/紅々.json,1,
紆涛,8,,,0,suspected_fragment,keep_pending,at least one example contains an independent use,,0fe5ef84-41fa-5804-bed1-02225140a3d5,,/Users/iktahana/Genji/pending/needs_reading/U+7D00-U+7DFF/紆涛.json,1,
素々,10,もともと,aozora_ruby,5,invalid_unicode,keep_pending,a source supplied a reading containing illegal characters,,03bd05ec-614a-5c6d-b390-ea952a916a74,,/Users/iktahana/Genji/pending/needs_reading/U+7D00-U+7DFF/素々.json,1,
索々,5,さくさく,aozora_ruby,2,suspected_fragment,keep_pending,at least one example contains an independent use,,4cc1a728-2559-5282-babd-22cedd1f89f9,,/Users/iktahana/Genji/pending/needs_reading/U+7D00-U+7DFF/索々.json,1,
紿,12,あざむ,aozora_ruby,5,suspected_fragment,keep_pending,single-character entries require individual review,,10ae5313-0eb5-57bb-bc9f-866a26e04347,,/Users/iktahana/Genji/pending/needs_reading/U+7D00-U+7DFF/紿.json,1,
組々,39,くみくみ,aozora_ruby,1,invalid_unicode,keep_pending,a source supplied a reading containing illegal characters,,beae4692-fc09-50d7-8865-9b364425f943,,/Users/iktahana/Genji/pending/needs_reading/U+7D00-U+7DFF/組々.json,1,
絛,4,でう|サナダ,aozora_ruby,2,source_conflict,conflict,sources disagree on the complete-entry reading,,d0dc1ff6-e531-50a7-b4c3-80d16addbc4b,,/Users/iktahana/Genji/pending/needs_reading/U+7D00-U+7DFF/絛.json,1,
絨壇,4,じゅうたん|じゆうたん,aozora_ruby,2,source_conflict,conflict,sources disagree on the complete-entry reading,,b881eae4-a07d-5aa8-9f6f-2c759af6fc0f,,/Users/iktahana/Genji/pending/needs_reading/U+7D00-U+7DFF/絨壇.json,1,
絨氈,234,じうたん|じゅうせん|じゅうたん|じゆうたん|じゆたん|もうせん|ジュウタン|ジュータン|マット,aozora_ruby|jmdict,90,ambiguous,conflict,jmdict has multiple applicable full-entry readings,,93a6d774-46dc-5a6c-858a-174fcc2d8dd3,,/Users/iktahana/Genji/pending/needs_reading/U+7D00-U+7DFF/絨氈.json,1,
絶々,32,たえだえ,aozora_ruby,15,invalid_unicode,keep_pending,a source supplied a reading containing illegal characters,,9acce589-bfa9-573f-ac93-06095077f702,,/Users/iktahana/Genji/pending/needs_reading/U+7D00-U+7DFF/絶々.json,1,
綫,11,すぢ,aozora_ruby,1,suspected_fragment,keep_pending,single-character entries require individual review,,0dfef9ed-cf53-5e8b-9019-0648e5ff9ddf,,/Users/iktahana/Genji/pending/needs_reading/U+7D00-U+7DFF/綫.json,1,
維久,5,ただひさ|つなひさ,jmnedict,2,ambiguous,conflict,jmnedict has multiple applicable full-entry readings,,aa7d5781-462a-5d22-9a25-af7a5e3a1fe8,,/Users/iktahana/Genji/pending/needs_reading/U+7D00-U+7DFF/維久.json,1,
維乗,10,,,0,suspected_fragment,keep_pending,embedded evidence is insufficient for automatic rejection,,baa0ff70-b1ed-53d6-a7fa-2b51855e0a5a,,/Users/iktahana/Genji/pending/needs_reading/U+7D00-U+7DFF/維乗.json,1,
維也,42,つなや|ゆいや,jmnedict,2,ambiguous,conflict,jmnedict has multiple applicable full-entry readings,,01cd823b-cb89-5cb0-98d0-add1b3a500b7,,/Users/iktahana/Genji/pending/needs_reading/U+7D00-U+7DFF/維也.json,1,
維倉,4,いくら,aozora_ruby,1,suspected_fragment,keep_pending,embedded evidence is insufficient for automatic rejection,,c8fbf099-0ae7-5f17-bb82-cab94b480636,,/Users/iktahana/Genji/pending/needs_reading/U+7D00-U+7DFF/維倉.json,1,
維因,9,,,0,suspected_fragment,keep_pending,embedded evidence is insufficient for automatic rejection,,f0a3d5f2-e30e-5d00-bb8a-404bb7dc12ff,,/Users/iktahana/Genji/pending/needs_reading/U+7D00-U+7DFF/維因.json,1,
維幾,26,これちか,aozora_ruby,1,single_ruby,keep_pending,ruby occurs in only one distinct Aozora text file,,054a4315-3612-52aa-b139-723ded624e2d,,/Users/iktahana/Genji/pending/needs_reading/U+7D00-U+7DFF/維幾.json,1,
維康,10,これやす,aozora_ruby|jmnedict,2,suspected_fragment,reject_fragment,all occurrences are embedded across at least two works and authoritative dictionaries have no exact headword,,8cbefe02-f40b-5aa2-aa9b-ee03a43f0ca1,,/Users/iktahana/Genji/pending/needs_reading/U+7D00-U+7DFF/維康.json,1,
維廉,11,ウィルヘルム|ヰルヘルム,aozora_ruby,5,source_conflict,conflict,sources disagree on the complete-entry reading,,6618c006-a0bc-5fdb-966b-9d4d8e2dcbeb,,/Users/iktahana/Genji/pending/needs_reading/U+7D00-U+7DFF/維廉.json,1,
維氏,6,,,0,suspected_fragment,reject_fragment,all occurrences are embedded across at least two works and authoritative dictionaries have no exact headword,,cb19fa7d-dc73-518e-aab6-bd999f2d3d9a,,/Users/iktahana/Genji/pending/needs_reading/U+7D00-U+7DFF/維氏.json,1,
維法,12,,,0,suspected_fragment,reject_fragment,all occurrences are embedded across at least two works and authoritative dictionaries have no exact headword,,63c1c24c-eb31-5c0c-9b29-18c8998ea31e,,/Users/iktahana/Genji/pending/needs_reading/U+7D00-U+7DFF/維法.json,1,
維石,4,,,0,suspected_fragment,reject_fragment,all occurrences are embedded across at least two works and authoritative dictionaries have no exact headword,,b6b4c152-38c3-52c7-881b-86525c42498d,,/Users/iktahana/Genji/pending/needs_reading/U+7D00-U+7DFF/維石.json,1,
綯,87,あざな|こより|な|ないまじ|よ|より|ナ,aozora_ruby,108,source_conflict,conflict,sources disagree on the complete-entry reading,,4b358cd2-6936-542e-b8e9-2b859ca5445e,,/Users/iktahana/Genji/pending/needs_reading/U+7D00-U+7DFF/綯.json,1,
綰,11,す|た|たば|わが|わがね,aozora_ruby,15,source_conflict,conflict,sources disagree on the complete-entry reading,,4d6b5e77-50ab-5f57-bfdf-e7a93bdbb66d,,/Users/iktahana/Genji/pending/needs_reading/U+7D00-U+7DFF/綰.json,1,
緊乎,23,しっか|しっかり|しつか|しつかり|しツかり,aozora_ruby,15,source_conflict,conflict,sources disagree on the complete-entry reading,,4e4cf13e-cdb9-5fef-a3d0-3409c05bfa13,,/Users/iktahana/Genji/pending/needs_reading/U+7D00-U+7DFF/緊乎.json,1,
緞匹,4,だんひつ,aozora_ruby,2,suspected_fragment,keep_pending,at least one example contains an independent use,,d691a910-a4e8-5872-ba6e-c09e34fb37db,,/Users/iktahana/Genji/pending/needs_reading/U+7D00-U+7DFF/緞匹.json,1,
繊而,1,,,0,unmatched,keep_pending,no accepted complete-entry evidence,,7deb4baa-3732-5f44-b9fd-3c92d9d4cf0f,,/Users/iktahana/Genji/pending/needs_reading/U+7E00-U+7EFF/セン而.json,1,
縋,201,から|こび|しが|す|すかり|すが|すがっ|すがり|ず|つ|とりつき|もつ|スガ,aozora_ruby,716,invalid_unicode,keep_pending,a source supplied a reading containing illegal characters,,f00e6308-1b6d-5b1d-a768-c612e92a1521,,/Users/iktahana/Genji/pending/needs_reading/U+7E00-U+7EFF/縋.json,1,
縡,12,こと|ことき|ことぎ,aozora_ruby|jmdict,8,source_conflict,conflict,sources disagree on the complete-entry reading,,488eb6f5-652e-5e53-ad1b-678556c19f20,,/Users/iktahana/Genji/pending/needs_reading/U+7E00-U+7EFF/縡.json,1,
縡切,23,ことき|ことぎ,aozora_ruby,24,source_conflict,conflict,sources disagree on the complete-entry reading,,fa83f455-a57e-5e2d-a05c-4f392cda014b,,/Users/iktahana/Genji/pending/needs_reading/U+7E00-U+7EFF/縡切.json,1,
縵四,5,,,0,suspected_fragment,reject_fragment,all occurrences are embedded across at least two works and authoritative dictionaries have no exact headword,,9beb42cc-ef2a-55b0-b7be-e59c29e9d331,,/Users/iktahana/Genji/pending/needs_reading/U+7E00-U+7EFF/縵四.json,1,
縵矛,5,,,0,suspected_fragment,keep_pending,embedded evidence is insufficient for automatic rejection,,683c58a4-d240-524c-baa9-a56f05770da1,,/Users/iktahana/Genji/pending/needs_reading/U+7E00-U+7EFF/縵矛.json,1,
縷糸,4,いと|よりいと,aozora_ruby,2,source_conflict,conflict,sources disagree on the complete-entry reading,,67df5ea1-7f3c-55c4-83a4-fba664723aa8,,/Users/iktahana/Genji/pending/needs_reading/U+7E00-U+7EFF/縷糸.json,1,
縺毛,5,ほつれげ|もつれげ,aozora_ruby,4,source_conflict,conflict,sources disagree on the complete-entry reading,,650bcfc9-fc50-5c76-b0a2-eaf58b26bd06,,/Users/iktahana/Genji/pending/needs_reading/U+7E00-U+7EFF/縺毛.json,1,
繊々,16,せんせん,aozora_ruby,4,suspected_fragment,keep_pending,at least one example contains an independent use,,b4ad797c-3573-5d89-9994-d82d116d5b95,,/Users/iktahana/Genji/pending/needs_reading/U+7E00-U+7EFF/繊々.json,1,
繖,9,かさ|きぬがさ|さん|キヌカサ,aozora_ruby|jmnedict,6,source_conflict,conflict,sources disagree on the complete-entry reading,,f7a54822-c0c0-5877-b064-d4558a056ad0,,/Users/iktahana/Genji/pending/needs_reading/U+7E00-U+7EFF/繖.json,1,
繚,5,みだ|りょう,aozora_ruby,2,source_conflict,conflict,sources disagree on the complete-entry reading,,b91b6385-929f-5d8c-9e90-2b20ca56f1b8,,/Users/iktahana/Genji/pending/needs_reading/U+7E00-U+7EFF/繚.json,1,
繰拡,5,くりひろ,aozora_ruby,5,suspected_fragment,reject_fragment,all occurrences are embedded across at least two works and authoritative dictionaries have no exact headword,,6548b6e0-dcc2-5344-9f4c-d7bceabd935f,,/Users/iktahana/Genji/pending/needs_reading/U+7E00-U+7EFF/繰拡.json,1,
繰方,8,,,0,suspected_fragment,reject_fragment,all occurrences are embedded across at least two works and authoritative dictionaries have no exact headword,,e72a7fb3-eab5-5d7c-a0f2-9d685dcbd830,,/Users/iktahana/Genji/pending/needs_reading/U+7E00-U+7EFF/繰方.json,1,
繰舟,4,くりふね,aozora_ruby,1,suspected_fragment,keep_pending,at least one example contains an independent use,,8c6e6007-ea59-5226-a548-12e132e57262,,/Users/iktahana/Genji/pending/needs_reading/U+7E00-U+7EFF/繰舟.json,1,
繰金,7,,,0,suspected_fragment,reject_fragment,all occurrences are embedded across at least two works and authoritative dictionaries have no exact headword,,2694f74d-957b-50d2-8640-6a02ba49f540,,/Users/iktahana/Genji/pending/needs_reading/U+7E00-U+7EFF/繰金.json,1,
繻絆,27,じゅばん,aozora_ruby,6,invalid_unicode,keep_pending,a source supplied a reading containing illegal characters,,d9aa334c-7b02-565e-ac35-fd65dafb4863,,/Users/iktahana/Genji/pending/needs_reading/U+7E00-U+7EFF/繻絆.json,1,
繻袢,7,じゅばん|じゆばん,aozora_ruby,3,source_conflict,conflict,sources disagree on the complete-entry reading,,b952bcad-8183-5fe9-808d-b2990db3e3ac,,/Users/iktahana/Genji/pending/needs_reading/U+7E00-U+7EFF/繻袢.json,1,
繿縷,11,つづれ|ぼろ,aozora_ruby,7,source_conflict,conflict,sources disagree on the complete-entry reading,,644a6538-f181-5b1e-9ce4-0434d9cf6b4c,,/Users/iktahana/Genji/pending/needs_reading/U+7E00-U+7EFF/繿縷.json,1,
纎,11,か|ほそ,aozora_ruby,5,source_conflict,conflict,sources disagree on the complete-entry reading,,89f7f360-a782-5f84-b9a0-6b10e1dfb39e,,/Users/iktahana/Genji/pending/needs_reading/U+7E00-U+7EFF/纎.json,1,
纎弱,5,かよわ|ひよわ|デリケート,aozora_ruby,4,source_conflict,conflict,sources disagree on the complete-entry reading,,636f9175-c50a-56b8-a5f7-54a3a9cf9634,,/Users/iktahana/Genji/pending/needs_reading/U+7E00-U+7EFF/纎弱.json,1,
纎手,5,せんしゆ|て,aozora_ruby,3,source_conflict,conflict,sources disagree on the complete-entry reading,,29d36ebc-19ba-5e05-9bef-30ce921c8130,,/Users/iktahana/Genji/pending/needs_reading/U+7E00-U+7EFF/纎手.json,1,
纎細,10,せんさい,aozora_ruby,1,suspected_fragment,reject_fragment,all occurrences are embedded across at least two works and authoritative dictionaries have no exact headword,,1590c27a-d842-5b92-b101-c79ea1658df9,,/Users/iktahana/Genji/pending/needs_reading/U+7E00-U+7EFF/纎細.json,1,
纎維,8,せんい|せんゐ,aozora_ruby,3,source_conflict,conflict,sources disagree on the complete-entry reading,,668ff028-ee96-517e-9d80-ac985a95537a,,/Users/iktahana/Genji/pending/needs_reading/U+7E00-U+7EFF/纎維.json,1,
翻攪,1,,,0,suspected_fragment,keep_pending,embedded evidence is insufficient for automatic rejection,,c779881c-c1d8-55db-97d6-af3ada4e1003,,/Users/iktahana/Genji/pending/needs_reading/U+7F00-U+7FFF/コボシ攪.json,1,
缸,5,かめ|こう,aozora_ruby,3,source_conflict,conflict,sources disagree on the complete-entry reading,,38151b13-623f-5c33-9260-b1503bddff92,,/Users/iktahana/Genji/pending/needs_reading/U+7F00-U+7FFF/缸.json,1,
罌,4,あう,aozora_ruby,1,suspected_fragment,keep_pending,single-character entries require individual review,,6987c51e-31c8-5396-a828-8aadb2baf824,,/Users/iktahana/Genji/pending/needs_reading/U+7F00-U+7FFF/罌.json,1,
罎,513,びん|ブタイユ,aozora_ruby|jmdict,92,source_conflict,conflict,sources disagree on the complete-entry reading,,0b3bea14-03bc-5742-934e-2e211b30915c,,/Users/iktahana/Genji/pending/needs_reading/U+7F00-U+7FFF/罎.json,1,
罎詰,23,びんづ|びんづめ,aozora_ruby,10,source_conflict,conflict,sources disagree on the complete-entry reading,,5f444a3f-c760-553b-a3e9-ec34bd047b06,,/Users/iktahana/Genji/pending/needs_reading/U+7F00-U+7FFF/罎詰.json,1,
罕,54,たま|ま|まれ|マレ,aozora_ruby,23,source_conflict,conflict,sources disagree on the complete-entry reading,,40a28a42-6289-5441-ae11-0dffb5860cee,,/Users/iktahana/Genji/pending/needs_reading/U+7F00-U+7FFF/罕.json,1,
罘,5,,,0,suspected_fragment,keep_pending,single-character entries require individual review,,44f367d2-1610-5a3c-aef0-62c4d08963aa,,/Users/iktahana/Genji/pending/needs_reading/U+7F00-U+7FFF/罘.json,1,
罟,7,あみ|わな,aozora_ruby,3,source_conflict,conflict,sources disagree on the complete-entry reading,,e70c7ccf-8c72-5c82-bef4-e450b212ebf0,,/Users/iktahana/Genji/pending/needs_reading/U+7F00-U+7FFF/罟.json,1,
罩,67,こ|こも|たちこ|つつ|つゝ|ふせ,aozora_ruby,195,invalid_unicode,keep_pending,a source supplied a reading containing illegal characters,,03c3b5a9-43d0-5c95-9cc1-1ef12841df0b,,/Users/iktahana/Genji/pending/needs_reading/U+7F00-U+7FFF/罩.json,1,
罷在,77,まかりあ|まかりあり|まかりある|まかりあれ,aozora_ruby,20,invalid_unicode,keep_pending,a source supplied a reading containing illegal characters,,3f852a52-1e53-5cf9-9a12-456a52db7e1c,,/Users/iktahana/Genji/pending/needs_reading/U+7F00-U+7FFF/罷在.json,1,
罷成,26,まかりな|まかりなり,aozora_ruby,11,source_conflict,conflict,sources disagree on the complete-entry reading,,9354463a-110f-59ea-9705-ee6573ee3b64,,/Users/iktahana/Genji/pending/needs_reading/U+7F00-U+7FFF/罷成.json,1,
罷越,45,まかりこ|まかりこし|まかりこす|マカリコシ,aozora_ruby,13,source_conflict,conflict,sources disagree on the complete-entry reading,,655757f8-1c78-54cc-be09-1d7acb1f862e,,/Users/iktahana/Genji/pending/needs_reading/U+7F00-U+7FFF/罷越.json,1,
罸,19,ばち,aozora_ruby,3,suspected_fragment,keep_pending,single-character entries require individual review,,153b533a-1b47-50df-a9a4-173cb71fc40d,,/Users/iktahana/Genji/pending/needs_reading/U+7F00-U+7FFF/罸.json,1,
罸金,5,,,0,unmatched,keep_pending,no accepted complete-entry evidence,,3dd33b09-5777-519d-a080-095a132f4be5,,/Users/iktahana/Genji/pending/needs_reading/U+7F00-U+7FFF/罸金.json,1,
羂,35,わな,aozora_ruby|jmdict,15,invalid_unicode,keep_pending,a source supplied a reading containing illegal characters,,03ae79e8-64c7-53b2-afc3-39c09ff72a45,,/Users/iktahana/Genji/pending/needs_reading/U+7F00-U+7FFF/羂.json,1,
羨敷,6,うらやましく,aozora_ruby,1,suspected_fragment,keep_pending,embedded evidence is insufficient for automatic rejection,,203a4ec4-8a45-50bc-8ff3-a95b7c15f9e3,,/Users/iktahana/Genji/pending/needs_reading/U+7F00-U+7FFF/羨敷.json,1,
羶,4,,,0,suspected_fragment,keep_pending,single-character entries require individual review,,6697013b-2b58-50c6-a632-7da02ec59a5f,,/Users/iktahana/Genji/pending/needs_reading/U+7F00-U+7FFF/羶.json,1,
羸,21,か|つか|や|やつ|やつれ,aozora_ruby,10,source_conflict,conflict,sources disagree on the complete-entry reading,,68d99bf5-8e48-5658-8f25-1b6b3632aa3d,,/Users/iktahana/Genji/pending/needs_reading/U+7F00-U+7FFF/羸.json,1,
翊,16,か|よく,aozora_ruby|jmnedict,2,source_conflict,conflict,sources disagree on the complete-entry reading,,f5430275-d1a9-58cd-adbb-c374d09247f6,,/Users/iktahana/Genji/pending/needs_reading/U+7F00-U+7FFF/翊.json,1,
習々,17,しゅうしゅう|そよそよ,aozora_ruby|jmdict,4,invalid_unicode,keep_pending,a source supplied a reading containing illegal characters,,8f43dcac-88c9-5267-a924-e4da26de1cc8,,/Users/iktahana/Genji/pending/needs_reading/U+7F00-U+7FFF/習々.json,1,
習之,42,,,0,suspected_fragment,reject_fragment,all occurrences are embedded across at least two works and authoritative dictionaries have no exact headword,,0dcf29f3-12bd-51cb-9542-ce08bdf965c7,,/Users/iktahana/Genji/pending/needs_reading/U+7F00-U+7FFF/習之.json,1,
習係,6,,,0,suspected_fragment,keep_pending,embedded evidence is insufficient for automatic rejection,,61660c4d-9c0d-5d36-8f22-d634e84dc130,,/Users/iktahana/Genji/pending/needs_reading/U+7F00-U+7FFF/習係.json,1,
習所,6,,,0,suspected_fragment,conflict,occurrences map to different formal headwords,,979d990c-2075-52f0-87b7-eaeaf041cc06,,/Users/iktahana/Genji/pending/needs_reading/U+7F00-U+7FFF/習所.json,1,
習者,10,,,0,suspected_fragment,reject_fragment,all occurrences are embedded across at least two works and authoritative dictionaries have no exact headword,,a740eca8-5401-5497-9ca1-28a3b57a0cd5,,/Users/iktahana/Genji/pending/needs_reading/U+7F00-U+7FFF/習者.json,1,
習院,15,,,0,suspected_fragment,reject_fragment,all occurrences are embedded across at least two works and authoritative dictionaries have no exact headword,,dcbd88a4-2cf8-5745-8f56-5135c9e81b1d,,/Users/iktahana/Genji/pending/needs_reading/U+7F00-U+7FFF/習院.json,1,
翕,6,きゅう|さかり|つばさ,aozora_ruby|jmnedict,4,source_conflict,conflict,sources disagree on the complete-entry reading,,29d7abdd-fea1-52f5-91e5-c0fa9780d648,,/Users/iktahana/Genji/pending/needs_reading/U+7F00-U+7FFF/翕.json,1,
翹,27,あきら|かけ|ぎょう|つばさ|つまだ|はね,aozora_ruby|jmnedict,7,ambiguous,conflict,jmnedict has multiple applicable full-entry readings,,3abbb250-3e5c-51f4-8189-594fbeae6465,,/Users/iktahana/Genji/pending/needs_reading/U+7F00-U+7FFF/翹.json,1,
翻々,29,ひらひら|へんぺん|ほんぽん,aozora_ruby,6,invalid_unicode,keep_pending,a source supplied a reading containing illegal characters,,9e223660-eb04-5faf-9a2c-8c42c7fb80b0,,/Users/iktahana/Genji/pending/needs_reading/U+7F00-U+7FFF/翻々.json,1,
胆悸,1,,,0,suspected_fragment,keep_pending,embedded evidence is insufficient for automatic rejection,,5a57312f-79ae-53c8-b794-1061648074a9,,/Users/iktahana/Genji/pending/needs_reading/U+8000-U+80FF/タン悸.json,1,
胆潰,1,きもつぶ,aozora_ruby,1,suspected_fragment,keep_pending,embedded evidence is insufficient for automatic rejection,,d122f88a-6381-58c2-84b0-bad77cc5b779,,/Users/iktahana/Genji/pending/needs_reading/U+8000-U+80FF/タン潰.json,1,
胆褊,1,,,0,unmatched,keep_pending,no accepted complete-entry evidence,,8bbef20e-a98f-5f7f-a9ca-f7c577158c48,,/Users/iktahana/Genji/pending/needs_reading/U+8000-U+80FF/タン褊.json,1,
耀天,4,,,0,suspected_fragment,reject_fragment,all occurrences are embedded across at least two works and authoritative dictionaries have no exact headword,,d5b228d9-05e8-563b-b6e6-f5e5ed033e8c,,/Users/iktahana/Genji/pending/needs_reading/U+8000-U+80FF/耀天.json,1,
耀石,12,,,0,suspected_fragment,reject_fragment,all occurrences are embedded across at least two works and authoritative dictionaries have no exact headword,,7e5d86f8-5733-5f6f-a88e-33756011b7d6,,/Users/iktahana/Genji/pending/needs_reading/U+8000-U+80FF/耀石.json,1,
耀館,59,,,0,suspected_fragment,keep_pending,embedded evidence is insufficient for automatic rejection,,81432419-5e8e-581f-8f33-37734576b00c,,/Users/iktahana/Genji/pending/needs_reading/U+8000-U+80FF/耀館.json,1,
耋,5,ほう,aozora_ruby,1,suspected_fragment,keep_pending,single-character entries require individual review,,eab7aa3e-f900-56fb-a57a-464bf824ef81,,/Users/iktahana/Genji/pending/needs_reading/U+8000-U+80FF/耋.json,1,
而一,9,,,0,suspected_fragment,reject_fragment,all occurrences are embedded across at least two works and authoritative dictionaries have no exact headword,,78226b30-effa-5168-8381-a37298787e2e,,/Users/iktahana/Genji/pending/needs_reading/U+8000-U+80FF/而一.json,1,
而不,63,,,0,suspected_fragment,reject_fragment,all occurrences are embedded across at least two works and authoritative dictionaries have no exact headword,,8b2b351c-7a8d-54a9-8b16-179de797fac0,,/Users/iktahana/Genji/pending/needs_reading/U+8000-U+80FF/而不.json,1,
而之,4,,,0,suspected_fragment,keep_pending,embedded evidence is insufficient for automatic rejection,,b692c48f-44bd-5030-9d6e-c015cce532ee,,/Users/iktahana/Genji/pending/needs_reading/U+8000-U+80FF/而之.json,1,
而事,5,,,0,suspected_fragment,keep_pending,embedded evidence is insufficient for automatic rejection,,e01437d8-7744-55d0-98d4-70ec6dd7def7,,/Users/iktahana/Genji/pending/needs_reading/U+8000-U+80FF/而事.json,1,
而人,4,,,0,suspected_fragment,keep_pending,at least one example contains an independent use,,989f5034-57c1-5fc9-aaa0-8a912a8eebd4,,/Users/iktahana/Genji/pending/needs_reading/U+8000-U+80FF/而人.json,1,
而以,6,,,0,suspected_fragment,reject_fragment,all occurrences are embedded across at least two works and authoritative dictionaries have no exact headword,,67879a6e-5199-51ca-9dd8-45bf2275b032,,/Users/iktahana/Genji/pending/needs_reading/U+8000-U+80FF/而以.json,1,
而作,4,,,0,suspected_fragment,reject_fragment,all occurrences are embedded across at least two works and authoritative dictionaries have no exact headword,,2e04872a-f635-5665-8231-8c9938b40125,,/Users/iktahana/Genji/pending/needs_reading/U+8000-U+80FF/而作.json,1,
而候,5,,,0,suspected_fragment,reject_fragment,all occurrences are embedded across at least two works and authoritative dictionaries have no exact headword,,bf5ac422-3a53-5b4e-a7e8-5de189f91971,,/Users/iktahana/Genji/pending/needs_reading/U+8000-U+80FF/而候.json,1,
而入,5,,,0,suspected_fragment,keep_pending,embedded evidence is insufficient for automatic rejection,,297a4fb1-abd9-545e-acf5-3d8a7a81b325,,/Users/iktahana/Genji/pending/needs_reading/U+8000-U+80FF/而入.json,1,
而其,25,,,0,suspected_fragment,reject_fragment,all occurrences are embedded across at least two works and authoritative dictionaries have no exact headword,,cac40f5b-b050-5a2b-8665-afb774b7e567,,/Users/iktahana/Genji/pending/needs_reading/U+8000-U+80FF/而其.json,1,
而冠,4,,,0,suspected_fragment,reject_fragment,all occurrences are embedded across at least two works and authoritative dictionaries have no exact headword,,8be1ef9a-ee6c-5754-9d03-79cb3d0baca0,,/Users/iktahana/Genji/pending/needs_reading/U+8000-U+80FF/而冠.json,1,
而出,9,,,0,suspected_fragment,reject_fragment,all occurrences are embedded across at least two works and authoritative dictionaries have no exact headword,,d7bbdbf4-8d56-5059-8418-2153eac325e0,,/Users/iktahana/Genji/pending/needs_reading/U+8000-U+80FF/而出.json,1,
而別,5,,,0,suspected_fragment,reject_fragment,all occurrences are embedded across at least two works and authoritative dictionaries have no exact headword,,98f406db-ef00-5334-bb21-3db410f85118,,/Users/iktahana/Genji/pending/needs_reading/U+8000-U+80FF/而別.json,1,
而勿,4,,,0,unmatched,keep_pending,no accepted complete-entry evidence,,424e5fb5-c647-5206-89da-b13be0ec12d0,,/Users/iktahana/Genji/pending/needs_reading/U+8000-U+80FF/而勿.json,1,
而去,4,,,0,suspected_fragment,reject_fragment,all occurrences are embedded across at least two works and authoritative dictionaries have no exact headword,,3cb85397-832a-5e55-9188-23d951434ca7,,/Users/iktahana/Genji/pending/needs_reading/U+8000-U+80FF/而去.json,1,
而又,12,,,0,suspected_fragment,keep_pending,embedded evidence is insufficient for automatic rejection,,b937cd53-d51c-5c06-9fa8-d75635cc4136,,/Users/iktahana/Genji/pending/needs_reading/U+8000-U+80FF/而又.json,1,
而可,10,,,0,suspected_fragment,reject_fragment,all occurrences are embedded across at least two works and authoritative dictionaries have no exact headword,,6ee85ed1-3e70-5c61-aa75-0b4f85a6bf6b,,/Users/iktahana/Genji/pending/needs_reading/U+8000-U+80FF/而可.json,1,
而同,4,,,0,suspected_fragment,keep_pending,embedded evidence is insufficient for automatic rejection,,8b5f6394-1b34-53d3-93d7-fa6baafb26bb,,/Users/iktahana/Genji/pending/needs_reading/U+8000-U+80FF/而同.json,1,
而地,4,,,0,suspected_fragment,reject_fragment,all occurrences are embedded across at least two works and authoritative dictionaries have no exact headword,,48918d78-129e-522a-9391-af7671288972,,/Users/iktahana/Genji/pending/needs_reading/U+8000-U+80FF/而地.json,1,
而天,6,,,0,suspected_fragment,reject_fragment,all occurrences are embedded across at least two works and authoritative dictionaries have no exact headword,,a5404a14-ac5a-5152-87ff-5bda4d140942,,/Users/iktahana/Genji/pending/needs_reading/U+8000-U+80FF/而天.json,1,
而好,5,,,0,suspected_fragment,reject_fragment,all occurrences are embedded across at least two works and authoritative dictionaries have no exact headword,,23643a19-ceb7-5c12-a077-7f022d5badc0,,/Users/iktahana/Genji/pending/needs_reading/U+8000-U+80FF/而好.json,1,
而嫁,7,,,0,suspected_fragment,reject_fragment,all occurrences are embedded across at least two works and authoritative dictionaries have no exact headword,,26176ce0-2ba6-5340-81e5-c208470f576f,,/Users/iktahana/Genji/pending/needs_reading/U+8000-U+80FF/而嫁.json,1,
而子,6,,,0,suspected_fragment,reject_fragment,all occurrences are embedded across at least two works and authoritative dictionaries have no exact headword,,c291649e-81bf-5f62-84d1-84e3c254d64a,,/Users/iktahana/Genji/pending/needs_reading/U+8000-U+80FF/而子.json,1,
而存,4,,,0,suspected_fragment,reject_fragment,all occurrences are embedded across at least two works and authoritative dictionaries have no exact headword,,b9d19f08-6e3e-504c-b912-d0a015e358db,,/Users/iktahana/Genji/pending/needs_reading/U+8000-U+80FF/而存.json,1,
而己,5,のみ,aozora_ruby,1,suspected_fragment,reject_fragment,all occurrences are embedded across at least two works and authoritative dictionaries have no exact headword,,4cb0c10d-0250-5358-8c57-7b4c14b16bc1,,/Users/iktahana/Genji/pending/needs_reading/U+8000-U+80FF/而己.json,1,
而帰,18,,,0,suspected_fragment,reject_fragment,all occurrences are embedded across at least two works and authoritative dictionaries have no exact headword,,b927353a-4e00-509e-aa36-ce3ad69cd38a,,/Users/iktahana/Genji/pending/needs_reading/U+8000-U+80FF/而帰.json,1,
而引,4,,,0,suspected_fragment,reject_fragment,all occurrences are embedded across at least two works and authoritative dictionaries have no exact headword,,0e534646-8662-578f-856f-c43ffa7b5bbe,,/Users/iktahana/Genji/pending/needs_reading/U+8000-U+80FF/而引.json,1,
而彼,5,,,0,suspected_fragment,reject_fragment,all occurrences are embedded across at least two works and authoritative dictionaries have no exact headword,,ffd5b42b-87a8-56b3-91b1-e4e9b7b3b9a2,,/Users/iktahana/Genji/pending/needs_reading/U+8000-U+80FF/而彼.json,1,
而従,4,,,0,suspected_fragment,reject_fragment,all occurrences are embedded across at least two works and authoritative dictionaries have no exact headword,,96aa0eea-a16f-5c0f-b6bf-b5d6a343cd4c,,/Users/iktahana/Genji/pending/needs_reading/U+8000-U+80FF/而従.json,1,
而得,4,,,0,suspected_fragment,reject_fragment,all occurrences are embedded across at least two works and authoritative dictionaries have no exact headword,,9bc2109b-54b0-5b1a-b05b-672c97429941,,/Users/iktahana/Genji/pending/needs_reading/U+8000-U+80FF/而得.json,1,
而御,36,,,0,suspected_fragment,reject_fragment,all occurrences are embedded across at least two works and authoritative dictionaries have no exact headword,,6abc81cf-eeb4-5486-af95-058ef7756d6c,,/Users/iktahana/Genji/pending/needs_reading/U+8000-U+80FF/而御.json,1,
而復,5,,,0,suspected_fragment,keep_pending,embedded evidence is insufficient for automatic rejection,,b24becc8-a695-5b41-bb9d-3cb40de875d0,,/Users/iktahana/Genji/pending/needs_reading/U+8000-U+80FF/而復.json,1,
而心,7,,,0,suspected_fragment,reject_fragment,all occurrences are embedded across at least two works and authoritative dictionaries have no exact headword,,bb16e44f-49f9-5ade-9bcb-60d0c447318a,,/Users/iktahana/Genji/pending/needs_reading/U+8000-U+80FF/而心.json,1,
而必,5,,,0,suspected_fragment,reject_fragment,all occurrences are embedded across at least two works and authoritative dictionaries have no exact headword,,8d81d131-a826-594b-a48d-3595f760d20f,,/Users/iktahana/Genji/pending/needs_reading/U+8000-U+80FF/而必.json,1,
而思,4,,,0,suspected_fragment,reject_fragment,all occurrences are embedded across at least two works and authoritative dictionaries have no exact headword,,57b4bf88-cff5-54e4-b59e-3bbbe80c42cb,,/Users/iktahana/Genji/pending/needs_reading/U+8000-U+80FF/而思.json,1,
而所,4,,,0,suspected_fragment,keep_pending,embedded evidence is insufficient for automatic rejection,,ddc7b1bf-7886-5292-842b-55e5a09fc401,,/Users/iktahana/Genji/pending/needs_reading/U+8000-U+80FF/而所.json,1,
而於,4,,,0,suspected_fragment,reject_fragment,all occurrences are embedded across at least two works and authoritative dictionaries have no exact headword,,31246f5b-d4f7-5cdd-a92c-f3807c10ca9e,,/Users/iktahana/Genji/pending/needs_reading/U+8000-U+80FF/而於.json,1,
而有,23,,,0,suspected_fragment,reject_fragment,all occurrences are embedded across at least two works and authoritative dictionaries have no exact headword,,788abad2-1b57-51ef-ab4c-f0a923448fb1,,/Users/iktahana/Genji/pending/needs_reading/U+8000-U+80FF/而有.json,1,
而此,11,,,0,suspected_fragment,reject_fragment,all occurrences are embedded across at least two works and authoritative dictionaries have no exact headword,,72ccd331-6c59-5ad5-96e8-2c5d453f4195,,/Users/iktahana/Genji/pending/needs_reading/U+8000-U+80FF/而此.json,1,
而死,17,,,0,suspected_fragment,reject_fragment,all occurrences are embedded across at least two works and authoritative dictionaries have no exact headword,,d341ff1a-016d-52f9-8396-49aa0be327f3,,/Users/iktahana/Genji/pending/needs_reading/U+8000-U+80FF/而死.json,1,
而没,4,,,0,suspected_fragment,keep_pending,embedded evidence is insufficient for automatic rejection,,73bee3cb-9eb4-51ce-9fe8-0619b3aa8931,,/Users/iktahana/Genji/pending/needs_reading/U+8000-U+80FF/而没.json,1,
而為,13,,,0,suspected_fragment,reject_fragment,all occurrences are embedded across at least two works and authoritative dictionaries have no exact headword,,ebe16d63-b080-5b8a-91a3-9133d93db0f2,,/Users/iktahana/Genji/pending/needs_reading/U+8000-U+80FF/而為.json,1,
而無,24,,,0,suspected_fragment,reject_fragment,all occurrences are embedded across at least two works and authoritative dictionaries have no exact headword,,69fc6e14-1d0f-5ec5-a691-097b1cbf9c9b,,/Users/iktahana/Genji/pending/needs_reading/U+8000-U+80FF/而無.json,1,
而爲,5,,,0,suspected_fragment,reject_fragment,all occurrences are embedded across at least two works and authoritative dictionaries have no exact headword,,0be8f016-5b70-56f0-9570-f60eb3a76e72,,/Users/iktahana/Genji/pending/needs_reading/U+8000-U+80FF/而爲.json,1,
而生,18,,,0,suspected_fragment,reject_fragment,all occurrences are embedded across at least two works and authoritative dictionaries have no exact headword,,0c59acbe-86d8-5e30-9c06-2af889416b1e,,/Users/iktahana/Genji/pending/needs_reading/U+8000-U+80FF/而生.json,1,
而相,4,,,0,suspected_fragment,reject_fragment,all occurrences are embedded across at least two works and authoritative dictionaries have no exact headword,,5f326857-54c4-535f-9b4c-e2c4675f95d7,,/Users/iktahana/Genji/pending/needs_reading/U+8000-U+80FF/而相.json,1,
而瞑,6,,,0,suspected_fragment,keep_pending,embedded evidence is insufficient for automatic rejection,,1019814a-545b-5b35-b974-04cce54b9f0e,,/Users/iktahana/Genji/pending/needs_reading/U+8000-U+80FF/而瞑.json,1,
而知,22,,,0,suspected_fragment,reject_fragment,all occurrences are embedded across at least two works and authoritative dictionaries have no exact headword,,cae433b4-1ae7-5951-8561-0025f6bc4a77,,/Users/iktahana/Genji/pending/needs_reading/U+8000-U+80FF/而知.json,1,
而神,7,,,0,suspected_fragment,reject_fragment,all occurrences are embedded across at least two works and authoritative dictionaries have no exact headword,,684c7a3b-b083-5564-8cd1-779a3b3129eb,,/Users/iktahana/Genji/pending/needs_reading/U+8000-U+80FF/而神.json,1,
而私,5,,,0,suspected_fragment,reject_fragment,all occurrences are embedded across at least two works and authoritative dictionaries have no exact headword,,b2aba607-15b7-5f97-a253-b6da0278574f,,/Users/iktahana/Genji/pending/needs_reading/U+8000-U+80FF/而私.json,1,
而終,6,,,0,suspected_fragment,reject_fragment,all occurrences are embedded across at least two works and authoritative dictionaries have no exact headword,,9f8bf2a5-5375-5af4-8656-01adda41d578,,/Users/iktahana/Genji/pending/needs_reading/U+8000-U+80FF/而終.json,1,
而者,9,ては,aozora_ruby,1,suspected_fragment,reject_fragment,all occurrences are embedded across at least two works and authoritative dictionaries have no exact headword,,806169de-3732-5e83-9f0b-8923e06d2ae6,,/Users/iktahana/Genji/pending/needs_reading/U+8000-U+80FF/而者.json,1,
而聴,4,,,0,suspected_fragment,reject_fragment,all occurrences are embedded across at least two works and authoritative dictionaries have no exact headword,,7cc6867e-ab97-5718-8d70-eef4e6236720,,/Users/iktahana/Genji/pending/needs_reading/U+8000-U+80FF/而聴.json,1,
而能,12,,,0,suspected_fragment,reject_fragment,all occurrences are embedded across at least two works and authoritative dictionaries have no exact headword,,70ee21f4-a762-5300-b0eb-8875ed752bed,,/Users/iktahana/Genji/pending/needs_reading/U+8000-U+80FF/而能.json,1,
而自,6,,,0,suspected_fragment,reject_fragment,all occurrences are embedded across at least two works and authoritative dictionaries have no exact headword,,4e76d436-9537-5bdc-88cc-659403226f77,,/Users/iktahana/Genji/pending/needs_reading/U+8000-U+80FF/而自.json,1,
而至,4,,,0,suspected_fragment,reject_fragment,all occurrences are embedded across at least two works and authoritative dictionaries have no exact headword,,f6610bc4-27f4-515b-ab62-2f3ca52695ee,,/Users/iktahana/Genji/pending/needs_reading/U+8000-U+80FF/而至.json,1,
而行,10,,,0,suspected_fragment,reject_fragment,all occurrences are embedded across at least two works and authoritative dictionaries have no exact headword,,17f7a731-9b65-5e45-9522-3b4356fdf6fb,,/Users/iktahana/Genji/pending/needs_reading/U+8000-U+80FF/而行.json,1,
而被,8,,,0,suspected_fragment,reject_fragment,all occurrences are embedded across at least two works and authoritative dictionaries have no exact headword,,a9ba87fd-ca53-5e58-8719-e2b16710fc15,,/Users/iktahana/Genji/pending/needs_reading/U+8000-U+80FF/而被.json,1,
而言,9,,,0,suspected_fragment,reject_fragment,all occurrences are embedded across at least two works and authoritative dictionaries have no exact headword,,26270794-5cab-5ab0-ace5-afbccc41037e,,/Users/iktahana/Genji/pending/needs_reading/U+8000-U+80FF/而言.json,1,
而説,5,,,0,unmatched,keep_pending,no accepted complete-entry evidence,,b5b6936a-f722-5819-8204-726d6533e6d1,,/Users/iktahana/Genji/pending/needs_reading/U+8000-U+80FF/而説.json,1,
而退,5,,,0,unmatched,keep_pending,no accepted complete-entry evidence,,05799dec-517d-5eb4-8935-35c803919adb,,/Users/iktahana/Genji/pending/needs_reading/U+8000-U+80FF/而退.json,1,
而進,8,,,0,suspected_fragment,reject_fragment,all occurrences are embedded across at least two works and authoritative dictionaries have no exact headword,,185cceb6-eee4-5a85-b34c-b551d573dabd,,/Users/iktahana/Genji/pending/needs_reading/U+8000-U+80FF/而進.json,1,
而道,4,,,0,suspected_fragment,reject_fragment,all occurrences are embedded across at least two works and authoritative dictionaries have no exact headword,,26efc866-52a9-5585-9e24-414a83558a7d,,/Users/iktahana/Genji/pending/needs_reading/U+8000-U+80FF/而道.json,1,
而難,7,,,0,suspected_fragment,reject_fragment,all occurrences are embedded across at least two works and authoritative dictionaries have no exact headword,,be0b586a-4a6e-5704-9c92-10474f2110f6,,/Users/iktahana/Genji/pending/needs_reading/U+8000-U+80FF/而難.json,1,
而非,4,,,0,suspected_fragment,reject_fragment,all occurrences are embedded across at least two works and authoritative dictionaries have no exact headword,,e671237e-ef73-55db-876d-67a641be2dfa,,/Users/iktahana/Genji/pending/needs_reading/U+8000-U+80FF/而非.json,1,
而食,22,,,0,suspected_fragment,reject_fragment,all occurrences are embedded across at least two works and authoritative dictionaries have no exact headword,,6cc3b47f-a360-5d00-a5b0-a59873843497,,/Users/iktahana/Genji/pending/needs_reading/U+8000-U+80FF/而食.json,1,
而飲,6,,,0,suspected_fragment,reject_fragment,all occurrences are embedded across at least two works and authoritative dictionaries have no exact headword,,61ba1117-a1ac-5c76-a931-cb407d198ed9,,/Users/iktahana/Genji/pending/needs_reading/U+8000-U+80FF/而飲.json,1,
耘,15,うな|くさぎ|すき,aozora_ruby,11,source_conflict,conflict,sources disagree on the complete-entry reading,,080bda63-944d-5bf9-9a68-f93dc7309c33,,/Users/iktahana/Genji/pending/needs_reading/U+8000-U+80FF/耘.json,1,
耡,9,す|すき,aozora_ruby,6,source_conflict,conflict,sources disagree on the complete-entry reading,,a4cc0095-7e4c-573b-b5c4-eebc41cd06b2,,/Users/iktahana/Genji/pending/needs_reading/U+8000-U+80FF/耡.json,1,
耨,15,くわ|ホー,aozora_ruby,2,source_conflict,conflict,sources disagree on the complete-entry reading,,9ae45d42-b717-5b5d-ba12-4d149e7c60b0,,/Users/iktahana/Genji/pending/needs_reading/U+8000-U+80FF/耨.json,1,
耶和,14,,,0,unmatched,keep_pending,no accepted complete-entry evidence,,333e233e-ac15-539c-b8c0-913259311dea,,/Users/iktahana/Genji/pending/needs_reading/U+8000-U+80FF/耶和.json,1,
耶国,4,,,0,suspected_fragment,keep_pending,embedded evidence is insufficient for automatic rejection,,9970299a-a18a-5875-8ec4-3feb6434b938,,/Users/iktahana/Genji/pending/needs_reading/U+8000-U+80FF/耶国.json,1,
耶姫,8,,,0,suspected_fragment,reject_fragment,all occurrences are embedded across at least two works and authoritative dictionaries have no exact headword,,d6b5864d-220f-574b-8cee-fbde4618e173,,/Users/iktahana/Genji/pending/needs_reading/U+8000-U+80FF/耶姫.json,1,
耶教,9,,,0,suspected_fragment,reject_fragment,all occurrences are embedded across at least two works and authoritative dictionaries have no exact headword,,4856c1e4-3b93-5412-aa9e-40fd8cd1a8de,,/Users/iktahana/Genji/pending/needs_reading/U+8000-U+80FF/耶教.json,1,
耶本,11,,,0,suspected_fragment,keep_pending,embedded evidence is insufficient for automatic rejection,,67b94c7e-79f0-5d68-be1b-2aff15da2773,,/Users/iktahana/Genji/pending/needs_reading/U+8000-U+80FF/耶本.json,1,
耶河,4,,,0,suspected_fragment,keep_pending,embedded evidence is insufficient for automatic rejection,,e441fdaa-a998-543b-a838-164c12f829bf,,/Users/iktahana/Genji/pending/needs_reading/U+8000-U+80FF/耶河.json,1,
耶非,6,,,0,suspected_fragment,reject_fragment,all occurrences are embedded across at least two works and authoritative dictionaries have no exact headword,,ab8ce4b0-6e55-5a4f-8044-512ac0aededa,,/Users/iktahana/Genji/pending/needs_reading/U+8000-U+80FF/耶非.json,1,
耽々,4,たんたん,jmdict,1,suspected_fragment,reject_fragment,all occurrences are embedded across at least two works and authoritative dictionaries have no exact headword,,1c95d3d0-c125-5bba-9a84-73bebb06472f,,/Users/iktahana/Genji/pending/needs_reading/U+8000-U+80FF/耽々.json,1,
耽念,11,,,0,suspected_fragment,keep_pending,at least one example contains an independent use,,b3c200c4-e478-5eb5-83c7-133d8e79697f,,/Users/iktahana/Genji/pending/needs_reading/U+8000-U+80FF/耽念.json,1,
聊以,5,,,0,suspected_fragment,reject_fragment,all occurrences are embedded across at least two works and authoritative dictionaries have no exact headword,,07d27566-0ee4-54f8-bbb5-4cfe64c6df78,,/Users/iktahana/Genji/pending/needs_reading/U+8000-U+80FF/聊以.json,1,
聊斎,33,,,0,suspected_fragment,keep_pending,at least one example contains an independent use,,8e399c4d-a56a-5b4a-8d89-8539aafea85d,,/Users/iktahana/Genji/pending/needs_reading/U+8000-U+80FF/聊斎.json,1,
聊期,4,,,0,suspected_fragment,reject_fragment,all occurrences are embedded across at least two works and authoritative dictionaries have no exact headword,,ee3dcbc0-ba2a-553c-94b6-705185a8e670,,/Users/iktahana/Genji/pending/needs_reading/U+8000-U+80FF/聊期.json,1,
聒,20,かしま|かしまし|ものい|やか|やかま|やかまし,aozora_ruby,9,source_conflict,conflict,sources disagree on the complete-entry reading,,effcd4f8-a255-5591-a9a3-2d2fbd880554,,/Users/iktahana/Genji/pending/needs_reading/U+8000-U+80FF/聒.json,1,
聚器,8,,,0,suspected_fragment,reject_fragment,all occurrences are embedded across at least two works and authoritative dictionaries have no exact headword,,b5b563ae-1c0e-54f5-95c8-cdacc6915a48,,/Users/iktahana/Genji/pending/needs_reading/U+8000-U+80FF/聚器.json,1,
聚団,4,あつまり,aozora_ruby,1,suspected_fragment,keep_pending,at least one example contains an independent use,,acd7e3d3-6f4e-5e80-a841-ac1a50deaee4,,/Users/iktahana/Genji/pending/needs_reading/U+8000-U+80FF/聚団.json,1,
聚成,6,しゆうせい,aozora_ruby,1,suspected_fragment,reject_fragment,all occurrences are embedded across at least two works and authoritative dictionaries have no exact headword,,204df6db-581d-5dd3-a401-99477ac8a6df,,/Users/iktahana/Genji/pending/needs_reading/U+8000-U+80FF/聚成.json,1,
聚繖,12,しゅうさん,aozora_ruby,1,suspected_fragment,reject_fragment,all occurrences are embedded across at least two works and authoritative dictionaries have no exact headword,,4e4d003f-6ddd-5d42-975c-d319c2f2363d,,/Users/iktahana/Genji/pending/needs_reading/U+8000-U+80FF/聚繖.json,1,
聢,52,しか|しっか|しっかり|しつか|たし|たしか,aozora_ruby,17,source_conflict,conflict,sources disagree on the complete-entry reading,,79896d78-4629-531a-9041-4de87e83f801,,/Users/iktahana/Genji/pending/needs_reading/U+8000-U+80FF/聢.json,1,
聢乎,4,しっかり,aozora_ruby,1,suspected_fragment,keep_pending,embedded evidence is insufficient for automatic rejection,,fa93439a-76c6-56ab-8992-d722a7ff3340,,/Users/iktahana/Genji/pending/needs_reading/U+8000-U+80FF/聢乎.json,1,
聯作,4,,,0,suspected_fragment,reject_fragment,all occurrences are embedded across at least two works and authoritative dictionaries have no exact headword,,403a49d4-3b48-5d3f-9c96-16d463345dc7,,/Users/iktahana/Genji/pending/needs_reading/U+8000-U+80FF/聯作.json,1,
聯携,8,れんけい,aozora_ruby,5,suspected_fragment,keep_pending,at least one example contains an independent use,,e606e994-3d5e-52d2-ad63-6dcf613dbb78,,/Users/iktahana/Genji/pending/needs_reading/U+8000-U+80FF/聯携.json,1,
聯玉,5,,,0,suspected_fragment,keep_pending,embedded evidence is insufficient for automatic rejection,,d19387b3-d81e-5cdd-a637-5401fb5c55f8,,/Users/iktahana/Genji/pending/needs_reading/U+8000-U+80FF/聯玉.json,1,
聿,7,いつ|つひ,aozora_ruby,2,source_conflict,conflict,sources disagree on the complete-entry reading,,20ad2150-dfbc-555a-be87-a900089667f5,,/Users/iktahana/Genji/pending/needs_reading/U+8000-U+80FF/聿.json,1,
聿庵,13,いつあん,aozora_ruby,1,suspected_fragment,keep_pending,at least one example contains an independent use,,d47781d3-866b-5f41-bbdb-31ffd698f99c,,/Users/iktahana/Genji/pending/needs_reading/U+8000-U+80FF/聿庵.json,1,
肆宴,10,しえん|とよのあかり|トヨノアカリ,aozora_ruby,6,source_conflict,conflict,sources disagree on the complete-entry reading,,1c7b6c47-1120-545b-afab-314d1f3fff4a,,/Users/iktahana/Genji/pending/needs_reading/U+8000-U+80FF/肆宴.json,1,
胄,11,かぶと|よろ,aozora_ruby|jmdict,4,source_conflict,conflict,sources disagree on the complete-entry reading,,96ffdc4e-54df-5a30-b987-eea446edd8c9,,/Users/iktahana/Genji/pending/needs_reading/U+8000-U+80FF/胄.json,1,
脉,83,みゃく|みやく,aozora_ruby|jmdict,19,source_conflict,conflict,sources disagree on the complete-entry reading,,f53f4263-c593-57ac-8d5a-0aaa2e150a50,,/Users/iktahana/Genji/pending/needs_reading/U+8100-U+81FF/脉.json,1,
脉々,4,みゃくみゃく,aozora_ruby,1,single_ruby,keep_pending,ruby occurs in only one distinct Aozora text file,,789f8b2e-0e64-5fea-b7ec-154cb91b2c80,,/Users/iktahana/Genji/pending/needs_reading/U+8100-U+81FF/脉々.json,1,
腐土,5,ふど,aozora_ruby,2,suspected_fragment,keep_pending,at least one example contains an independent use,,175297fe-744e-549d-a6eb-fbd23cf70916,,/Users/iktahana/Genji/pending/needs_reading/U+8100-U+81FF/腐土.json,1,
腐演,7,,,0,suspected_fragment,reject_fragment,all occurrences are embedded across at least two works and authoritative dictionaries have no exact headword,,e365ac01-b8c0-52ba-a779-0e6aebc4b068,,/Users/iktahana/Genji/pending/needs_reading/U+8100-U+81FF/腐演.json,1,
腮,269,あぎと|あご|えら|おとがひ|さい,aozora_ruby|jmdict,155,ambiguous,conflict,jmdict has multiple applicable full-entry readings,,f9c1251f-7d01-5cb7-95bf-102f4c77ecba,,/Users/iktahana/Genji/pending/needs_reading/U+8100-U+81FF/腮.json,1,
腮髯,9,あごひげ|ひげ,aozora_ruby,10,source_conflict,conflict,sources disagree on the complete-entry reading,,cafc2f0a-ed5e-5826-88cb-59e4b2598701,,/Users/iktahana/Genji/pending/needs_reading/U+8100-U+81FF/腮髯.json,1,
腮鬚,6,あごひげ,aozora_ruby,4,suspected_fragment,keep_pending,at least one example contains an independent use,,75e021af-2814-5dee-bf8f-c7cdbbf04ab2,,/Users/iktahana/Genji/pending/needs_reading/U+8100-U+81FF/腮鬚.json,1,
膓,77,ちやう|ちょう|ちよう|はらはた|はらわた|わた|ハラワタヲ,aozora_ruby,31,source_conflict,conflict,sources disagree on the complete-entry reading,,efe44677-2b94-5ab9-a6b9-dd28d5011c3e,,/Users/iktahana/Genji/pending/needs_reading/U+8100-U+81FF/膓.json,1,
膓亭,16,,,0,suspected_fragment,reject_fragment,all occurrences are embedded across at least two works and authoritative dictionaries have no exact headword,,976e9211-0b78-58af-9225-7803e2522afe,,/Users/iktahana/Genji/pending/needs_reading/U+8100-U+81FF/膓亭.json,1,
臉,7,かお|かほ|ほお,aozora_ruby,3,source_conflict,conflict,sources disagree on the complete-entry reading,,4410808e-fd29-5b8d-a430-78d90350e152,,/Users/iktahana/Genji/pending/needs_reading/U+8100-U+81FF/臉.json,1,
臉児,4,,,0,suspected_fragment,keep_pending,embedded evidence is insufficient for automatic rejection,,e0920468-b0a2-584e-aa7c-531fc492745b,,/Users/iktahana/Genji/pending/needs_reading/U+8100-U+81FF/臉児.json,1,
臚,7,,,0,suspected_fragment,keep_pending,single-character entries require individual review,,bcd01c5e-455b-5c18-a7d4-0fac252fe2fd,,/Users/iktahana/Genji/pending/needs_reading/U+8100-U+81FF/臚.json,1,
臠,25,きりじし|きれ|ししむら|しゝむら|みそな|みそなわ|れん,aozora_ruby|jmdict,13,source_conflict,conflict,sources disagree on the complete-entry reading,,1c5e5fc5-967e-5467-9e4a-99f83676c2f4,,/Users/iktahana/Genji/pending/needs_reading/U+8100-U+81FF/臠.json,1,
臧,39,そう|ぞう|ちょう,aozora_ruby|jmnedict,4,ambiguous,conflict,jmnedict has multiple applicable full-entry readings,,fdbc107f-e226-5e34-bdf0-8ca1c41d16aa,,/Users/iktahana/Genji/pending/needs_reading/U+8100-U+81FF/臧.json,1,
臧児,4,,,0,suspected_fragment,keep_pending,at least one example contains an independent use,,e4cd70da-ba50-59a6-b6d7-c7e77050927a,,/Users/iktahana/Genji/pending/needs_reading/U+8100-U+81FF/臧児.json,1,
臧文,4,,,0,suspected_fragment,keep_pending,embedded evidence is insufficient for automatic rejection,,f0edb68a-ec63-53ec-b217-51d234028092,,/Users/iktahana/Genji/pending/needs_reading/U+8100-U+81FF/臧文.json,1,
臧武,4,,,0,suspected_fragment,keep_pending,embedded evidence is insufficient for automatic rejection,,8380cb0c-e724-593c-bc5c-a177ee64da74,,/Users/iktahana/Genji/pending/needs_reading/U+8100-U+81FF/臧武.json,1,
臧覇,6,ぞうは,aozora_ruby,2,suspected_fragment,keep_pending,at least one example contains an independent use,,89751a39-6b2b-5a61-832d-9f0b89a56f3d,,/Users/iktahana/Genji/pending/needs_reading/U+8100-U+81FF/臧覇.json,1,
臻,21,いた|いたる|しん,aozora_ruby|jmnedict,9,ambiguous,conflict,jmnedict has multiple applicable full-entry readings,,7cd3f846-8946-57c2-b0bc-f983ebaf3745,,/Users/iktahana/Genji/pending/needs_reading/U+8100-U+81FF/臻.json,1,
舎儼,1,,,0,unmatched,keep_pending,no accepted complete-entry evidence,,b7bfa321-0c46-54e8-a3e0-d0d8eefac6c2,,/Users/iktahana/Genji/pending/needs_reading/U+8200-U+82FF/シャ儼.json,1,
舎匆,1,,,0,suspected_fragment,keep_pending,embedded evidence is insufficient for automatic rejection,,a1ea0227-9170-5bf8-b16e-4c63653aa38a,,/Users/iktahana/Genji/pending/needs_reading/U+8200-U+82FF/シャ匆.json,1,
舎漫,1,,,0,suspected_fragment,reject_fragment,all occurrences are embedded across at least two works and authoritative dictionaries have no exact headword,,0d33a54d-ce53-5eda-be8e-d5cb851a9172,,/Users/iktahana/Genji/pending/needs_reading/U+8200-U+82FF/シャ漫.json,1,
舎耶,1,,,0,suspected_fragment,keep_pending,embedded evidence is insufficient for automatic rejection,,35c2b367-1efb-5e17-bac9-b52b379b2b9b,,/Users/iktahana/Genji/pending/needs_reading/U+8200-U+82FF/シャ耶.json,1,
舐,50,しゃ|しゃぶ|しやぶ|な|なむ|なめ|ね|ねぶ,aozora_ruby|jmdict,422,source_conflict,conflict,sources disagree on the complete-entry reading,,3c0f6d5a-bca0-57cf-938f-da9809ddb8af,,/Users/iktahana/Genji/pending/needs_reading/U+8200-U+82FF/舐.json,1,
舒,55,いとぐち|じょ|す|の|のば|のび|ノ|ノブ,aozora_ruby|jmnedict,30,ambiguous,conflict,jmnedict has multiple applicable full-entry readings,,0b782cc9-5ce8-5308-9318-5ffc954cb763,,/Users/iktahana/Genji/pending/needs_reading/U+8200-U+82FF/舒.json,1,
舖,41,,,0,suspected_fragment,keep_pending,single-character entries require individual review,,2244167a-08b8-599e-872e-0aa8089873d1,,/Users/iktahana/Genji/pending/needs_reading/U+8200-U+82FF/舖.json,1,
舖道,4,,,0,suspected_fragment,reject_fragment,all occurrences are embedded across at least two works and authoritative dictionaries have no exact headword,,315a8136-5968-546c-a52b-c24879286b10,,/Users/iktahana/Genji/pending/needs_reading/U+8200-U+82FF/舖道.json,1,
舟々,4,,,0,suspected_fragment,keep_pending,at least one example contains an independent use,,e30b9792-00be-5d85-856d-5f52c03ab25e,,/Users/iktahana/Genji/pending/needs_reading/U+8200-U+82FF/舟々.json,1,
舷々,14,げんげん,aozora_ruby,7,suspected_fragment,keep_pending,at least one example contains an independent use,,e4595d1d-a58d-5813-a525-c8f061c1f655,,/Users/iktahana/Genji/pending/needs_reading/U+8200-U+82FF/舷々.json,1,
舸,70,おおぶね|はやふね|はやぶね|ふね,aozora_ruby|jmdict,5,ambiguous,conflict,jmdict has multiple applicable full-entry readings,,cdf951b8-474e-558e-9dfd-2e5a41230d4f,,/Users/iktahana/Genji/pending/needs_reading/U+8200-U+82FF/舸.json,1,
艙蓋,9,ハッチ,aozora_ruby,1,single_ruby,keep_pending,ruby occurs in only one distinct Aozora text file,,4df8f7df-1a7d-5784-8a32-e32aafdad43a,,/Users/iktahana/Genji/pending/needs_reading/U+8200-U+82FF/艙蓋.json,1,
艤,6,ぎ|ふなよそい|ふなよそひ|ふなよそほひ|よそほ,aozora_ruby,14,source_conflict,conflict,sources disagree on the complete-entry reading,,a241dccd-b462-5bfb-beff-00129a73feda,,/Users/iktahana/Genji/pending/needs_reading/U+8200-U+82FF/艤.json,1,
艦々,6,,,0,suspected_fragment,reject_fragment,all occurrences are embedded across at least two works and authoritative dictionaries have no exact headword,,26b17d9f-46c3-5c11-bcbc-c521a6e5095e,,/Users/iktahana/Genji/pending/needs_reading/U+8200-U+82FF/艦々.json,1,
芙容,5,,,0,suspected_fragment,keep_pending,embedded evidence is insufficient for automatic rejection,,6aafaf06-78e3-5286-a029-e23164952f6d,,/Users/iktahana/Genji/pending/needs_reading/U+8200-U+82FF/芙容.json,1,
芙藍,17,さふらん|サフラン,aozora_ruby,5,source_conflict,conflict,sources disagree on the complete-entry reading,,31851697-70ab-5733-b679-1a438ace428e,,/Users/iktahana/Genji/pending/needs_reading/U+8200-U+82FF/芙藍.json,1,
芟,15,か|き|さん,aozora_ruby,13,source_conflict,conflict,sources disagree on the complete-entry reading,,487392b4-c44e-5b35-ae24-1f7711a5ceef,,/Users/iktahana/Genji/pending/needs_reading/U+8200-U+82FF/芟.json,1,
芬夫,8,,,0,suspected_fragment,keep_pending,embedded evidence is insufficient for automatic rejection,,85d9b41a-ab77-55f3-b942-899c7f52d6b0,,/Users/iktahana/Genji/pending/needs_reading/U+8200-U+82FF/芬夫.json,1,
芬女,4,,,0,unmatched,keep_pending,no accepted complete-entry evidence,,ec41e69c-4409-5ad7-98f2-94ed69bfc0d8,,/Users/iktahana/Genji/pending/needs_reading/U+8200-U+82FF/芬女.json,1,
芬子,7,ふんこ,aozora_ruby,1,suspected_fragment,keep_pending,at least one example contains an independent use,,7da00c94-e893-58df-bca4-b79f624e310e,,/Users/iktahana/Genji/pending/needs_reading/U+8200-U+82FF/芬子.json,1,
芬陀,8,,,0,suspected_fragment,reject_fragment,all occurrences are embedded across at least two works and authoritative dictionaries have no exact headword,,d0e7fb59-ce4b-5815-a911-72900d78f8c8,,/Users/iktahana/Genji/pending/needs_reading/U+8200-U+82FF/芬陀.json,1,
芬香,5,ふんかう|ふんこう,aozora_ruby,2,source_conflict,conflict,sources disagree on the complete-entry reading,,8272230e-4c79-5ba9-9845-4a856d7bc72c,,/Users/iktahana/Genji/pending/needs_reading/U+8200-U+82FF/芬香.json,1,
芭,5,はな,jmnedict,1,suspected_fragment,keep_pending,single-character entries require individual review,,2cf8c6ae-19b0-5726-b758-c11ca80fdcf8,,/Users/iktahana/Genji/pending/needs_reading/U+8200-U+82FF/芭.json,1,
芭蕪,4,ばしょう,aozora_ruby,1,suspected_fragment,keep_pending,at least one example contains an independent use,,016369c3-ba61-5b33-be33-97e1a5b7688c,,/Users/iktahana/Genji/pending/needs_reading/U+8200-U+82FF/芭蕪.json,1,
芳々,6,,,0,suspected_fragment,keep_pending,embedded evidence is insufficient for automatic rejection,,70cb301f-b01c-594f-aa45-5f01f4e100cc,,/Users/iktahana/Genji/pending/needs_reading/U+8200-U+82FF/芳々.json,1,
芻,4,まぐさ|スウ,aozora_ruby,2,source_conflict,conflict,sources disagree on the complete-entry reading,,6f8cbe93-7c24-5a88-b420-dee77fe2785f,,/Users/iktahana/Genji/pending/needs_reading/U+8200-U+82FF/芻.json,1,
苅,70,か|かり|かりはぎ|ぶ,aozora_ruby|jmnedict,33,source_conflict,conflict,sources disagree on the complete-entry reading,,236c1325-7994-559f-bea5-77e4b8face08,,/Users/iktahana/Genji/pending/needs_reading/U+8200-U+82FF/苅.json,1,
苅入,7,かりい|かりいれ,aozora_ruby,4,source_conflict,conflict,sources disagree on the complete-entry reading,,65adf337-06b4-5527-87e2-13cf836f4131,,/Users/iktahana/Genji/pending/needs_reading/U+8200-U+82FF/苅入.json,1,
苅株,5,かりかぶ|かりくい|きりかぶ,aozora_ruby,4,source_conflict,conflict,sources disagree on the complete-entry reading,,7fb3de2c-6466-55d0-881e-78807965e0ee,,/Users/iktahana/Genji/pending/needs_reading/U+8200-U+82FF/苅株.json,1,
苅薦,4,かりごも,aozora_ruby,3,suspected_fragment,keep_pending,at least one example contains an independent use,,dae1c853-3fa6-5c23-90ab-77e343bd9d64,,/Users/iktahana/Genji/pending/needs_reading/U+8200-U+82FF/苅薦.json,1,
苅賀,15,かるが,aozora_ruby,1,single_ruby,keep_pending,ruby occurs in only one distinct Aozora text file,,64a07e6d-807a-525e-87bc-9101deeb0db7,,/Users/iktahana/Genji/pending/needs_reading/U+8200-U+82FF/苅賀.json,1,
苅頭,5,,,0,suspected_fragment,reject_fragment,all occurrences are embedded across at least two works and authoritative dictionaries have no exact headword,,4d360ec7-f5b4-5fdb-ae2b-9196412f2add,,/Users/iktahana/Genji/pending/needs_reading/U+8200-U+82FF/苅頭.json,1,
苅麦,13,,,0,suspected_fragment,keep_pending,at least one example contains an independent use,,b9727b9c-fa78-5ccd-a03f-f6c88217e30c,,/Users/iktahana/Genji/pending/needs_reading/U+8200-U+82FF/苅麦.json,1,
苡,11,くさだま|ずずだま|はとむぎ|よくい,aozora_ruby,4,source_conflict,conflict,sources disagree on the complete-entry reading,,fa505579-da79-546b-a88d-22f49498812d,,/Users/iktahana/Genji/pending/needs_reading/U+8200-U+82FF/苡.json,1,
苡仁,16,よくいにん|ヨクイニン,aozora_ruby,3,source_conflict,conflict,sources disagree on the complete-entry reading,,c579d7ed-f235-5064-a3fd-88357e104fee,,/Users/iktahana/Genji/pending/needs_reading/U+8200-U+82FF/苡仁.json,1,
苣,11,チサ|チシヤ,aozora_ruby,2,source_conflict,conflict,sources disagree on the complete-entry reading,,dc377971-d7e7-5035-aba0-984544239386,,/Users/iktahana/Genji/pending/needs_reading/U+8200-U+82FF/苣.json,1,
若々,17,わかわか,aozora_ruby,7,invalid_unicode,keep_pending,a source supplied a reading containing illegal characters,,705a765f-78c1-50a7-9e42-e252ef6edb7b,,/Users/iktahana/Genji/pending/needs_reading/U+8200-U+82FF/若々.json,1,
苴,11,かいしき|しよ,aozora_ruby|jmdict,2,source_conflict,conflict,sources disagree on the complete-entry reading,,881a5214-5986-5750-b847-0e4066e519f4,,/Users/iktahana/Genji/pending/needs_reading/U+8200-U+82FF/苴.json,1,
茎勃,2,,,0,suspected_fragment,keep_pending,embedded evidence is insufficient for automatic rejection,,936f894d-8ba8-5a3b-b382-63e739ba3ae2,,/Users/iktahana/Genji/pending/needs_reading/U+8300-U+83FF/クキ勃.json,1,
荘述,1,,,0,suspected_fragment,keep_pending,embedded evidence is insufficient for automatic rejection,,14655237-4de8-5bc2-b38b-22ffc745268c,,/Users/iktahana/Genji/pending/needs_reading/U+8300-U+83FF/ショウ述.json,1,
茘裳,5,,,0,suspected_fragment,keep_pending,at least one example contains an independent use,,d94f1d62-b82b-5c00-ac5e-768581b55d7d,,/Users/iktahana/Genji/pending/needs_reading/U+8300-U+83FF/茘裳.json,1,
茣座,12,ござ,aozora_ruby,3,suspected_fragment,keep_pending,at least one example contains an independent use,,fdfc1355-6506-5eb4-91d8-baba58e94c33,,/Users/iktahana/Genji/pending/needs_reading/U+8300-U+83FF/茣座.json,1,
茸々,5,もじゃもじゃ,aozora_ruby,1,invalid_unicode,keep_pending,a source supplied a reading containing illegal characters,,76c5aca9-c0fc-5e1f-87f9-3b81a8278c26,,/Users/iktahana/Genji/pending/needs_reading/U+8300-U+83FF/茸々.json,1,
茹,34,う|うだ|うで|くら|ゆ|ゆだ|ゆで,aozora_ruby,94,source_conflict,conflict,sources disagree on the complete-entry reading,,d2135672-36ac-5f6b-8162-c8e1aea6bddb,,/Users/iktahana/Genji/pending/needs_reading/U+8300-U+83FF/茹.json,1,
茹玉,7,,,0,suspected_fragment,reject_fragment,all occurrences are embedded across at least two works and authoritative dictionaries have no exact headword,,97c4ed5a-5316-53d4-8e33-6ac8922962ca,,/Users/iktahana/Genji/pending/needs_reading/U+8300-U+83FF/茹玉.json,1,
茹章,4,,,0,suspected_fragment,reject_fragment,all occurrences are embedded across at least two works and authoritative dictionaries have no exact headword,,17f1358a-fabe-5021-b75b-9e0ec5349221,,/Users/iktahana/Genji/pending/needs_reading/U+8300-U+83FF/茹章.json,1,
茹菜,4,ゆでな,aozora_ruby,2,suspected_fragment,reject_fragment,all occurrences are embedded across at least two works and authoritative dictionaries have no exact headword,,83a19934-c844-57bc-bad8-523ffbed0b86,,/Users/iktahana/Genji/pending/needs_reading/U+8300-U+83FF/茹菜.json,1,
荅蘭,36,,,0,suspected_fragment,keep_pending,embedded evidence is insufficient for automatic rejection,,8ef24d1f-6a53-5e1b-940a-c310de792d19,,/Users/iktahana/Genji/pending/needs_reading/U+8300-U+83FF/荅蘭.json,1,
荐,26,しき|しきり|スキカサネテ,aozora_ruby,13,source_conflict,conflict,sources disagree on the complete-entry reading,,d845ebcf-db2b-57b9-b7b2-cbc282e326e7,,/Users/iktahana/Genji/pending/needs_reading/U+8300-U+83FF/荐.json,1,
荒々,14,あらあら,aozora_ruby|jmdict,18,invalid_unicode,keep_pending,a source supplied a reading containing illegal characters,,779388ed-c3a3-54ad-9257-583ffb41b718,,/Users/iktahana/Genji/pending/needs_reading/U+8300-U+83FF/荒々.json,1,
荼奴,23,,,0,suspected_fragment,keep_pending,embedded evidence is insufficient for automatic rejection,,1aab14ad-cf87-5df1-a2c4-d6abbd988e1a,,/Users/iktahana/Genji/pending/needs_reading/U+8300-U+83FF/荼奴.json,1,
莅,11,のぞ|のぞき,aozora_ruby|jmnedict,4,source_conflict,conflict,sources disagree on the complete-entry reading,,6791290d-e494-52d3-8638-c2eee72088d3,,/Users/iktahana/Genji/pending/needs_reading/U+8300-U+83FF/莅.json,1,
莪,6,しょうが,aozora_ruby,3,suspected_fragment,keep_pending,single-character entries require individual review,,1c8f7f63-6ae4-5a1c-bd5e-1648becfe654,,/Users/iktahana/Genji/pending/needs_reading/U+8300-U+83FF/莪.json,1,
莫々,4,ばくばく,aozora_ruby,1,suspected_fragment,reject_fragment,all occurrences are embedded across at least two works and authoritative dictionaries have no exact headword,,a131b30f-1c2a-57e2-9ede-e87f0eed10dc,,/Users/iktahana/Genji/pending/needs_reading/U+8300-U+83FF/莫々.json,1,
莱,23,らい,aozora_ruby|jmnedict,2,suspected_fragment,keep_pending,single-character entries require individual review,,365af706-59bb-5a85-87a2-f6233c0876ce,,/Users/iktahana/Genji/pending/needs_reading/U+8300-U+83FF/莱.json,1,
莱子,4,らいず,jmnedict,1,suspected_fragment,reject_fragment,all occurrences are embedded across at least two works and authoritative dictionaries have no exact headword,,064dde25-9fdc-5d02-af03-017d414ebec4,,/Users/iktahana/Genji/pending/needs_reading/U+8300-U+83FF/莱子.json,1,
莵,4,,,0,suspected_fragment,keep_pending,single-character entries require individual review,,d18bd830-23f6-577a-ae5e-4603114b748f,,/Users/iktahana/Genji/pending/needs_reading/U+8300-U+83FF/莵.json,1,
莵入,8,,,0,suspected_fragment,keep_pending,embedded evidence is insufficient for automatic rejection,,277728fa-8a93-5ac4-884a-cda9932d6da9,,/Users/iktahana/Genji/pending/needs_reading/U+8300-U+83FF/莵入.json,1,
莵野,4,うめ,aozora_ruby,1,suspected_fragment,keep_pending,embedded evidence is insufficient for automatic rejection,,b2ed762d-aa40-5c35-b68e-2080ccce08af,,/Users/iktahana/Genji/pending/needs_reading/U+8300-U+83FF/莵野.json,1,
莽草,10,しきみ,aozora_ruby,1,suspected_fragment,keep_pending,at least one example contains an independent use,,5bf25d97-c868-537b-87d8-9ea343e0b884,,/Users/iktahana/Genji/pending/needs_reading/U+8300-U+83FF/莽草.json,1,
菖助,17,しょうすけ,aozora_ruby,1,suspected_fragment,keep_pending,at least one example contains an independent use,,67f6674b-29fd-5e69-b1c4-0aa877675b16,,/Users/iktahana/Genji/pending/needs_reading/U+8300-U+83FF/菖助.json,1,
菟,5,うさぎ,aozora_ruby|jmdict|jmnedict,3,suspected_fragment,keep_pending,single-character entries require individual review,,d1d786ca-083e-530f-8f19-95534ac9dd95,,/Users/iktahana/Genji/pending/needs_reading/U+8300-U+83FF/菟.json,1,
菟上,9,うがかみ|うなかみ|うながみ,aozora_ruby,3,source_conflict,conflict,sources disagree on the complete-entry reading,,f66c09d7-e79b-57ca-9119-fe465d6c7f6f,,/Users/iktahana/Genji/pending/needs_reading/U+8300-U+83FF/菟上.json,1,
菟芽,4,,,0,suspected_fragment,keep_pending,embedded evidence is insufficient for automatic rejection,,a7b50ca0-ff3b-5213-9261-f814228c664b,,/Users/iktahana/Genji/pending/needs_reading/U+8300-U+83FF/菟芽.json,1,
菩加,12,,,0,suspected_fragment,keep_pending,embedded evidence is insufficient for automatic rejection,,1d56d64c-9dc4-52b8-bb0f-ab984ee4a861,,/Users/iktahana/Genji/pending/needs_reading/U+8300-U+83FF/菩加.json,1,
菩比,12,ほひ,aozora_ruby,1,suspected_fragment,keep_pending,at least one example contains an independent use,,393d89fd-36ed-5afc-bac1-bf3371a14c95,,/Users/iktahana/Genji/pending/needs_reading/U+8300-U+83FF/菩比.json,1,
華々,7,はなか|はなばな,aozora_ruby|jmnedict,31,invalid_unicode,keep_pending,a source supplied a reading containing illegal characters,,0189044c-3356-5272-82d4-3d6f1663e388,,/Users/iktahana/Genji/pending/needs_reading/U+8300-U+83FF/華々.json,1,
菲,4,うす|にら,aozora_ruby,4,source_conflict,conflict,sources disagree on the complete-entry reading,,e04473a7-83a0-5a8e-af43-3ad5d1f69b43,,/Users/iktahana/Genji/pending/needs_reading/U+8300-U+83FF/菲.json,1,
菲山,6,,,0,suspected_fragment,reject_fragment,all occurrences are embedded across at least two works and authoritative dictionaries have no exact headword,,0b653edb-ad26-5617-9402-49e38b36d198,,/Users/iktahana/Genji/pending/needs_reading/U+8300-U+83FF/菲山.json,1,
菴,102,あん|いお|いおり|いほり,aozora_ruby|jmdict|jmnedict,8,ambiguous,conflict,jmdict has multiple applicable full-entry readings,,c7e6caa5-686f-563f-aca0-c638fc97cf78,,/Users/iktahana/Genji/pending/needs_reading/U+8300-U+83FF/菴.json,1,
萄葡,7,,,0,suspected_fragment,keep_pending,at least one example contains an independent use,,f489b35c-f168-55b3-acac-401805a204cb,,/Users/iktahana/Genji/pending/needs_reading/U+8400-U+84FF/萄葡.json,1,
萋々,12,さいさい|せいせい,aozora_ruby,9,invalid_unicode,keep_pending,a source supplied a reading containing illegal characters,,f49d7fdb-ff26-54ae-b544-3b5291508113,,/Users/iktahana/Genji/pending/needs_reading/U+8400-U+84FF/萋々.json,1,
萍,53,うきくさ|うきぐさ|たいら|ぴんぐ|へい,aozora_ruby|jmdict|jmnedict,24,ambiguous,conflict,jmnedict has multiple applicable full-entry readings,,195046ad-3d7c-5cbc-b268-c87fd9144d39,,/Users/iktahana/Genji/pending/needs_reading/U+8400-U+84FF/萍.json,1,
萓,18,かや,aozora_ruby|jmnedict,3,suspected_fragment,keep_pending,single-character entries require individual review,,edfdcda6-cbe2-5e62-87c1-f9ccf0bc47c9,,/Users/iktahana/Genji/pending/needs_reading/U+8400-U+84FF/萓.json,1,
萵雀,5,あおじ|あをじ,aozora_ruby,5,source_conflict,conflict,sources disagree on the complete-entry reading,,acb4ebd3-0b5c-5e90-b1b9-c9b1b1ca50de,,/Users/iktahana/Genji/pending/needs_reading/U+8400-U+84FF/萵雀.json,1,
葆,4,しげる|たもつ|つつ,aozora_ruby|jmnedict,4,ambiguous,conflict,jmnedict has multiple applicable full-entry readings,,275c7734-d0dd-5aea-9a4d-fa3f0242ba64,,/Users/iktahana/Genji/pending/needs_reading/U+8400-U+84FF/葆.json,1,
葉々,4,はつぱ,aozora_ruby,1,suspected_fragment,reject_fragment,all occurrences are embedded across at least two works and authoritative dictionaries have no exact headword,,527a56da-5d58-5dad-91cb-11fb349e2d4e,,/Users/iktahana/Genji/pending/needs_reading/U+8400-U+84FF/葉々.json,1,
著々,18,ちゃくちゃく|ちやくちやく,aozora_ruby,4,source_conflict,conflict,sources disagree on the complete-entry reading,,65de9dd4-18a2-5c30-b84b-fbdea902e596,,/Users/iktahana/Genji/pending/needs_reading/U+8400-U+84FF/著々.json,1,
葫芦,19,ころ,aozora_ruby,1,suspected_fragment,keep_pending,at least one example contains an independent use,,0c3ea123-286f-581c-af98-a44a4f6538be,,/Users/iktahana/Genji/pending/needs_reading/U+8400-U+84FF/葫芦.json,1,
葮簀,13,よしず,aozora_ruby,1,suspected_fragment,reject_fragment,all occurrences are embedded across at least two works and authoritative dictionaries have no exact headword,,772c82f3-922f-5be3-85cf-f84adbb1017b,,/Users/iktahana/Genji/pending/needs_reading/U+8400-U+84FF/葮簀.json,1,
葱々,6,そうそう,aozora_ruby,2,suspected_fragment,reject_fragment,all occurrences are embedded across at least two works and authoritative dictionaries have no exact headword,,a92ab518-e200-59c8-bb95-3b56231d1deb,,/Users/iktahana/Genji/pending/needs_reading/U+8400-U+84FF/葱々.json,1,
葷斎,4,くんさい,aozora_ruby,1,suspected_fragment,reject_fragment,all occurrences are embedded across at least two works and authoritative dictionaries have no exact headword,,c57515af-86f2-5cc8-9d6c-f5c97ecd0feb,,/Users/iktahana/Genji/pending/needs_reading/U+8400-U+84FF/葷斎.json,1,
蒄,5,,,0,suspected_fragment,keep_pending,single-character entries require individual review,,3fcd60b7-7122-5180-8274-9aa9fda4ad5d,,/Users/iktahana/Genji/pending/needs_reading/U+8400-U+84FF/蒄.json,1,
蒐蔵,4,しゅうぞう,aozora_ruby,1,single_ruby,keep_pending,ruby occurs in only one distinct Aozora text file,,39700580-9973-5398-9a9e-27e3b41ec637,,/Users/iktahana/Genji/pending/needs_reading/U+8400-U+84FF/蒐蔵.json,1,
蒐録,4,しゅうろく,aozora_ruby,1,suspected_fragment,reject_fragment,all occurrences are embedded across at least two works and authoritative dictionaries have no exact headword,,f399916a-f1e5-53f9-954b-212dfc115482,,/Users/iktahana/Genji/pending/needs_reading/U+8400-U+84FF/蒐録.json,1,
蒔岡,86,まきおか,aozora_ruby|jmnedict,4,suspected_fragment,keep_pending,at least one example contains an independent use,,b7010573-cae0-5744-b55c-0709bc5901cc,,/Users/iktahana/Genji/pending/needs_reading/U+8400-U+84FF/蒔岡.json,1,
蒔清,13,,,0,unmatched,keep_pending,no accepted complete-entry evidence,,e85f3f68-13f0-53bd-ad1a-32ed6789a0be,,/Users/iktahana/Genji/pending/needs_reading/U+8400-U+84FF/蒔清.json,1,
蒔蔵,6,,,0,unmatched,keep_pending,no accepted complete-entry evidence,,d723ee4d-9579-57e5-8a34-3e96d4cb5d72,,/Users/iktahana/Genji/pending/needs_reading/U+8400-U+84FF/蒔蔵.json,1,
蒙々,8,もうもう,aozora_ruby,3,suspected_fragment,keep_pending,at least one example contains an independent use,,2f785e4b-abe1-5323-aa5d-eb386e745a95,,/Users/iktahana/Genji/pending/needs_reading/U+8400-U+84FF/蒙々.json,1,
蒡,6,,,0,suspected_fragment,keep_pending,single-character entries require individual review,,2f13b23f-715a-5572-8cee-9ac51b30c0b9,,/Users/iktahana/Genji/pending/needs_reading/U+8400-U+84FF/蒡.json,1,
蒭,5,まぐさ,aozora_ruby,1,suspected_fragment,keep_pending,single-character entries require individual review,,599685e4-553e-50c2-b93a-5982ea2a997b,,/Users/iktahana/Genji/pending/needs_reading/U+8400-U+84FF/蒭.json,1,
蒸々,17,むしむし,aozora_ruby,4,invalid_unicode,keep_pending,a source supplied a reading containing illegal characters,,67d88ac0-f8d5-5aa3-8816-453979f4d188,,/Users/iktahana/Genji/pending/needs_reading/U+8400-U+84FF/蒸々.json,1,
蓄備,8,ちくび,aozora_ruby,1,suspected_fragment,reject_fragment,all occurrences are embedded across at least two works and authoritative dictionaries have no exact headword,,f5fb6e2a-1312-5c71-af09-44997f7240f2,,/Users/iktahana/Genji/pending/needs_reading/U+8400-U+84FF/蓄備.json,1,
蓄堂,4,ちくどう,jmnedict,1,suspected_fragment,keep_pending,embedded evidence is insufficient for automatic rejection,,061951c9-411d-5ca0-856b-a1751da13082,,/Users/iktahana/Genji/pending/needs_reading/U+8400-U+84FF/蓄堂.json,1,
蓄妻,5,ちくさい,aozora_ruby,1,suspected_fragment,keep_pending,at least one example contains an independent use,,0e0b343e-6c6e-5005-9b93-f2cf6bed8f82,,/Users/iktahana/Genji/pending/needs_reading/U+8400-U+84FF/蓄妻.json,1,
蓊,4,おう|さかえ|しげる|ところ,aozora_ruby|jmnedict,4,ambiguous,conflict,jmnedict has multiple applicable full-entry readings,,b7c0f4b3-4497-5303-a3aa-4a866076a8b1,,/Users/iktahana/Genji/pending/needs_reading/U+8400-U+84FF/蓊.json,1,
薬培,1,,,0,suspected_fragment,keep_pending,embedded evidence is insufficient for automatic rejection,,c6f47fb5-7d42-59c7-8ce6-7db4f1d6b34f,,/Users/iktahana/Genji/pending/needs_reading/U+8500-U+85FF/クスリ培.json,1,
薬綫,1,やくせん,aozora_ruby,1,single_ruby,keep_pending,ruby occurs in only one distinct Aozora text file,,1cf47989-d697-57f1-9c9f-7c5fc8d8f769,,/Users/iktahana/Genji/pending/needs_reading/U+8500-U+85FF/クスリ綫.json,1,
薬舖,5,,,0,suspected_fragment,keep_pending,at least one example contains an independent use,,0d06a9ac-3b92-534f-ad47-f16a0a191f67,,/Users/iktahana/Genji/pending/needs_reading/U+8500-U+85FF/クスリ舖.json,1,
薬貼,4,,,0,suspected_fragment,reject_fragment,all occurrences are embedded across at least two works and authoritative dictionaries have no exact headword,,f259f31e-cc6f-578f-b254-b79e10069ff8,,/Users/iktahana/Genji/pending/needs_reading/U+8500-U+85FF/クスリ貼.json,1,
蔽布,5,おおい|おほひ|ひふ,aozora_ruby,3,source_conflict,conflict,sources disagree on the complete-entry reading,,d04bf479-887a-513d-a22c-037cc12dbe5e,,/Users/iktahana/Genji/pending/needs_reading/U+8500-U+85FF/蔽布.json,1,
蔽物,7,おほひ,aozora_ruby,3,suspected_fragment,keep_pending,at least one example contains an independent use,,e34e8115-a56b-509f-93e9-12159bfd1384,,/Users/iktahana/Genji/pending/needs_reading/U+8500-U+85FF/蔽物.json,1,
蔽蓋,5,おおいぶた,aozora_ruby,1,single_ruby,keep_pending,ruby occurs in only one distinct Aozora text file,,1218086b-72ff-5294-b046-fde1c0a98826,,/Users/iktahana/Genji/pending/needs_reading/U+8500-U+85FF/蔽蓋.json,1,
蕁草,6,いらくさ|いらぐさ,aozora_ruby,4,source_conflict,conflict,sources disagree on the complete-entry reading,,a2c84f3a-0501-5059-888b-2285dc758f7a,,/Users/iktahana/Genji/pending/needs_reading/U+8500-U+85FF/蕁草.json,1,
蕈,195,きのこ|くさびら|たけ|グルーズジ,aozora_ruby|jmdict,61,ambiguous,conflict,jmdict has multiple applicable full-entry readings,,b23e486a-91a3-5449-a89c-bec4c879995c,,/Users/iktahana/Genji/pending/needs_reading/U+8500-U+85FF/蕈.json,1,
蕈山,9,,,0,suspected_fragment,keep_pending,embedded evidence is insufficient for automatic rejection,,05837396-dce8-5569-95a0-5ebcffa6e6e0,,/Users/iktahana/Genji/pending/needs_reading/U+8500-U+85FF/蕈山.json,1,
蕘圃,4,,,0,suspected_fragment,keep_pending,at least one example contains an independent use,,4a80b4f5-997d-5eed-932d-a1f61d3af7f9,,/Users/iktahana/Genji/pending/needs_reading/U+8500-U+85FF/蕘圃.json,1,
蕩山,14,ぼうとうざん,aozora_ruby,2,suspected_fragment,keep_pending,at least one example contains an independent use,,27df6c2e-25c6-5232-821c-9df5cd5d1f61,,/Users/iktahana/Genji/pending/needs_reading/U+8500-U+85FF/蕩山.json,1,
蕩楽,13,どうらく,aozora_ruby,1,single_ruby,keep_pending,ruby occurs in only one distinct Aozora text file,,353d06c6-8b50-5660-ac06-ff444c014777,,/Users/iktahana/Genji/pending/needs_reading/U+8500-U+85FF/蕩楽.json,1,
薀,4,うん|つゝ|をさ,aozora_ruby,4,source_conflict,conflict,sources disagree on the complete-entry reading,,6ce30d7a-6fce-538a-a0ac-a3de91b8f2c7,,/Users/iktahana/Genji/pending/needs_reading/U+8500-U+85FF/薀.json,1,
薈,20,しげみ,aozora_ruby,2,suspected_fragment,keep_pending,single-character entries require individual review,,3590bf77-b5bf-54b0-8b50-42fe92e63391,,/Users/iktahana/Genji/pending/needs_reading/U+8500-U+85FF/薈.json,1,
薑売,6,はじかみうり,aozora_ruby,1,suspected_fragment,keep_pending,at least one example contains an independent use,,926492bd-9cbf-56d8-bf48-344322dbcaf7,,/Users/iktahana/Genji/pending/needs_reading/U+8500-U+85FF/薑売.json,1,
薙山,8,,,0,suspected_fragment,reject_fragment,all occurrences are embedded across at least two works and authoritative dictionaries have no exact headword,,32fcb46a-a02b-535d-9488-034c6faf6088,,/Users/iktahana/Genji/pending/needs_reading/U+8500-U+85FF/薙山.json,1,
薙町,7,,,0,suspected_fragment,keep_pending,at least one example contains an independent use,,3a1f6a6c-7b63-5fff-ac38-172b4db8399b,,/Users/iktahana/Genji/pending/needs_reading/U+8500-U+85FF/薙町.json,1,
薫々,22,くん|くんくん,aozora_ruby,16,source_conflict,conflict,sources disagree on the complete-entry reading,,7509d16e-e18f-5e47-966b-5e271377d5aa,,/Users/iktahana/Genji/pending/needs_reading/U+8500-U+85FF/薫々.json,1,
藐,7,おろ|かろ|かろん|はる|みゃく,aozora_ruby,7,source_conflict,conflict,sources disagree on the complete-entry reading,,f7b4bc6c-ab70-5b35-8385-026f1827e03c,,/Users/iktahana/Genji/pending/needs_reading/U+8500-U+85FF/藐.json,1,
藐三,4,,,0,suspected_fragment,keep_pending,at least one example contains an independent use,,99cadde4-3547-5a15-9679-d31311829dbf,,/Users/iktahana/Genji/pending/needs_reading/U+8500-U+85FF/藐三.json,1,
藕絲,20,ぐうし|はすいと|グウシ|ハスイト,aozora_ruby,6,source_conflict,conflict,sources disagree on the complete-entry reading,,c028d90d-b24d-5a69-aeed-8e3b9e1f8de8,,/Users/iktahana/Genji/pending/needs_reading/U+8500-U+85FF/藕絲.json,1,
藩々,17,,,0,unmatched,keep_pending,no accepted complete-entry evidence,,3bbc24fd-a5f8-5322-8b25-9da4557ea4a5,,/Users/iktahana/Genji/pending/needs_reading/U+8500-U+85FF/藩々.json,1,
藹山,7,あいざん,aozora_ruby,1,suspected_fragment,keep_pending,at least one example contains an independent use,,d4d776eb-4dc0-5877-8ad1-b647922dae0a,,/Users/iktahana/Genji/pending/needs_reading/U+8500-U+85FF/藹山.json,1,
蚕掃,2,,,0,unmatched,keep_pending,no accepted complete-entry evidence,,1a40fdd2-e46c-5d12-95ea-f0c20b86d114,,/Users/iktahana/Genji/pending/needs_reading/U+8600-U+86FF/カイコ掃.json,1,
蘗,12,ひこば,aozora_ruby,2,suspected_fragment,keep_pending,single-character entries require individual review,,cff4a54f-8e96-5af5-94f4-d2d6c2650efc,,/Users/iktahana/Genji/pending/needs_reading/U+8600-U+86FF/蘗.json,1,
蘚,12,こけ|ごけ,aozora_ruby|jmdict,9,source_conflict,conflict,sources disagree on the complete-entry reading,,6db9a263-c1be-5e9d-86fc-87f69b530ea9,,/Users/iktahana/Genji/pending/needs_reading/U+8600-U+86FF/蘚.json,1,
蘚伯,12,せんぱく,aozora_ruby,2,suspected_fragment,keep_pending,at least one example contains an independent use,,2f64c0f6-d97a-52ba-b4dc-3edb61a7ab73,,/Users/iktahana/Genji/pending/needs_reading/U+8600-U+86FF/蘚伯.json,1,
虧,63,か|き|カ,aozora_ruby,32,source_conflict,conflict,sources disagree on the complete-entry reading,,540b2f4c-2963-56b3-bb01-d4b8ebd80158,,/Users/iktahana/Genji/pending/needs_reading/U+8600-U+86FF/虧.json,1,
蛋粉,7,たんぷん,aozora_ruby,1,suspected_fragment,keep_pending,embedded evidence is insufficient for automatic rejection,,33757b2d-1bbd-5d4b-8569-95723cd3d9df,,/Users/iktahana/Genji/pending/needs_reading/U+8600-U+86FF/蛋粉.json,1,
蛩音,6,,,0,unmatched,keep_pending,no accepted complete-entry evidence,,56ba8f3b-8720-581c-930b-f8bb2d79cc7a,,/Users/iktahana/Genji/pending/needs_reading/U+8600-U+86FF/蛩音.json,1,
蜃人,11,,,0,suspected_fragment,keep_pending,embedded evidence is insufficient for automatic rejection,,ebe7bcfa-e0d9-5eaa-ba84-fab5d26c7c63,,/Users/iktahana/Genji/pending/needs_reading/U+8700-U+87FF/蜃人.json,1,
蜈,5,,,0,suspected_fragment,keep_pending,single-character entries require individual review,,8af3c4ca-47f3-53e8-85cd-8e76d136a35e,,/Users/iktahana/Genji/pending/needs_reading/U+8700-U+87FF/蜈.json,1,
蜒,85,う|うな|うね|うねり|えん|えんてい|くね|わだかま|カメレオン,aozora_ruby,44,source_conflict,conflict,sources disagree on the complete-entry reading,,78ecd42b-fb1a-5d00-9913-c2eea0e4421b,,/Users/iktahana/Genji/pending/needs_reading/U+8700-U+87FF/蜒.json,1,
蜒女,4,あま,aozora_ruby,1,suspected_fragment,keep_pending,embedded evidence is insufficient for automatic rejection,,2d23ee19-39c9-567c-af84-efc8c89ee019,,/Users/iktahana/Genji/pending/needs_reading/U+8700-U+87FF/蜒女.json,1,
蜻治,6,,,0,suspected_fragment,keep_pending,embedded evidence is insufficient for automatic rejection,,1e577ace-03a4-5e58-88ba-12b32c8360e8,,/Users/iktahana/Genji/pending/needs_reading/U+8700-U+87FF/蜻治.json,1,
蝙也,87,,,0,suspected_fragment,keep_pending,at least one example contains an independent use,,64a3f989-b951-56fb-be6b-4356c3f04845,,/Users/iktahana/Genji/pending/needs_reading/U+8700-U+87FF/蝙也.json,1,
蝠女,19,ふくぢよ,aozora_ruby,1,single_ruby,keep_pending,ruby occurs in only one distinct Aozora text file,,32169035-261c-5acc-a8f8-d92b981d37a7,,/Users/iktahana/Genji/pending/needs_reading/U+8700-U+87FF/蝠女.json,1,
蝸虫,5,ででむし,aozora_ruby,1,suspected_fragment,keep_pending,embedded evidence is insufficient for automatic rejection,,dc9d490c-9800-5bd5-a736-7aa1ba303c37,,/Users/iktahana/Genji/pending/needs_reading/U+8700-U+87FF/蝸虫.json,1,
螂蛆,5,うじ|むかで,aozora_ruby,2,source_conflict,conflict,sources disagree on the complete-entry reading,,e59834ef-1719-56b4-98bc-70f5265f911c,,/Users/iktahana/Genji/pending/needs_reading/U+8700-U+87FF/螂蛆.json,1,
螫毛,10,さしけ,aozora_ruby,1,suspected_fragment,keep_pending,at least one example contains an independent use,,3ff7285b-1103-5ddf-adb6-6eae30732100,,/Users/iktahana/Genji/pending/needs_reading/U+8700-U+87FF/螫毛.json,1,
螻子,9,,,0,suspected_fragment,reject_fragment,all occurrences are embedded across at least two works and authoritative dictionaries have no exact headword,,144bda9f-0be6-5a02-ae2f-be7488203495,,/Users/iktahana/Genji/pending/needs_reading/U+8700-U+87FF/螻子.json,1,
蟀谷,33,こみかみ|こめかみ,aozora_ruby|jmdict,26,source_conflict,conflict,sources disagree on the complete-entry reading,,6ee16cc5-d0ac-5975-afc2-dd1155cf1cf6,,/Users/iktahana/Genji/pending/needs_reading/U+8700-U+87FF/蟀谷.json,1,
蟆人,8,くくひと|くくびと,aozora_ruby,2,source_conflict,conflict,sources disagree on the complete-entry reading,,5785e1e4-387d-5632-8b14-0660087460e5,,/Users/iktahana/Genji/pending/needs_reading/U+8700-U+87FF/蟆人.json,1,
蟆口,9,がまぐち,aozora_ruby,1,single_ruby,keep_pending,ruby occurs in only one distinct Aozora text file,,a3cca65b-a5bc-5715-a109-0a84318cd225,,/Users/iktahana/Genji/pending/needs_reading/U+8700-U+87FF/蟆口.json,1,
蟆子,14,ぶと|ぶゆ|ぶよ,aozora_ruby|jmdict,11,ambiguous,conflict,jmdict has multiple applicable full-entry readings,,a9ca73c3-2ea3-5317-b5f3-b1771c13a014,,/Users/iktahana/Genji/pending/needs_reading/U+8700-U+87FF/蟆子.json,1,
装凜,1,,,0,suspected_fragment,reject_fragment,all occurrences are embedded across at least two works and authoritative dictionaries have no exact headword,,23a5914b-517c-54a8-b4d3-c5637954b24d,,/Users/iktahana/Genji/pending/needs_reading/U+8800-U+88FF/ソウ凜.json,1,
装剥,1,,,0,suspected_fragment,keep_pending,embedded evidence is insufficient for automatic rejection,,285a265f-275b-58d5-b16a-f25c3e2a08e7,,/Users/iktahana/Genji/pending/needs_reading/U+8800-U+88FF/ソウ剥.json,1,
蠎,4,うわばみ,aozora_ruby|jmdict,2,suspected_fragment,keep_pending,single-character entries require individual review,,f029d39f-abbb-5a81-87f7-19973ab57ea4,,/Users/iktahana/Genji/pending/needs_reading/U+8800-U+88FF/蠎.json,1,
蠎蛇,5,うわばみ|をろち,aozora_ruby,4,source_conflict,conflict,sources disagree on the complete-entry reading,,795a41a1-7b8f-51bf-8d92-8fc149380f27,,/Users/iktahana/Genji/pending/needs_reading/U+8800-U+88FF/蠎蛇.json,1,
蠑,31,,,0,suspected_fragment,keep_pending,single-character entries require individual review,,2b0fb4df-d387-5eab-891a-7e4113fa5e0e,,/Users/iktahana/Genji/pending/needs_reading/U+8800-U+88FF/蠑.json,1,
蠡実,6,,,0,suspected_fragment,keep_pending,embedded evidence is insufficient for automatic rejection,,6000fe5c-824c-53b0-acfb-506fd74f8bf0,,/Users/iktahana/Genji/pending/needs_reading/U+8800-U+88FF/蠡実.json,1,
蠢々,13,しゅんしゅん|しゆんしゆん,aozora_ruby,8,invalid_unicode,keep_pending,a source supplied a reading containing illegal characters,,ca9de8dc-94db-5659-9c90-cc32b5605100,,/Users/iktahana/Genji/pending/needs_reading/U+8800-U+88FF/蠢々.json,1,
蠣店,5,かきだな,aozora_ruby,1,suspected_fragment,keep_pending,at least one example contains an independent use,,11b6ec76-4fc3-55ee-a642-47316fc3097b,,/Users/iktahana/Genji/pending/needs_reading/U+8800-U+88FF/蠣店.json,1,
蠣浜,10,かきはま,aozora_ruby,1,suspected_fragment,reject_fragment,all occurrences are embedded across at least two works and authoritative dictionaries have no exact headword,,5b2e65b6-f3d1-53d7-9e11-cf6f4d5f2293,,/Users/iktahana/Genji/pending/needs_reading/U+8800-U+88FF/蠣浜.json,1,
蠧惑,4,,,0,unmatched,keep_pending,no accepted complete-entry evidence,,c47a7212-9868-5bce-9301-9d2f192edd59,,/Users/iktahana/Genji/pending/needs_reading/U+8800-U+88FF/蠧惑.json,1,
蠻,28,ばん,jmnedict,1,suspected_fragment,keep_pending,single-character entries require individual review,,ca773d2d-7224-5130-ab54-f0be585f7a35,,/Users/iktahana/Genji/pending/needs_reading/U+8800-U+88FF/蠻.json,1,
蠻人,10,ばんじん,aozora_ruby,1,suspected_fragment,keep_pending,at least one example contains an independent use,,13792d4a-1246-57ca-a9d6-dd9adcc46a92,,/Users/iktahana/Genji/pending/needs_reading/U+8800-U+88FF/蠻人.json,1,
蠻勇,21,ばんいう|ばんゆう,aozora_ruby,5,source_conflict,conflict,sources disagree on the complete-entry reading,,8834f192-8ee0-5aa6-9cda-57d5c8d2348f,,/Users/iktahana/Genji/pending/needs_reading/U+8800-U+88FF/蠻勇.json,1,
蠻声,6,,,0,unmatched,keep_pending,no accepted complete-entry evidence,,458f467e-681d-540d-91e0-9029432dd8a8,,/Users/iktahana/Genji/pending/needs_reading/U+8800-U+88FF/蠻声.json,1,
蠻夷,11,えみし,aozora_ruby,1,suspected_fragment,keep_pending,at least one example contains an independent use,,75f96a59-2402-5599-ad82-ca949bbdc4be,,/Users/iktahana/Genji/pending/needs_reading/U+8800-U+88FF/蠻夷.json,1,
蠻族,4,ばんぞく,aozora_ruby,1,single_ruby,keep_pending,ruby occurs in only one distinct Aozora text file,,a8afb4f2-e5b4-576c-a2eb-0f81fbefd9ee,,/Users/iktahana/Genji/pending/needs_reading/U+8800-U+88FF/蠻族.json,1,
蠻物,24,,,0,suspected_fragment,reject_fragment,all occurrences are embedded across at least two works and authoritative dictionaries have no exact headword,,3831e356-0962-5c03-9770-3d612779dc78,,/Users/iktahana/Genji/pending/needs_reading/U+8800-U+88FF/蠻物.json,1,
蠻秘,5,,,0,suspected_fragment,reject_fragment,all occurrences are embedded across at least two works and authoritative dictionaries have no exact headword,,2fa7273f-9070-56a6-9456-f48e0a909505,,/Users/iktahana/Genji/pending/needs_reading/U+8800-U+88FF/蠻秘.json,1,
蠻行,5,,,0,unmatched,keep_pending,no accepted complete-entry evidence,,bff1dd93-764a-59f5-a2cb-0624545037fa,,/Users/iktahana/Genji/pending/needs_reading/U+8800-U+88FF/蠻行.json,1,
蠻語,4,,,0,suspected_fragment,keep_pending,at least one example contains an independent use,,3582f393-c797-51f8-8ac6-d72bf2de13a8,,/Users/iktahana/Genji/pending/needs_reading/U+8800-U+88FF/蠻語.json,1,
蠻鉄,5,,,0,suspected_fragment,reject_fragment,all occurrences are embedded across at least two works and authoritative dictionaries have no exact headword,,36f42a30-a209-5800-91df-efe0c932a540,,/Users/iktahana/Genji/pending/needs_reading/U+8800-U+88FF/蠻鉄.json,1,
蠻風,12,,,0,unmatched,keep_pending,no accepted complete-entry evidence,,f6d22852-d516-5585-b3dc-47d2636418ed,,/Users/iktahana/Genji/pending/needs_reading/U+8800-U+88FF/蠻風.json,1,
衂,30,じっ|ちぬ|ちぬら|ぬ|はなぢ|チ,aozora_ruby,20,source_conflict,conflict,sources disagree on the complete-entry reading,,e8178e13-e261-5fec-aeb7-c29e24f0699f,,/Users/iktahana/Genji/pending/needs_reading/U+8800-U+88FF/衂.json,1,
衄,5,くじ|はなぢ,aozora_ruby,2,source_conflict,conflict,sources disagree on the complete-entry reading,,3376bbd7-205c-5d05-a163-81e03a9c8557,,/Users/iktahana/Genji/pending/needs_reading/U+8800-U+88FF/衄.json,1,
衍暦,15,,,0,suspected_fragment,keep_pending,embedded evidence is insufficient for automatic rejection,,859cf72c-384f-5aaf-a2cd-7e3baaee0725,,/Users/iktahana/Genji/pending/needs_reading/U+8800-U+88FF/衍暦.json,1,
衰不,5,,,0,suspected_fragment,reject_fragment,all occurrences are embedded across at least two works and authoritative dictionaries have no exact headword,,d7f6fda3-2429-506f-bd26-09b10935c454,,/Users/iktahana/Genji/pending/needs_reading/U+8800-U+88FF/衰不.json,1,
衰萎,5,すいい,aozora_ruby,1,suspected_fragment,keep_pending,at least one example contains an independent use,,ca0184aa-9df7-51d3-bd43-2acb664c3279,,/Users/iktahana/Genji/pending/needs_reading/U+8800-U+88FF/衰萎.json,1,
衰褪,6,すいたい,aozora_ruby,2,suspected_fragment,keep_pending,at least one example contains an independent use,,6b101f5c-5c10-539f-8820-f22d885df66b,,/Users/iktahana/Genji/pending/needs_reading/U+8800-U+88FF/衰褪.json,1,
衰躬,4,,,0,suspected_fragment,keep_pending,embedded evidence is insufficient for automatic rejection,,cae8d086-6ffd-506d-909f-68ad5d34c0dd,,/Users/iktahana/Genji/pending/needs_reading/U+8800-U+88FF/衰躬.json,1,
袗,17,かざみ|しゃつ,aozora_ruby,2,source_conflict,conflict,sources disagree on the complete-entry reading,,18330ef3-efed-521e-8175-35eafae36262,,/Users/iktahana/Genji/pending/needs_reading/U+8800-U+88FF/袗.json,1,
袞繍,5,,,0,suspected_fragment,reject_fragment,all occurrences are embedded across at least two works and authoritative dictionaries have no exact headword,,1a6ce84e-db4d-5c43-9bb6-834d6a26439e,,/Users/iktahana/Genji/pending/needs_reading/U+8800-U+88FF/袞繍.json,1,
袢,29,,,0,suspected_fragment,keep_pending,single-character entries require individual review,,3ced0603-1ecc-5249-a070-30e37a78a562,,/Users/iktahana/Genji/pending/needs_reading/U+8800-U+88FF/袢.json,1,
袢天,39,はんてん,aozora_ruby|jmdict,8,suspected_fragment,keep_pending,at least one example contains an independent use,,e74d0a70-2963-56b5-a51e-959cea08642b,,/Users/iktahana/Genji/pending/needs_reading/U+8800-U+88FF/袢天.json,1,
袢纒,36,はんてん|ばんてん,aozora_ruby,16,source_conflict,conflict,sources disagree on the complete-entry reading,,df18be7d-64c9-5ea8-89ed-c03fd1dd01a1,,/Users/iktahana/Genji/pending/needs_reading/U+8800-U+88FF/袢纒.json,1,
袢草,4,,,0,suspected_fragment,reject_fragment,all occurrences are embedded across at least two works and authoritative dictionaries have no exact headword,,fba79b1c-eed5-5939-82ee-4bf561b508cd,,/Users/iktahana/Genji/pending/needs_reading/U+8800-U+88FF/袢草.json,1,
袢衿,5,はんえり,aozora_ruby,1,suspected_fragment,keep_pending,at least one example contains an independent use,,8ec9448e-4be7-582d-a6d5-1e234b8ea19b,,/Users/iktahana/Genji/pending/needs_reading/U+8800-U+88FF/袢衿.json,1,
袤,4,,,0,suspected_fragment,keep_pending,single-character entries require individual review,,4863ae59-3cd3-54c6-9e69-b09c07f44899,,/Users/iktahana/Genji/pending/needs_reading/U+8800-U+88FF/袤.json,1,
裂人,12,,,0,suspected_fragment,keep_pending,embedded evidence is insufficient for automatic rejection,,9aa08133-7356-574d-a4e7-a94f91f6b94a,,/Users/iktahana/Genji/pending/needs_reading/U+8800-U+88FF/裂人.json,1,
裂石,11,さけいし,aozora_ruby|jmnedict,7,suspected_fragment,keep_pending,at least one example contains an independent use,,d14a6005-72e2-516a-bc53-e43b27e9332d,,/Users/iktahana/Genji/pending/needs_reading/U+8800-U+88FF/裂石.json,1,
裂穴,4,,,0,suspected_fragment,keep_pending,embedded evidence is insufficient for automatic rejection,,0203514e-809a-5b7f-9f8a-50340254704d,,/Users/iktahana/Genji/pending/needs_reading/U+8800-U+88FF/裂穴.json,1,
裂箱,6,,,0,suspected_fragment,reject_fragment,all occurrences are embedded across at least two works and authoritative dictionaries have no exact headword,,9e5e7bc4-3032-58b1-922c-6bb72863492d,,/Users/iktahana/Genji/pending/needs_reading/U+8800-U+88FF/裂箱.json,1,
裂羽,9,,,0,suspected_fragment,reject_fragment,all occurrences are embedded across at least two works and authoritative dictionaries have no exact headword,,46a784e3-cea8-5aca-a83b-8507ade275b0,,/Users/iktahana/Genji/pending/needs_reading/U+8800-U+88FF/裂羽.json,1,
裂葉,4,さけば,aozora_ruby,1,suspected_fragment,reject_fragment,all occurrences are embedded across at least two works and authoritative dictionaries have no exact headword,,e1300b71-1555-5deb-898d-0664ca2a035c,,/Users/iktahana/Genji/pending/needs_reading/U+8800-U+88FF/裂葉.json,1,
裏々,8,,,0,invalid_unicode,keep_pending,a source supplied a reading containing illegal characters,,8f8e914b-2f5d-55f0-b761-90a012eaa241,,/Users/iktahana/Genji/pending/needs_reading/U+8800-U+88FF/裏々.json,1,
裟子,7,,,0,suspected_fragment,keep_pending,embedded evidence is insufficient for automatic rejection,,0e1caeea-3202-5d9d-a6c3-7dc630ae44ce,,/Users/iktahana/Genji/pending/needs_reading/U+8800-U+88FF/裟子.json,1,
裨治,4,,,0,suspected_fragment,keep_pending,embedded evidence is insufficient for automatic rejection,,b75e043b-f6c5-5d73-811c-100c75cc96d9,,/Users/iktahana/Genji/pending/needs_reading/U+8800-U+88FF/裨治.json,1,
裲,4,うちかけ,aozora_ruby,1,suspected_fragment,keep_pending,single-character entries require individual review,,9c7f2307-bcae-5a7a-9fe3-987c32d96242,,/Users/iktahana/Genji/pending/needs_reading/U+8800-U+88FF/裲.json,1,
褊,4,すずし,aozora_ruby,1,suspected_fragment,keep_pending,single-character entries require individual review,,8ce1317f-8a9e-569d-917c-86b86833e85d,,/Users/iktahana/Genji/pending/needs_reading/U+8900-U+89FF/褊.json,1,
褒州,4,ほうしゅう,aozora_ruby,1,suspected_fragment,keep_pending,embedded evidence is insufficient for automatic rejection,,8d23c0da-0642-551f-9028-338d8c380b66,,/Users/iktahana/Genji/pending/needs_reading/U+8900-U+89FF/褒州.json,1,
褓母,11,ほぼ,aozora_ruby,2,suspected_fragment,keep_pending,at least one example contains an independent use,,84f92460-e103-5b2c-adfc-2cb9c145cae5,,/Users/iktahana/Genji/pending/needs_reading/U+8900-U+89FF/褓母.json,1,
褪,32,あ|あせ|うつろ|さ|さめ|ざ|は|ひ,aozora_ruby,352,source_conflict,conflict,sources disagree on the complete-entry reading,,a3f2540f-2f36-5c9d-bfb8-f04b3d00a0fd,,/Users/iktahana/Genji/pending/needs_reading/U+8900-U+89FF/褪.json,1,
褪赭,5,たいしゃ|セピア,aozora_ruby,4,source_conflict,conflict,sources disagree on the complete-entry reading,,ae979ed2-a90e-5fe5-a39f-c810a40a42f7,,/Users/iktahana/Genji/pending/needs_reading/U+8900-U+89FF/褪赭.json,1,
褫,21,うば|たく|と|は|はが,aozora_ruby,23,source_conflict,conflict,sources disagree on the complete-entry reading,,2bbc8ca4-ee67-50a1-9be2-c5cf8e923792,,/Users/iktahana/Genji/pending/needs_reading/U+8900-U+89FF/褫.json,1,
襍稾,6,,,0,suspected_fragment,reject_fragment,all occurrences are embedded across at least two works and authoritative dictionaries have no exact headword,,281d8253-ccf4-5608-92ea-2b0c44c15ee5,,/Users/iktahana/Genji/pending/needs_reading/U+8900-U+89FF/襍稾.json,1,
襞々,7,だんだら|ひだひだ,aozora_ruby,4,source_conflict,conflict,sources disagree on the complete-entry reading,,a055eb93-bce3-5dae-a01c-78b020f784a0,,/Users/iktahana/Genji/pending/needs_reading/U+8900-U+89FF/襞々.json,1,
襦子,38,しゅす|しゆす|れんじ|サティン,aozora_ruby,6,source_conflict,conflict,sources disagree on the complete-entry reading,,485f3ba1-e53f-5681-85c9-f1b631cf2391,,/Users/iktahana/Genji/pending/needs_reading/U+8900-U+89FF/襦子.json,1,
襦絆,7,じゅばん,aozora_ruby,2,suspected_fragment,keep_pending,at least one example contains an independent use,,c9c8a395-f1b3-5f4b-ac40-706f32ef41d6,,/Users/iktahana/Genji/pending/needs_reading/U+8900-U+89FF/襦絆.json,1,
襯,4,しん,aozora_ruby,2,suspected_fragment,keep_pending,single-character entries require individual review,,0628f65e-35b9-5d50-aa7a-89030e87a908,,/Users/iktahana/Genji/pending/needs_reading/U+8900-U+89FF/襯.json,1,
西々,10,,,0,suspected_fragment,reject_fragment,all occurrences are embedded across at least two works and authoritative dictionaries have no exact headword,,91cea58f-116f-597f-821c-63b28cfc2c64,,/Users/iktahana/Genji/pending/needs_reading/U+8900-U+89FF/西々.json,1,
覃,4,ちん|は|ふか,aozora_ruby|jmnedict,3,source_conflict,conflict,sources disagree on the complete-entry reading,,9ccf9fbe-75a9-5be4-9509-08cc5fd54189,,/Users/iktahana/Genji/pending/needs_reading/U+8900-U+89FF/覃.json,1,
覆布,13,おおい|おほひ|かさ|ふた,aozora_ruby,10,source_conflict,conflict,sources disagree on the complete-entry reading,,bc6fa554-63ea-5051-9008-4e60e949709b,,/Users/iktahana/Genji/pending/needs_reading/U+8900-U+89FF/覆布.json,1,
覆雨,5,,,0,suspected_fragment,reject_fragment,all occurrences are embedded across at least two works and authoritative dictionaries have no exact headword,,f71046b1-5554-5b6c-bdef-b7dffeaa82c6,,/Users/iktahana/Genji/pending/needs_reading/U+8900-U+89FF/覆雨.json,1,
覈,10,けんかく|ただ,aozora_ruby,2,source_conflict,conflict,sources disagree on the complete-entry reading,,c72bc4a6-14dc-5bc2-8983-1f1df3d011a7,,/Users/iktahana/Genji/pending/needs_reading/U+8900-U+89FF/覈.json,1,
覊,4,き|きずな|きづな|ひか,aozora_ruby,6,source_conflict,conflict,sources disagree on the complete-entry reading,,904050cd-e1a8-5bd0-822c-19914fb8f5dc,,/Users/iktahana/Genji/pending/needs_reading/U+8900-U+89FF/覊.json,1,
覊旅,44,きりょ|きりよ|たびぢ,aozora_ruby,8,source_conflict,conflict,sources disagree on the complete-entry reading,,df44352f-09b4-55fe-b769-b40d3ca86c60,,/Users/iktahana/Genji/pending/needs_reading/U+8900-U+89FF/覊旅.json,1,
覓,31,あさ|と|ま|みつ|もと|もとむ|もとめ|ト|マ|モト,aozora_ruby|jmnedict,61,source_conflict,conflict,sources disagree on the complete-entry reading,,7b167c76-d295-5d72-a35b-da0d0cbd0ad4,,/Users/iktahana/Genji/pending/needs_reading/U+8900-U+89FF/覓.json,1,
覩,34,み,aozora_ruby,14,suspected_fragment,keep_pending,single-character entries require individual review,,4df781fe-5065-5380-bd42-c0c92f999a83,,/Users/iktahana/Genji/pending/needs_reading/U+8900-U+89FF/覩.json,1,
親々,54,おやおや,aozora_ruby,4,invalid_unicode,keep_pending,a source supplied a reading containing illegal characters,,2f5876da-efce-5d2a-a323-3a4501835a2b,,/Users/iktahana/Genji/pending/needs_reading/U+8900-U+89FF/親々.json,1,
覬,4,ねら,aozora_ruby,1,suspected_fragment,keep_pending,single-character entries require individual review,,8c60e444-9c42-5fd8-8d3d-c658a9366573,,/Users/iktahana/Genji/pending/needs_reading/U+8900-U+89FF/覬.json,1,
覯,7,,,0,suspected_fragment,keep_pending,single-character entries require individual review,,1740ce69-977c-58ef-87be-6360c37b1309,,/Users/iktahana/Genji/pending/needs_reading/U+8900-U+89FF/覯.json,1,
覯書,5,,,0,suspected_fragment,reject_fragment,all occurrences are embedded across at least two works and authoritative dictionaries have no exact headword,,5c63b81a-f725-5bf2-8505-d722e097e10e,,/Users/iktahana/Genji/pending/needs_reading/U+8900-U+89FF/覯書.json,1,
覲,6,たず|み|タヅ,aozora_ruby,5,source_conflict,conflict,sources disagree on the complete-entry reading,,b1ee71f8-20b7-53c8-a944-2b1a1451e24c,,/Users/iktahana/Genji/pending/needs_reading/U+8900-U+89FF/覲.json,1,
誉依,1,,,0,suspected_fragment,keep_pending,embedded evidence is insufficient for automatic rejection,,ea84b0a0-cb24-599d-a84d-df344c23fe8e,,/Users/iktahana/Genji/pending/needs_reading/U+8A00-U+8AFF/ホマレ依.json,1,
誉凉,1,,,0,suspected_fragment,keep_pending,embedded evidence is insufficient for automatic rejection,,9eaa5eec-1cc6-5ecd-88c1-fff7dae8e50b,,/Users/iktahana/Genji/pending/needs_reading/U+8A00-U+8AFF/ホマレ凉.json,1,
誉稱,1,,,0,unmatched,keep_pending,no accepted complete-entry evidence,,f697a025-a09d-5e3f-bcfa-3b5b719aa023,,/Users/iktahana/Genji/pending/needs_reading/U+8A00-U+8AFF/ホマレ稱.json,1,
読劵,1,,,0,suspected_fragment,keep_pending,embedded evidence is insufficient for automatic rejection,,8c47fa79-9a0a-53d4-8e9d-ab8b30586d2f,,/Users/iktahana/Genji/pending/needs_reading/U+8A00-U+8AFF/ヨミ劵.json,1,
読玩,1,,,0,suspected_fragment,reject_fragment,all occurrences are embedded across at least two works and authoritative dictionaries have no exact headword,,47a11305-1a1d-56da-8aac-f854d9d6156d,,/Users/iktahana/Genji/pending/needs_reading/U+8A00-U+8AFF/ヨミ玩.json,1,
読贖,1,,,0,suspected_fragment,keep_pending,embedded evidence is insufficient for automatic rejection,,57df929f-57cb-586d-9b2e-0ff5a1848299,,/Users/iktahana/Genji/pending/needs_reading/U+8A00-U+8AFF/ヨミ贖.json,1,
訳俾,1,,,0,unmatched,keep_pending,no accepted complete-entry evidence,,b3ca79d5-11a7-5e27-9cf7-0d023f539bdb,,/Users/iktahana/Genji/pending/needs_reading/U+8A00-U+8AFF/ワケ俾.json,1,
訳濟,1,,,0,unmatched,keep_pending,no accepted complete-entry evidence,,b9a16aa3-7837-59f4-9e70-3e375229a984,,/Users/iktahana/Genji/pending/needs_reading/U+8A00-U+8AFF/ワケ濟.json,1,
訊出,7,きゝだ,aozora_ruby,1,suspected_fragment,reject_fragment,all occurrences are embedded across at least two works and authoritative dictionaries have no exact headword,,13f609fb-cad4-5652-b43f-c709ef2a3022,,/Users/iktahana/Genji/pending/needs_reading/U+8A00-U+8AFF/訊出.json,1,
訐,37,あば|けつ,aozora_ruby,20,source_conflict,conflict,sources disagree on the complete-entry reading,,b133c7ff-cd5e-5f29-bfcb-408320aa0ff7,,/Users/iktahana/Genji/pending/needs_reading/U+8A00-U+8AFF/訐.json,1,
訖,47,お|おわ|おわん|を|をは|ヲ,aozora_ruby,13,source_conflict,conflict,sources disagree on the complete-entry reading,,2b6c228b-d976-57bf-a8ae-2c7db141f289,,/Users/iktahana/Genji/pending/needs_reading/U+8A00-U+8AFF/訖.json,1,
託女,4,オクデ,aozora_ruby,1,single_ruby,keep_pending,ruby occurs in only one distinct Aozora text file,,e3a693e5-9802-50ef-a057-ab140a90a9d2,,/Users/iktahana/Genji/pending/needs_reading/U+8A00-U+8AFF/託女.json,1,
託遊,7,,,0,suspected_fragment,keep_pending,at least one example contains an independent use,,084bb6e9-6838-5e5f-a770-8797b4d891f8,,/Users/iktahana/Genji/pending/needs_reading/U+8A00-U+8AFF/託遊.json,1,
訟律,7,,,0,suspected_fragment,keep_pending,at least one example contains an independent use,,d9e1845e-ec35-5168-a8de-ed9afc20c2d8,,/Users/iktahana/Genji/pending/needs_reading/U+8A00-U+8AFF/訟律.json,1,
訶,21,さいな,aozora_ruby,8,suspected_fragment,keep_pending,single-character entries require individual review,,3cd2d2d0-788c-5543-8aca-1a49e73c45c4,,/Users/iktahana/Genji/pending/needs_reading/U+8A00-U+8AFF/訶.json,1,
訶備,5,,,0,suspected_fragment,reject_fragment,all occurrences are embedded across at least two works and authoritative dictionaries have no exact headword,,1d8fb719-6854-548f-bd18-774fa9cbf8bf,,/Users/iktahana/Genji/pending/needs_reading/U+8A00-U+8AFF/訶備.json,1,
訶和,100,,,0,suspected_fragment,reject_fragment,all occurrences are embedded across at least two works and authoritative dictionaries have no exact headword,,5a88874b-4fe0-585b-bef8-6eb6d4943ad2,,/Users/iktahana/Genji/pending/needs_reading/U+8A00-U+8AFF/訶和.json,1,
訶志,9,,,0,suspected_fragment,reject_fragment,all occurrences are embedded across at least two works and authoritative dictionaries have no exact headword,,dcea4c8f-8ecd-5951-90ff-8284c564536b,,/Users/iktahana/Genji/pending/needs_reading/U+8A00-U+8AFF/訶志.json,1,
訶恵,5,,,0,suspected_fragment,reject_fragment,all occurrences are embedded across at least two works and authoritative dictionaries have no exact headword,,ca61f2e5-679b-5fb1-af11-864ef877e9e4,,/Users/iktahana/Genji/pending/needs_reading/U+8A00-U+8AFF/訶恵.json,1,
訶良,5,から,aozora_ruby,1,suspected_fragment,reject_fragment,all occurrences are embedded across at least two works and authoritative dictionaries have no exact headword,,4aa1799b-3ed5-5866-b498-4425a9e12916,,/Users/iktahana/Genji/pending/needs_reading/U+8A00-U+8AFF/訶良.json,1,
訶里,5,,,0,suspected_fragment,keep_pending,embedded evidence is insufficient for automatic rejection,,7047e108-5bc8-521a-9da8-d855203258fc,,/Users/iktahana/Genji/pending/needs_reading/U+8A00-U+8AFF/訶里.json,1,
詆,4,そし,aozora_ruby,1,suspected_fragment,keep_pending,single-character entries require individual review,,023f9c3d-2c63-5305-94fc-d8341b883bfb,,/Users/iktahana/Genji/pending/needs_reading/U+8A00-U+8AFF/詆.json,1,
詐刀,4,こだち,aozora_ruby,1,suspected_fragment,keep_pending,at least one example contains an independent use,,56c3a1b7-8a17-5877-9925-93fe65a85165,,/Users/iktahana/Genji/pending/needs_reading/U+8A00-U+8AFF/詐刀.json,1,
詑,169,あや|あやま|つ|わ|わび,aozora_ruby,33,source_conflict,conflict,sources disagree on the complete-entry reading,,b503e24d-5a9b-5d39-a2c3-42ca2dac6c01,,/Users/iktahana/Genji/pending/needs_reading/U+8A00-U+8AFF/詑.json,1,
詬,8,ののし|はぢ,aozora_ruby,3,source_conflict,conflict,sources disagree on the complete-entry reading,,53575f03-639f-5fa1-8bd7-8f6309fa6aba,,/Users/iktahana/Genji/pending/needs_reading/U+8A00-U+8AFF/詬.json,1,
誘示,4,,,0,suspected_fragment,reject_fragment,all occurrences are embedded across at least two works and authoritative dictionaries have no exact headword,,bf489401-97ae-55f5-a8ef-b5b159951fb8,,/Users/iktahana/Genji/pending/needs_reading/U+8A00-U+8AFF/誘示.json,1,
誚,21,しょう|せ|せめ|そし|そしり,aozora_ruby,17,source_conflict,conflict,sources disagree on the complete-entry reading,,f19a0afc-cec3-5bff-90cc-bc6962f56994,,/Users/iktahana/Genji/pending/needs_reading/U+8A00-U+8AFF/誚.json,1,
語々,8,ごゝ,aozora_ruby,1,suspected_fragment,reject_fragment,all occurrences are embedded across at least two works and authoritative dictionaries have no exact headword,,73b08745-2117-5b76-a66e-f6214ff1c72a,,/Users/iktahana/Genji/pending/needs_reading/U+8A00-U+8AFF/語々.json,1,
誦唱,4,じゅしょう|ずしょう,aozora_ruby,3,source_conflict,conflict,sources disagree on the complete-entry reading,,ff6f83ef-5d07-581f-80cd-3b016b0d737e,,/Users/iktahana/Genji/pending/needs_reading/U+8A00-U+8AFF/誦唱.json,1,
誦律,21,,,0,suspected_fragment,reject_fragment,all occurrences are embedded across at least two works and authoritative dictionaries have no exact headword,,324bcc93-bbf2-5726-9490-cd208edcf414,,/Users/iktahana/Genji/pending/needs_reading/U+8A00-U+8AFF/誦律.json,1,
諌,30,いさ|いさお|いささき|いさむ|いさめ|いまし,aozora_ruby|jmnedict,21,ambiguous,conflict,jmnedict has multiple applicable full-entry readings,,bbf59a99-0b52-5582-bb07-1bcac6d8eabe,,/Users/iktahana/Genji/pending/needs_reading/U+8A00-U+8AFF/諌.json,1,
諌官,4,,,0,suspected_fragment,keep_pending,at least one example contains an independent use,,d2f288f1-9894-5d37-adbd-431b24afbe16,,/Users/iktahana/Genji/pending/needs_reading/U+8A00-U+8AFF/諌官.json,1,
諜状,4,しめしじょう,aozora_ruby,2,suspected_fragment,keep_pending,at least one example contains an independent use,,b31523f3-8776-5aa3-8223-29cd286d4e1a,,/Users/iktahana/Genji/pending/needs_reading/U+8A00-U+8AFF/諜状.json,1,
諢,49,から|からか,aozora_ruby,12,source_conflict,conflict,sources disagree on the complete-entry reading,,73edc11b-d2f2-5285-a6b1-106f51490ad0,,/Users/iktahana/Genji/pending/needs_reading/U+8A00-U+8AFF/諢.json,1,
諧律,4,かいりつ,aozora_ruby,2,suspected_fragment,keep_pending,at least one example contains an independent use,,47ad7b1d-f68d-59f5-a0a4-b027054216e3,,/Users/iktahana/Genji/pending/needs_reading/U+8A00-U+8AFF/諧律.json,1,
諷唱,4,ふうしょう,aozora_ruby,1,suspected_fragment,reject_fragment,all occurrences are embedded across at least two works and authoritative dictionaries have no exact headword,,72e9c221-28d5-505a-8957-371167180758,,/Users/iktahana/Genji/pending/needs_reading/U+8A00-U+8AFF/諷唱.json,1,
諷竹,9,,,0,suspected_fragment,keep_pending,at least one example contains an independent use,,5ada3289-3615-59f3-bb1b-134678d34a3c,,/Users/iktahana/Genji/pending/needs_reading/U+8A00-U+8AFF/諷竹.json,1,
謌,7,,,0,suspected_fragment,keep_pending,single-character entries require individual review,,abfa8b10-d92d-56b5-9ab8-a023e4645938,,/Users/iktahana/Genji/pending/needs_reading/U+8B00-U+8BFF/謌.json,1,
謌集,6,,,0,suspected_fragment,reject_fragment,all occurrences are embedded across at least two works and authoritative dictionaries have no exact headword,,63ea75a1-e4ef-54ab-83de-8486d3904a68,,/Users/iktahana/Genji/pending/needs_reading/U+8B00-U+8BFF/謌集.json,1,
謔語,7,じやうだん|じょうだん,aozora_ruby,4,source_conflict,conflict,sources disagree on the complete-entry reading,,c21db752-677f-5225-8e05-c37f05387a3f,,/Users/iktahana/Genji/pending/needs_reading/U+8B00-U+8BFF/謔語.json,1,
謬忌,8,,,0,unmatched,keep_pending,no accepted complete-entry evidence,,b83f79e0-14a5-52c6-8efb-79b174266a58,,/Users/iktahana/Genji/pending/needs_reading/U+8B00-U+8BFF/謬忌.json,1,
謹之,5,,,0,suspected_fragment,reject_fragment,all occurrences are embedded across at least two works and authoritative dictionaries have no exact headword,,090ac56b-af40-533c-9e35-b5d8e42b0d17,,/Users/iktahana/Genji/pending/needs_reading/U+8B00-U+8BFF/謹之.json,1,
譌,9,いつはり|うそ|なま,aozora_ruby,3,source_conflict,conflict,sources disagree on the complete-entry reading,,0cfa2a06-6193-5e2f-b94f-dc7858ef2366,,/Users/iktahana/Genji/pending/needs_reading/U+8B00-U+8BFF/譌.json,1,
譎,14,けつ,aozora_ruby,1,suspected_fragment,keep_pending,single-character entries require individual review,,4a38d062-ed6e-5e20-a3a4-47740bb8b943,,/Users/iktahana/Genji/pending/needs_reading/U+8B00-U+8BFF/譎.json,1,
譟,14,さわ,aozora_ruby,2,suspected_fragment,keep_pending,single-character entries require individual review,,a189933e-890d-5792-9640-a06ad986239a,,/Users/iktahana/Genji/pending/needs_reading/U+8B00-U+8BFF/譟.json,1,
讌,5,うたげ,jmdict,1,suspected_fragment,keep_pending,single-character entries require individual review,,166e632f-5d15-58ad-8803-e563a89038c6,,/Users/iktahana/Genji/pending/needs_reading/U+8B00-U+8BFF/讌.json,1,
賛稱,1,,,0,suspected_fragment,keep_pending,embedded evidence is insufficient for automatic rejection,,1296145a-5fed-5bbf-bf52-0fe043f2f382,,/Users/iktahana/Genji/pending/needs_reading/U+8C00-U+8CFF/サン稱.json,1,
賛舍,7,,,0,suspected_fragment,keep_pending,embedded evidence is insufficient for automatic rejection,,f24ecfdd-300c-588e-8676-f83af0712511,,/Users/iktahana/Genji/pending/needs_reading/U+8C00-U+8CFF/サン舍.json,1,
谿々,10,たにだに,aozora_ruby,3,suspected_fragment,keep_pending,at least one example contains an independent use,,2a8a4366-c6a4-5ecb-95f3-09c95550f6c7,,/Users/iktahana/Genji/pending/needs_reading/U+8C00-U+8CFF/谿々.json,1,
豎牛,19,じゅぎゅう,aozora_ruby,1,suspected_fragment,keep_pending,at least one example contains an independent use,,be7eff51-0039-58d8-bf08-f1aaf5fc39fe,,/Users/iktahana/Genji/pending/needs_reading/U+8C00-U+8CFF/豎牛.json,1,
豢,10,か|こ|やしな,aozora_ruby,4,source_conflict,conflict,sources disagree on the complete-entry reading,,c695a828-d635-52ed-9599-9f25b4d6918d,,/Users/iktahana/Genji/pending/needs_reading/U+8C00-U+8CFF/豢.json,1,
豬肥,4,いのこご|ヰノコゴ|ヰノコヾ,aozora_ruby,4,source_conflict,conflict,sources disagree on the complete-entry reading,,91835c63-4fc7-542c-a385-39b34768d6ed,,/Users/iktahana/Genji/pending/needs_reading/U+8C00-U+8CFF/豬肥.json,1,
豺目,5,さいもく,aozora_ruby,1,suspected_fragment,reject_fragment,all occurrences are embedded across at least two works and authoritative dictionaries have no exact headword,,21fe0972-c351-5816-95f6-8683d1556ac6,,/Users/iktahana/Genji/pending/needs_reading/U+8C00-U+8CFF/豺目.json,1,
貍,6,たぬき|むじな,aozora_ruby|jmdict,3,source_conflict,conflict,sources disagree on the complete-entry reading,,8eba7cb2-f5db-5606-bfee-418a7a65ff96,,/Users/iktahana/Genji/pending/needs_reading/U+8C00-U+8CFF/貍.json,1,
貫々,10,,,0,invalid_unicode,keep_pending,a source supplied a reading containing illegal characters,,b8160091-777c-569a-a83f-41f6171316ce,,/Users/iktahana/Genji/pending/needs_reading/U+8C00-U+8CFF/貫々.json,1,
貯備,4,,,0,suspected_fragment,reject_fragment,all occurrences are embedded across at least two works and authoritative dictionaries have no exact headword,,4fef6f90-0b27-59db-a5f9-2303a70c09fd,,/Users/iktahana/Genji/pending/needs_reading/U+8C00-U+8CFF/貯備.json,1,
貼交,5,はりま,aozora_ruby,4,suspected_fragment,reject_fragment,all occurrences are embedded across at least two works and authoritative dictionaries have no exact headword,,6e66c009-6655-5ec9-9025-02ad883c5290,,/Users/iktahana/Genji/pending/needs_reading/U+8C00-U+8CFF/貼交.json,1,
貼出,17,はりだ|はりだし,aozora_ruby,11,source_conflict,conflict,sources disagree on the complete-entry reading,,b91e8892-6814-5631-8eb3-d3b405219a11,,/Users/iktahana/Genji/pending/needs_reading/U+8C00-U+8CFF/貼出.json,1,
貼菓,4,,,0,suspected_fragment,keep_pending,embedded evidence is insufficient for automatic rejection,,e8cf8a3f-a04e-56db-a7ad-ec38a9404bcc,,/Users/iktahana/Genji/pending/needs_reading/U+8C00-U+8CFF/貼菓.json,1,
貽,29,おく|のこ|ノコ,aozora_ruby,30,source_conflict,conflict,sources disagree on the complete-entry reading,,77316fbd-9521-5ea3-9e1d-606c40c5024d,,/Users/iktahana/Genji/pending/needs_reading/U+8C00-U+8CFF/貽.json,1,
賑々,4,にぎにぎ,aozora_ruby,13,invalid_unicode,keep_pending,a source supplied a reading containing illegal characters,,3ebb9453-4ccd-57a0-8039-19138dbfae32,,/Users/iktahana/Genji/pending/needs_reading/U+8C00-U+8CFF/賑々.json,1,
賚,13,たま|たまもの|たもう|もた,aozora_ruby|jmdict|jmnedict,12,source_conflict,conflict,sources disagree on the complete-entry reading,,c75d020e-7afe-5cef-b110-2c59dcda40f3,,/Users/iktahana/Genji/pending/needs_reading/U+8C00-U+8CFF/賚.json,1,
賺,25,あざむ|ごまか|す|すか|たぶらか|たら|だま|なだ,aozora_ruby,172,source_conflict,conflict,sources disagree on the complete-entry reading,,2731fefb-c88d-5201-a24d-847a6858135a,,/Users/iktahana/Genji/pending/needs_reading/U+8C00-U+8CFF/賺.json,1,
跡堙,1,,,0,suspected_fragment,keep_pending,embedded evidence is insufficient for automatic rejection,,03c14612-3ff9-5698-81e2-f67cc624856e,,/Users/iktahana/Genji/pending/needs_reading/U+8D00-U+8DFF/アト堙.json,1,
贈君,7,,,0,suspected_fragment,keep_pending,embedded evidence is insufficient for automatic rejection,,be154ecb-c542-5e0a-ad25-3b3a9402e8ae,,/Users/iktahana/Genji/pending/needs_reading/U+8D00-U+8DFF/贈君.json,1,
贈従,7,,,0,suspected_fragment,reject_fragment,all occurrences are embedded across at least two works and authoritative dictionaries have no exact headword,,abcb1130-6483-54dd-93f7-e5127519ec36,,/Users/iktahana/Genji/pending/needs_reading/U+8D00-U+8DFF/贈従.json,1,
贏,31,あま|か|かち|かちえ|にな|の|まう|もう,aozora_ruby,94,invalid_unicode,keep_pending,a source supplied a reading containing illegal characters,,0a755f53-681b-573b-a455-8e92181f4565,,/Users/iktahana/Genji/pending/needs_reading/U+8D00-U+8DFF/贏.json,1,
贔気,4,,,0,unmatched,keep_pending,no accepted complete-entry evidence,,108c0b80-0dfe-544c-b883-bbf59ae6cb5b,,/Users/iktahana/Genji/pending/needs_reading/U+8D00-U+8DFF/贔気.json,1,
贔負,196,きにいり|ひいき|びいき,aozora_ruby|jmdict,56,invalid_unicode,keep_pending,a source supplied a reading containing illegal characters,,00722f97-499e-519d-b11e-15d2542a5824,,/Users/iktahana/Genji/pending/needs_reading/U+8D00-U+8DFF/贔負.json,1,
贔顧,19,ひいき|びいき,aozora_ruby,8,source_conflict,conflict,sources disagree on the complete-entry reading,,b53672b0-d511-55d9-8467-26562f65f108,,/Users/iktahana/Genji/pending/needs_reading/U+8D00-U+8DFF/贔顧.json,1,
贖償,6,あがない,aozora_ruby,1,single_ruby,keep_pending,ruby occurs in only one distinct Aozora text file,,8ed69ec8-b078-5e18-8ba0-24f64e8cc851,,/Users/iktahana/Genji/pending/needs_reading/U+8D00-U+8DFF/贖償.json,1,
赴東,4,,,0,suspected_fragment,keep_pending,embedded evidence is insufficient for automatic rejection,,4e1dedf5-7f0c-59d5-9a3c-4967ec025221,,/Users/iktahana/Genji/pending/needs_reading/U+8D00-U+8DFF/赴東.json,1,
趁,38,お|おもむ|さん|はし|オ,aozora_ruby,91,source_conflict,conflict,sources disagree on the complete-entry reading,,22e65523-03a6-5594-a3b9-45303de27eac,,/Users/iktahana/Genji/pending/needs_reading/U+8D00-U+8DFF/趁.json,1,
超々,5,,,0,suspected_fragment,reject_fragment,all occurrences are embedded across at least two works and authoritative dictionaries have no exact headword,,5eeee7a9-264b-55d3-957f-754f8754d0e4,,/Users/iktahana/Genji/pending/needs_reading/U+8D00-U+8DFF/超々.json,1,
趨光,4,,,0,suspected_fragment,keep_pending,embedded evidence is insufficient for automatic rejection,,4b8c3f28-5db8-5391-8ed0-af5afa5d6584,,/Users/iktahana/Genji/pending/needs_reading/U+8D00-U+8DFF/趨光.json,1,
跂,6,あし|き|は|はね,aozora_ruby,5,source_conflict,conflict,sources disagree on the complete-entry reading,,d40f94c2-ce2f-5390-a020-f61413b5c96d,,/Users/iktahana/Genji/pending/needs_reading/U+8D00-U+8DFF/跂.json,1,
跖,4,あしのうら|うら,aozora_ruby,2,source_conflict,conflict,sources disagree on the complete-entry reading,,509c54d8-d7a3-5ec6-b2e8-c5155e85d87e,,/Users/iktahana/Genji/pending/needs_reading/U+8D00-U+8DFF/跖.json,1,
跟,524,あと|かかと|したが|つ|つい|よろ,aozora_ruby,359,source_conflict,conflict,sources disagree on the complete-entry reading,,0a32708c-cd37-550e-bc65-1c4a936bebc5,,/Users/iktahana/Genji/pending/needs_reading/U+8D00-U+8DFF/跟.json,1,
跫,14,あし|あしおと|アナ,aozora_ruby|jmdict,14,source_conflict,conflict,sources disagree on the complete-entry reading,,068f8d29-b151-56f7-a9ff-092f9e29e461,,/Users/iktahana/Genji/pending/needs_reading/U+8D00-U+8DFF/跫.json,1,
跫足,6,あしおと,aozora_ruby,2,suspected_fragment,reject_fragment,all occurrences are embedded across at least two works and authoritative dictionaries have no exact headword,,94485670-95bf-55f4-9942-2ead368f7206,,/Users/iktahana/Genji/pending/needs_reading/U+8D00-U+8DFF/跫足.json,1,
路々,52,みちみち,aozora_ruby,11,invalid_unicode,keep_pending,a source supplied a reading containing illegal characters,,abb180ed-4713-5d67-984d-d3f82884d3e7,,/Users/iktahana/Genji/pending/needs_reading/U+8D00-U+8DFF/路々.json,1,
践上,4,,,0,suspected_fragment,reject_fragment,all occurrences are embedded across at least two works and authoritative dictionaries have no exact headword,,711121ce-2e4a-5c60-9623-0bfa5d8f7844,,/Users/iktahana/Genji/pending/needs_reading/U+8D00-U+8DFF/践上.json,1,
軽兩,1,,,0,suspected_fragment,keep_pending,embedded evidence is insufficient for automatic rejection,,79f64243-911f-5f60-aa03-1b447ee02110,,/Users/iktahana/Genji/pending/needs_reading/U+8E00-U+8EFF/ケイ兩.json,1,
軽噪,2,はしゃ,aozora_ruby,1,suspected_fragment,reject_fragment,all occurrences are embedded across at least two works and authoritative dictionaries have no exact headword,,6eab1996-59db-5066-b008-26378242db98,,/Users/iktahana/Genji/pending/needs_reading/U+8E00-U+8EFF/ケイ噪.json,1,
軽於,1,,,0,suspected_fragment,keep_pending,embedded evidence is insufficient for automatic rejection,,ca10fe37-02b3-5138-b189-68997da3e4c1,,/Users/iktahana/Genji/pending/needs_reading/U+8E00-U+8EFF/ケイ於.json,1,
軽洒,2,,,0,suspected_fragment,reject_fragment,all occurrences are embedded across at least two works and authoritative dictionaries have no exact headword,,67f57d57-6be1-5296-a9c8-1b23ddc42959,,/Users/iktahana/Genji/pending/needs_reading/U+8E00-U+8EFF/ケイ洒.json,1,
軽而,1,,,0,unmatched,keep_pending,no accepted complete-entry evidence,,a445b54a-2404-5147-9931-09e353d3e834,,/Users/iktahana/Genji/pending/needs_reading/U+8E00-U+8EFF/ケイ而.json,1,
転寓,1,,,0,suspected_fragment,reject_fragment,all occurrences are embedded across at least two works and authoritative dictionaries have no exact headword,,41ed25ab-6514-58ce-829f-bf27e02d70f2,,/Users/iktahana/Genji/pending/needs_reading/U+8E00-U+8EFF/テン寓.json,1,
転螻,1,,,0,suspected_fragment,keep_pending,embedded evidence is insufficient for automatic rejection,,a9aa63f0-8567-55ba-997d-f9e1c6cb9784,,/Users/iktahana/Genji/pending/needs_reading/U+8E00-U+8EFF/テン螻.json,1,
踉,63,つ|よ|よろ|よろめ,aozora_ruby,32,source_conflict,conflict,sources disagree on the complete-entry reading,,163756ae-f21b-5431-9216-a5f458b3a8f5,,/Users/iktahana/Genji/pending/needs_reading/U+8E00-U+8EFF/踉.json,1,
踉々,23,しどろ|よろよろ|ろうろう,aozora_ruby,6,invalid_unicode,keep_pending,a source supplied a reading containing illegal characters,,2bc655f9-026c-56d6-bc61-daefa92d6aee,,/Users/iktahana/Genji/pending/needs_reading/U+8E00-U+8EFF/踉々.json,1,
踏処,5,ふみど|ふみどころ,aozora_ruby,3,source_conflict,conflict,sources disagree on the complete-entry reading,,a577abe0-e8d9-56e3-b1f9-1a6663a2fa55,,/Users/iktahana/Genji/pending/needs_reading/U+8E00-U+8EFF/踏処.json,1,
踏反,7,ふんぞ,aozora_ruby,8,suspected_fragment,reject_fragment,all occurrences are embedded across at least two works and authoritative dictionaries have no exact headword,,8b0cc59a-2f6c-5f39-87e7-c2c20d718781,,/Users/iktahana/Genji/pending/needs_reading/U+8E00-U+8EFF/踏反.json,1,
踏夫,27,,,0,suspected_fragment,keep_pending,embedded evidence is insufficient for automatic rejection,,7cd2aebe-a0a4-5343-b30c-231f60ed17cf,,/Users/iktahana/Genji/pending/needs_reading/U+8E00-U+8EFF/踏夫.json,1,
踏心,6,ふみごころ,aozora_ruby,1,suspected_fragment,keep_pending,at least one example contains an independent use,,3ecacad8-9c0d-58b8-a3a6-2c3f42e7859c,,/Users/iktahana/Genji/pending/needs_reading/U+8E00-U+8EFF/踏心.json,1,
踏揚,4,,,0,unmatched,keep_pending,no accepted complete-entry evidence,,473d3645-79bc-5eb2-b079-6f58706a4544,,/Users/iktahana/Genji/pending/needs_reading/U+8E00-U+8EFF/踏揚.json,1,
踏止,7,ふみと|ふみとど|ふみとどま|ふみとま|ふみとゞま|ふみど,aozora_ruby,12,source_conflict,conflict,sources disagree on the complete-entry reading,,2560204f-0236-5dfa-bc5a-47414c3e5a3b,,/Users/iktahana/Genji/pending/needs_reading/U+8E00-U+8EFF/踏止.json,1,
踏殺,13,ふみころ,aozora_ruby,2,suspected_fragment,reject_fragment,all occurrences are embedded across at least two works and authoritative dictionaries have no exact headword,,c634d334-086f-5451-bf1c-6c1e3bd781f4,,/Users/iktahana/Genji/pending/needs_reading/U+8E00-U+8EFF/踏殺.json,1,
踏消,4,,,0,suspected_fragment,reject_fragment,all occurrences are embedded across at least two works and authoritative dictionaries have no exact headword,,693dd084-a0db-505f-bf71-cb5a9ae52cba,,/Users/iktahana/Genji/pending/needs_reading/U+8E00-U+8EFF/踏消.json,1,
踏留,20,ふみと|ふみとど|ふみとどま|ふみとま|ふみとゞ|ふみとゞま,aozora_ruby,16,source_conflict,conflict,sources disagree on the complete-entry reading,,e746af2f-b1df-5c38-a087-d7dcaabb9e7d,,/Users/iktahana/Genji/pending/needs_reading/U+8E00-U+8EFF/踏留.json,1,
踏落,4,,,0,suspected_fragment,reject_fragment,all occurrences are embedded across at least two works and authoritative dictionaries have no exact headword,,72a8764c-d680-506a-ab05-72b3245b4796,,/Users/iktahana/Genji/pending/needs_reading/U+8E00-U+8EFF/踏落.json,1,
踏迷,4,ふみまよ,aozora_ruby,5,suspected_fragment,reject_fragment,all occurrences are embedded across at least two works and authoritative dictionaries have no exact headword,,381ba36a-6475-56d9-99d9-ba2f69ec7064,,/Users/iktahana/Genji/pending/needs_reading/U+8E00-U+8EFF/踏迷.json,1,
踞坐,5,きょざ|こざ,aozora_ruby,4,source_conflict,conflict,sources disagree on the complete-entry reading,,1746303d-e140-5f90-b9c5-e147d2bf30bd,,/Users/iktahana/Genji/pending/needs_reading/U+8E00-U+8EFF/踞坐.json,1,
踟,20,,,0,suspected_fragment,keep_pending,single-character entries require individual review,,0bee78d6-1a06-5c09-998b-78bb8f51e097,,/Users/iktahana/Genji/pending/needs_reading/U+8E00-U+8EFF/踟.json,1,
踰,53,こ|こえ|こゆ,aozora_ruby,136,source_conflict,conflict,sources disagree on the complete-entry reading,,ebd2b061-34c5-5718-9a02-c0d82a064f5c,,/Users/iktahana/Genji/pending/needs_reading/U+8E00-U+8EFF/踰.json,1,
踴,42,おど|おどり|をど,aozora_ruby,13,source_conflict,conflict,sources disagree on the complete-entry reading,,772c7925-8859-577f-a227-ef61afbde1cc,,/Users/iktahana/Genji/pending/needs_reading/U+8E00-U+8EFF/踴.json,1,
踴躍,34,こおどり|ゆうやく|ゆやく|ようやく|ユヤク,aozora_ruby,10,source_conflict,conflict,sources disagree on the complete-entry reading,,52ae4ef7-d0e6-5d7d-905c-80ddefeb9cad,,/Users/iktahana/Genji/pending/needs_reading/U+8E00-U+8EFF/踴躍.json,1,
蹈,643,ふ|ふま|ふみ|ふむ|ふん|ぶ|フ,aozora_ruby,117,invalid_unicode,keep_pending,a source supplied a reading containing illegal characters,,5b4f05f4-8fd9-5ed0-a50f-79feee297e0d,,/Users/iktahana/Genji/pending/needs_reading/U+8E00-U+8EFF/蹈.json,1,
蹈会,4,,,0,suspected_fragment,reject_fragment,all occurrences are embedded across at least two works and authoritative dictionaries have no exact headword,,cccda17e-9c91-518c-9fed-09aa47876fa2,,/Users/iktahana/Genji/pending/needs_reading/U+8E00-U+8EFF/蹈会.json,1,
蹈出,5,ふみだ,aozora_ruby,4,suspected_fragment,reject_fragment,all occurrences are embedded across at least two works and authoritative dictionaries have no exact headword,,7986e973-0a87-5f34-9f13-1099620e9586,,/Users/iktahana/Genji/pending/needs_reading/U+8E00-U+8EFF/蹈出.json,1,
蹈場,4,,,0,suspected_fragment,reject_fragment,all occurrences are embedded across at least two works and authoritative dictionaries have no exact headword,,2af0e0b5-1f9a-5a90-8ff6-94000b612341,,/Users/iktahana/Genji/pending/needs_reading/U+8E00-U+8EFF/蹈場.json,1,
蹈外,6,ふみはず|ふみはづ,aozora_ruby,4,source_conflict,conflict,sources disagree on the complete-entry reading,,59e585ea-0320-56f5-88c9-c59df201ba7c,,/Users/iktahana/Genji/pending/needs_reading/U+8E00-U+8EFF/蹈外.json,1,
蹈天,6,,,0,suspected_fragment,reject_fragment,all occurrences are embedded across at least two works and authoritative dictionaries have no exact headword,,4860c329-250c-5aa6-97af-9cbb9d15eb3a,,/Users/iktahana/Genji/pending/needs_reading/U+8E00-U+8EFF/蹈天.json,1,
蹈段,4,ふみだん,aozora_ruby,1,single_ruby,keep_pending,ruby occurs in only one distinct Aozora text file,,af01469f-7919-5a96-972b-d2573a745f43,,/Users/iktahana/Genji/pending/needs_reading/U+8E00-U+8EFF/蹈段.json,1,
蹈石,4,,,0,suspected_fragment,keep_pending,embedded evidence is insufficient for automatic rejection,,c8b8c68b-8f16-5f15-8808-a4de0a3c9243,,/Users/iktahana/Genji/pending/needs_reading/U+8E00-U+8EFF/蹈石.json,1,
蹈込,7,ふみこ|ふみこみ|ふんご,aozora_ruby,7,source_conflict,conflict,sources disagree on the complete-entry reading,,39c96a61-fe82-5afb-bada-15abd71addff,,/Users/iktahana/Genji/pending/needs_reading/U+8E00-U+8EFF/蹈込.json,1,
蹌,99,うご|うづく|ひょろ|よ|よろ|よろけ|よろぼ|よろめ,aozora_ruby,53,source_conflict,conflict,sources disagree on the complete-entry reading,,1251bc97-2a17-59fe-ac8e-51da71ac6799,,/Users/iktahana/Genji/pending/needs_reading/U+8E00-U+8EFF/蹌.json,1,
蹐,4,しゃが|しゃがん|せくゞ,aozora_ruby,3,source_conflict,conflict,sources disagree on the complete-entry reading,,57fde505-4dee-55cb-a5b1-42541d296aa2,,/Users/iktahana/Genji/pending/needs_reading/U+8E00-U+8EFF/蹐.json,1,
蹙,18,いざり|いた|きはま|しか|しが|しじ|しじま|しぼ|しゞ|すく|せ|せば|せばま|せま|ちぢ|ちゞ|つま|ひそ,aozora_ruby,77,source_conflict,conflict,sources disagree on the complete-entry reading,,466b5be9-474a-5284-9186-fe7e884bfbf7,,/Users/iktahana/Genji/pending/needs_reading/U+8E00-U+8EFF/蹙.json,1,
蹴押,4,けお,aozora_ruby,2,suspected_fragment,reject_fragment,all occurrences are embedded across at least two works and authoritative dictionaries have no exact headword,,341de33b-84be-5b9d-948d-a843cfbf79cb,,/Users/iktahana/Genji/pending/needs_reading/U+8E00-U+8EFF/蹴押.json,1,
蹴散,19,けち|けちら,aozora_ruby,36,source_conflict,conflict,sources disagree on the complete-entry reading,,f9a74dcd-7f45-54a1-927f-5aca01ab59a4,,/Users/iktahana/Genji/pending/needs_reading/U+8E00-U+8EFF/蹴散.json,1,
蹴破,21,けやぶ|しゅうは,aozora_ruby,23,source_conflict,conflict,sources disagree on the complete-entry reading,,59f1a149-b71b-5923-88a8-1f79d5b7fe90,,/Users/iktahana/Genji/pending/needs_reading/U+8E00-U+8EFF/蹴破.json,1,
蹴立,12,けた|けたて|けだ,aozora_ruby,32,source_conflict,conflict,sources disagree on the complete-entry reading,,0e81a15d-8073-5b00-b017-54d4a3a6c57c,,/Users/iktahana/Genji/pending/needs_reading/U+8E00-U+8EFF/蹴立.json,1,
蹴起,8,けお|けおこ|けっき,aozora_ruby,3,source_conflict,conflict,sources disagree on the complete-entry reading,,76535a23-f22a-51ae-a379-ea962a8217c8,,/Users/iktahana/Genji/pending/needs_reading/U+8E00-U+8EFF/蹴起.json,1,
蹴躓,5,けつま|けつまず|けつまづ,aozora_ruby,18,source_conflict,conflict,sources disagree on the complete-entry reading,,c0071043-ba4a-5cd7-b6a6-4ec6fe8cb368,,/Users/iktahana/Genji/pending/needs_reading/U+8E00-U+8EFF/蹴躓.json,1,
蹴離,5,,,0,suspected_fragment,reject_fragment,all occurrences are embedded across at least two works and authoritative dictionaries have no exact headword,,8e698335-54e8-5323-89f4-c0aa937f5c2b,,/Users/iktahana/Genji/pending/needs_reading/U+8E00-U+8EFF/蹴離.json,1,
蹶落,9,けおと|ケオト,aozora_ruby,2,source_conflict,conflict,sources disagree on the complete-entry reading,,82d8ab41-e7a6-58a7-a52e-393968f36b66,,/Users/iktahana/Genji/pending/needs_reading/U+8E00-U+8EFF/蹶落.json,1,
躅,4,,,0,suspected_fragment,keep_pending,single-character entries require individual review,,a5f384af-0d72-5751-9278-5b4ab707f0e1,,/Users/iktahana/Genji/pending/needs_reading/U+8E00-U+8EFF/躅.json,1,
躇,34,ため|ためら|ちうちよ|ちゅうちょ|ちゆうちよ|ちょ,aozora_ruby,16,invalid_unicode,keep_pending,a source supplied a reading containing illegal characters,,5360dc0b-e7cf-5970-9c65-ce871190ea0d,,/Users/iktahana/Genji/pending/needs_reading/U+8E00-U+8EFF/躇.json,1,
躊,62,た|たじろ|ため|ためら|ひる|まよ,aozora_ruby,41,source_conflict,conflict,sources disagree on the complete-entry reading,,95994267-3817-53d5-9e8f-91d40e72782b,,/Users/iktahana/Genji/pending/needs_reading/U+8E00-U+8EFF/躊.json,1,
躋,11,いた|こ|のぼ,aozora_ruby,6,source_conflict,conflict,sources disagree on the complete-entry reading,,5353f121-4ca4-55e6-8224-ebc5ca13022d,,/Users/iktahana/Genji/pending/needs_reading/U+8E00-U+8EFF/躋.json,1,
躋寿,63,,,0,suspected_fragment,keep_pending,embedded evidence is insufficient for automatic rejection,,1a4245cc-30fc-5ca1-87b8-3f6d5cf42e5c,,/Users/iktahana/Genji/pending/needs_reading/U+8E00-U+8EFF/躋寿.json,1,
躍々,8,やくやく,aozora_ruby,1,suspected_fragment,keep_pending,at least one example contains an independent use,,7570b419-bf3e-5f1c-9f81-c50d223d858c,,/Users/iktahana/Genji/pending/needs_reading/U+8E00-U+8EFF/躍々.json,1,
躍上,13,おどりあが|おどりあがっ|をどりあ|をどりあが|をどりあがつ,aozora_ruby,15,source_conflict,conflict,sources disagree on the complete-entry reading,,24e2e74d-f026-5464-b371-3597d9cda27e,,/Users/iktahana/Genji/pending/needs_reading/U+8E00-U+8EFF/躍上.json,1,
躍入,4,おどりい|をどりい,aozora_ruby,2,source_conflict,conflict,sources disagree on the complete-entry reading,,a3c14c55-306b-554a-8add-7200a5a0e21e,,/Users/iktahana/Genji/pending/needs_reading/U+8E00-U+8EFF/躍入.json,1,
躍気,61,やくき|やっき,aozora_ruby,18,source_conflict,conflict,sources disagree on the complete-entry reading,,5daca991-e965-535f-bdad-81e20334a502,,/Users/iktahana/Genji/pending/needs_reading/U+8E00-U+8EFF/躍気.json,1,
躍込,4,おどりこ|をどりこ,aozora_ruby,6,source_conflict,conflict,sources disagree on the complete-entry reading,,f72dbcac-ba07-52ca-8afa-23648f31a54d,,/Users/iktahana/Genji/pending/needs_reading/U+8E00-U+8EFF/躍込.json,1,
躙,18,にじ|にじり,aozora_ruby,78,source_conflict,conflict,sources disagree on the complete-entry reading,,d5e358ac-d6ff-5fee-b05e-fb5f44fe04ec,,/Users/iktahana/Genji/pending/needs_reading/U+8E00-U+8EFF/躙.json,1,
躡,39,お|つ|つけ|ふ,aozora_ruby,13,source_conflict,conflict,sources disagree on the complete-entry reading,,490436d7-80f8-5c1a-904b-7bbb4065b890,,/Users/iktahana/Genji/pending/needs_reading/U+8E00-U+8EFF/躡.json,1,
身々,4,,,0,suspected_fragment,keep_pending,at least one example contains an independent use,,16911af3-08b8-5646-acf0-f0e12e3a6711,,/Users/iktahana/Genji/pending/needs_reading/U+8E00-U+8EFF/身々.json,1,
躱,22,か|かく|かは|かぼ|かわ|さ,aozora_ruby,117,source_conflict,conflict,sources disagree on the complete-entry reading,,82fb95e8-8769-50ee-8322-a87f07c9b6c7,,/Users/iktahana/Genji/pending/needs_reading/U+8E00-U+8EFF/躱.json,1,
軆,8,,,0,suspected_fragment,keep_pending,single-character entries require individual review,,a3edc86a-2b2b-5425-9833-3b272309ce98,,/Users/iktahana/Genji/pending/needs_reading/U+8E00-U+8EFF/軆.json,1,
軈,10,には|や|やが|やがて|ヤガ,aozora_ruby,186,source_conflict,conflict,sources disagree on the complete-entry reading,,1642964d-89be-5edd-90c7-b2beac1ae7c4,,/Users/iktahana/Genji/pending/needs_reading/U+8E00-U+8EFF/軈.json,1,
軋々,6,きつきつ|ぎいぎい|ぎしぎし|ぎーいぎーい,aozora_ruby,5,source_conflict,conflict,sources disagree on the complete-entry reading,,37ff9e72-9013-5cc1-82df-61c0ba5a6d2d,,/Users/iktahana/Genji/pending/needs_reading/U+8E00-U+8EFF/軋々.json,1,
軍々,29,,,0,suspected_fragment,reject_fragment,all occurrences are embedded across at least two works and authoritative dictionaries have no exact headword,,b07fc607-0ef8-5cd3-8546-0339d596ab1d,,/Users/iktahana/Genji/pending/needs_reading/U+8E00-U+8EFF/軍々.json,1,
軒々,14,,,0,invalid_unicode,keep_pending,a source supplied a reading containing illegal characters,,5c28e689-802c-50c2-9a5c-71bc341678f5,,/Users/iktahana/Genji/pending/needs_reading/U+8E00-U+8EFF/軒々.json,1,
辺云,1,,,0,suspected_fragment,reject_fragment,all occurrences are embedded across at least two works and authoritative dictionaries have no exact headword,,f8bcd1c0-1008-5a14-8a1c-eb8bd628f6b1,,/Users/iktahana/Genji/pending/needs_reading/U+8F00-U+8FFF/ヘン云.json,1,
辺憚,1,,,0,suspected_fragment,reject_fragment,all occurrences are embedded across at least two works and authoritative dictionaries have no exact headword,,44aea34e-e808-57df-aed5-444354a4b482,,/Users/iktahana/Genji/pending/needs_reading/U+8F00-U+8FFF/ヘン憚.json,1,
辺曠,1,,,0,unmatched,keep_pending,no accepted complete-entry evidence,,3fd52185-afdd-5bd1-b837-dfcc43b3d793,,/Users/iktahana/Genji/pending/needs_reading/U+8F00-U+8FFF/ヘン曠.json,1,
辺送,2,,,0,suspected_fragment,reject_fragment,all occurrences are embedded across at least two works and authoritative dictionaries have no exact headword,,faba018c-b3cf-51fb-86ec-4f1dd8de377a,,/Users/iktahana/Genji/pending/needs_reading/U+8F00-U+8FFF/ヘン送.json,1,
辺陌,1,,,0,suspected_fragment,keep_pending,embedded evidence is insufficient for automatic rejection,,6b405795-4240-5c77-ae1b-ebca52909d32,,/Users/iktahana/Genji/pending/needs_reading/U+8F00-U+8FFF/ヘン陌.json,1,
辺鵆,1,,,0,unmatched,keep_pending,no accepted complete-entry evidence,,89eda078-048d-5565-812c-ed476d55e014,,/Users/iktahana/Genji/pending/needs_reading/U+8F00-U+8FFF/ヘン鵆.json,1,
較々,12,ほゞ|やや|やゝ,aozora_ruby,5,source_conflict,conflict,sources disagree on the complete-entry reading,,c03d8ae9-35fc-5416-b0ab-cff29e687336,,/Users/iktahana/Genji/pending/needs_reading/U+8F00-U+8FFF/較々.json,1,
輅,49,くるま,aozora_ruby,1,suspected_fragment,keep_pending,single-character entries require individual review,,1a61a32a-767e-572d-80bf-6f2e336bfcf6,,/Users/iktahana/Genji/pending/needs_reading/U+8F00-U+8FFF/輅.json,1,
載一,7,,,0,suspected_fragment,reject_fragment,all occurrences are embedded across at least two works and authoritative dictionaries have no exact headword,,f65aec85-449c-5dab-ac2f-c187ffe55297,,/Users/iktahana/Genji/pending/needs_reading/U+8F00-U+8FFF/載一.json,1,
載升,4,,,0,suspected_fragment,keep_pending,embedded evidence is insufficient for automatic rejection,,e12e52b0-52ef-5ed2-b4c4-95260ea3bafa,,/Users/iktahana/Genji/pending/needs_reading/U+8F00-U+8FFF/載升.json,1,
載降,5,,,0,suspected_fragment,keep_pending,embedded evidence is insufficient for automatic rejection,,a36a14dd-5834-5408-94ca-8b3be4a328e2,,/Users/iktahana/Genji/pending/needs_reading/U+8F00-U+8FFF/載降.json,1,
輒,25,すなは|すなはち|すなわ|たやす|ちょう|てふ,aozora_ruby,20,source_conflict,conflict,sources disagree on the complete-entry reading,,0c5d7b21-fb8f-5eb6-9339-cf85d449e890,,/Users/iktahana/Genji/pending/needs_reading/U+8F00-U+8FFF/輒.json,1,
輓具,18,,,0,unmatched,keep_pending,no accepted complete-entry evidence,,cd0fd519-f34e-513a-ac4e-b50d2523d8a0,,/Users/iktahana/Genji/pending/needs_reading/U+8F00-U+8FFF/輓具.json,1,
輓回,7,ばんかい,aozora_ruby,6,suspected_fragment,reject_fragment,all occurrences are embedded across at least two works and authoritative dictionaries have no exact headword,,f8301cd9-368c-56db-bac9-389bbc66c7c6,,/Users/iktahana/Genji/pending/needs_reading/U+8F00-U+8FFF/輓回.json,1,
輓革,30,,,0,unmatched,keep_pending,no accepted complete-entry evidence,,7dca8d04-8566-5d32-947a-d94ea42dc879,,/Users/iktahana/Genji/pending/needs_reading/U+8F00-U+8FFF/輓革.json,1,
輙,52,すなは|すなはち|すなわ|すなわち|たやす|やや|タチマ|タヤス,aozora_ruby,23,source_conflict,conflict,sources disagree on the complete-entry reading,,f536c6de-c46d-5083-9f1d-e6d31da3c9ec,,/Users/iktahana/Genji/pending/needs_reading/U+8F00-U+8FFF/輙.json,1,
輟,16,とゞ|や|やみ,aozora_ruby,12,source_conflict,conflict,sources disagree on the complete-entry reading,,5977ce50-c308-5c0c-a72e-094a48381af7,,/Users/iktahana/Genji/pending/needs_reading/U+8F00-U+8FFF/輟.json,1,
輳,5,あつ|あつま,aozora_ruby,5,source_conflict,conflict,sources disagree on the complete-entry reading,,edd80c40-e0cb-5d9b-8044-f8052c29ab1f,,/Users/iktahana/Genji/pending/needs_reading/U+8F00-U+8FFF/輳.json,1,
輸廓,4,りんくわく,aozora_ruby,1,single_ruby,keep_pending,ruby occurs in only one distinct Aozora text file,,f79ec29b-01c1-5473-ae7b-f6a3fdd99309,,/Users/iktahana/Genji/pending/needs_reading/U+8F00-U+8FFF/輸廓.json,1,
輸車,5,,,0,suspected_fragment,reject_fragment,all occurrences are embedded across at least two works and authoritative dictionaries have no exact headword,,e641d608-4cf7-51d9-8949-87d757359262,,/Users/iktahana/Genji/pending/needs_reading/U+8F00-U+8FFF/輸車.json,1,
轢轆,4,れきろく,aozora_ruby,1,suspected_fragment,reject_fragment,all occurrences are embedded across at least two works and authoritative dictionaries have no exact headword,,9d40dbfa-99e5-58e2-952c-7354f78f6f2b,,/Users/iktahana/Genji/pending/needs_reading/U+8F00-U+8FFF/轢轆.json,1,
轢音,10,れきおん,aozora_ruby,7,suspected_fragment,keep_pending,at least one example contains an independent use,,a9b87470-0563-53da-b217-1563e64360c8,,/Users/iktahana/Genji/pending/needs_reading/U+8F00-U+8FFF/轢音.json,1,
轣音,5,れきおん,aozora_ruby,1,suspected_fragment,keep_pending,at least one example contains an independent use,,7397bb81-0a0c-5c42-97b8-68087ee815dc,,/Users/iktahana/Genji/pending/needs_reading/U+8F00-U+8FFF/轣音.json,1,
辜鴻,11,,,0,suspected_fragment,reject_fragment,all occurrences are embedded across at least two works and authoritative dictionaries have no exact headword,,494f547b-430b-56af-aaed-27fdee962e7b,,/Users/iktahana/Genji/pending/needs_reading/U+8F00-U+8FFF/辜鴻.json,1,
辟囚,6,,,0,suspected_fragment,keep_pending,embedded evidence is insufficient for automatic rejection,,7af1b123-917b-584d-b1c4-59c5b74a5e37,,/Users/iktahana/Genji/pending/needs_reading/U+8F00-U+8FFF/辟囚.json,1,
辧,4,,,0,suspected_fragment,keep_pending,single-character entries require individual review,,94ab34cc-319f-5b22-9b0b-7422a3e63c08,,/Users/iktahana/Genji/pending/needs_reading/U+8F00-U+8FFF/辧.json,1,
辮,5,あ,aozora_ruby,1,suspected_fragment,keep_pending,single-character entries require individual review,,32a2f00c-95b1-58be-9cf2-626803c47d1b,,/Users/iktahana/Genji/pending/needs_reading/U+8F00-U+8FFF/辮.json,1,
迂余,14,,,0,suspected_fragment,reject_fragment,all occurrences are embedded across at least two works and authoritative dictionaries have no exact headword,,fd53bd58-86f6-5109-b9ff-899543145484,,/Users/iktahana/Genji/pending/needs_reading/U+8F00-U+8FFF/迂余.json,1,
迂作,8,,,0,unmatched,keep_pending,no accepted complete-entry evidence,,e2839b05-06df-5280-a45b-78ee31a1ed2e,,/Users/iktahana/Genji/pending/needs_reading/U+8F00-U+8FFF/迂作.json,1,
迂参,5,,,0,suspected_fragment,reject_fragment,all occurrences are embedded across at least two works and authoritative dictionaries have no exact headword,,a07505e5-60c9-50e2-80ab-1ae1757e0a1d,,/Users/iktahana/Genji/pending/needs_reading/U+8F00-U+8FFF/迂参.json,1,
迂囘,12,うくわい,aozora_ruby,2,suspected_fragment,reject_fragment,all occurrences are embedded across at least two works and authoritative dictionaries have no exact headword,,d13d556f-b1f5-58d1-82c7-cc319565a2da,,/Users/iktahana/Genji/pending/needs_reading/U+8F00-U+8FFF/迂囘.json,1,
迂図,4,,,0,suspected_fragment,reject_fragment,all occurrences are embedded across at least two works and authoritative dictionaries have no exact headword,,5449c44a-0076-59de-b346-c382a9729bf7,,/Users/iktahana/Genji/pending/needs_reading/U+8F00-U+8FFF/迂図.json,1,
迂多,6,,,0,suspected_fragment,reject_fragment,all occurrences are embedded across at least two works and authoritative dictionaries have no exact headword,,e5eb4fdc-309a-5ca9-bf89-b430daba64af,,/Users/iktahana/Genji/pending/needs_reading/U+8F00-U+8FFF/迂多.json,1,
迂巷,6,うこう,aozora_ruby|jmnedict,2,suspected_fragment,keep_pending,at least one example contains an independent use,,f9ab1ec1-06a1-5752-90c8-b185e50a8c6a,,/Users/iktahana/Genji/pending/needs_reading/U+8F00-U+8FFF/迂巷.json,1,
迂散,50,うさん,aozora_ruby|jmdict,26,suspected_fragment,keep_pending,at least one example contains an independent use,,aeeb0d51-e615-5b50-ad36-644573be899b,,/Users/iktahana/Genji/pending/needs_reading/U+8F00-U+8FFF/迂散.json,1,
迂滑,4,,,0,unmatched,keep_pending,no accepted complete-entry evidence,,687608fe-7e7a-5ec2-8aeb-d5e18c389cf2,,/Users/iktahana/Genji/pending/needs_reading/U+8F00-U+8FFF/迂滑.json,1,
返々,6,かえすがえす,aozora_ruby,1,invalid_unicode,keep_pending,a source supplied a reading containing illegal characters,,254d3ba9-a06e-517a-8178-90a1c4210230,,/Users/iktahana/Genji/pending/needs_reading/U+8F00-U+8FFF/返々.json,1,
迢,7,たかし|はる|はるか,aozora_ruby|jmnedict,3,source_conflict,conflict,sources disagree on the complete-entry reading,,9e9a2d99-837a-56f7-8ec4-5351faa57943,,/Users/iktahana/Genji/pending/needs_reading/U+8F00-U+8FFF/迢.json,1,
迢々,5,ちょうちょう|はるか,aozora_ruby,2,source_conflict,conflict,sources disagree on the complete-entry reading,,cf37992e-f752-5c46-8af4-98130a699198,,/Users/iktahana/Genji/pending/needs_reading/U+8F00-U+8FFF/迢々.json,1,
迥,22,ずっ|はる|はるか,aozora_ruby,16,source_conflict,conflict,sources disagree on the complete-entry reading,,ee3a9b93-07b7-529e-938e-232ea5325ac7,,/Users/iktahana/Genji/pending/needs_reading/U+8F00-U+8FFF/迥.json,1,
迦,139,せいたか|コンガラセイタカ,aozora_ruby,4,source_conflict,conflict,sources disagree on the complete-entry reading,,ea020cfa-8c53-5040-960d-cae2d6f1ebbe,,/Users/iktahana/Genji/pending/needs_reading/U+8F00-U+8FFF/迦.json,1,
迦久,5,かく,aozora_ruby,1,single_ruby,keep_pending,ruby occurs in only one distinct Aozora text file,,9914d789-56a6-54eb-a6a9-971d02e7247b,,/Users/iktahana/Genji/pending/needs_reading/U+8F00-U+8FFF/迦久.json,1,
迦具,6,,,0,suspected_fragment,keep_pending,at least one example contains an independent use,,7b452a8b-f9d2-5680-a3bb-558823514a74,,/Users/iktahana/Genji/pending/needs_reading/U+8F00-U+8FFF/迦具.json,1,
迦夷,36,,,0,suspected_fragment,keep_pending,embedded evidence is insufficient for automatic rejection,,8ba72328-914e-55b7-8732-df45f63226fb,,/Users/iktahana/Genji/pending/needs_reading/U+8F00-U+8FFF/迦夷.json,1,
迦様,10,,,0,suspected_fragment,reject_fragment,all occurrences are embedded across at least two works and authoritative dictionaries have no exact headword,,76dd2bdb-8519-578a-9274-a2dce5f85ad6,,/Users/iktahana/Genji/pending/needs_reading/U+8F00-U+8FFF/迦様.json,1,
迦流,9,,,0,suspected_fragment,reject_fragment,all occurrences are embedded across at least two works and authoritative dictionaries have no exact headword,,07e0c895-1984-5b36-b297-0a3deb3defa4,,/Users/iktahana/Genji/pending/needs_reading/U+8F00-U+8FFF/迦流.json,1,
迦王,7,,,0,suspected_fragment,reject_fragment,all occurrences are embedded across at least two works and authoritative dictionaries have no exact headword,,c220be49-12cc-5f61-9417-78e198d73dd5,,/Users/iktahana/Genji/pending/needs_reading/U+8F00-U+8FFF/迦王.json,1,
迦畢,8,,,0,suspected_fragment,reject_fragment,all occurrences are embedded across at least two works and authoritative dictionaries have no exact headword,,0e13f115-682c-56f1-bce4-b81d9a8c8f41,,/Users/iktahana/Genji/pending/needs_reading/U+8F00-U+8FFF/迦畢.json,1,
迦蘭,4,,,0,suspected_fragment,keep_pending,embedded evidence is insufficient for automatic rejection,,439cdf96-3ae7-5fdd-aa8e-a225e217b7aa,,/Users/iktahana/Genji/pending/needs_reading/U+8F00-U+8FFF/迦蘭.json,1,
迫々,4,おいおい,aozora_ruby,1,suspected_fragment,reject_fragment,all occurrences are embedded across at least two works and authoritative dictionaries have no exact headword,,bedf73ab-fcc1-5403-bab4-1e38f2f5dd17,,/Users/iktahana/Genji/pending/needs_reading/U+8F00-U+8FFF/迫々.json,1,
迭香,8,,,0,suspected_fragment,reject_fragment,all occurrences are embedded across at least two works and authoritative dictionaries have no exact headword,,e9d22aae-bf4a-55cd-b6cb-6c873aed084e,,/Users/iktahana/Genji/pending/needs_reading/U+8F00-U+8FFF/迭香.json,1,
迯,55,そ|に|にが|にぐ|にげ|にげる|のが,aozora_ruby,28,source_conflict,conflict,sources disagree on the complete-entry reading,,e103b4af-3ff8-5b48-99de-ec6c5bd462d4,,/Users/iktahana/Genji/pending/needs_reading/U+8F00-U+8FFF/迯.json,1,
迯出,9,にげいだ|にげいづ|にげいで|にげだ,aozora_ruby,4,source_conflict,conflict,sources disagree on the complete-entry reading,,2698813f-0a82-5b2b-8e88-167014e52fd7,,/Users/iktahana/Genji/pending/needs_reading/U+8F00-U+8FFF/迯出.json,1,
迯行,8,にげゆき|にげゆく,aozora_ruby,2,source_conflict,conflict,sources disagree on the complete-entry reading,,53dcced1-1c7d-55c5-8af0-ee3e3d2b1cea,,/Users/iktahana/Genji/pending/needs_reading/U+8F00-U+8FFF/迯行.json,1,
述異,7,,,0,suspected_fragment,reject_fragment,all occurrences are embedded across at least two works and authoritative dictionaries have no exact headword,,16fb2ac0-389e-55bc-9a65-d25ff14fc0f7,,/Users/iktahana/Genji/pending/needs_reading/U+8F00-U+8FFF/述異.json,1,
述者,4,,,0,suspected_fragment,keep_pending,at least one example contains an independent use,,497ca1d5-a686-5c0c-99f8-35266b1ed80e,,/Users/iktahana/Genji/pending/needs_reading/U+8F00-U+8FFF/述者.json,1,
迴,4,はざま,jmnedict,1,suspected_fragment,keep_pending,single-character entries require individual review,,6267c5ff-7640-5b67-a7dd-7fb40adfca49,,/Users/iktahana/Genji/pending/needs_reading/U+8F00-U+8FFF/迴.json,1,
迹迹,9,,,0,suspected_fragment,reject_fragment,all occurrences are embedded across at least two works and authoritative dictionaries have no exact headword,,eef04a90-ada9-5e29-9e7f-6724cc41d536,,/Users/iktahana/Genji/pending/needs_reading/U+8F00-U+8FFF/迹迹.json,1,
遅摩,20,,,0,suspected_fragment,reject_fragment,all occurrences are embedded across at least two works and authoritative dictionaries have no exact headword,,7eba5780-bd98-5235-a950-e40091184c6d,,/Users/iktahana/Genji/pending/needs_reading/U+9000-U+90FF/オソ摩.json,1,
遅歸,1,,,0,suspected_fragment,keep_pending,embedded evidence is insufficient for automatic rejection,,9ae5e824-29f2-571c-b0a7-9973c170a76f,,/Users/iktahana/Genji/pending/needs_reading/U+9000-U+90FF/オソ歸.json,1,
送之,4,,,0,suspected_fragment,reject_fragment,all occurrences are embedded across at least two works and authoritative dictionaries have no exact headword,,c362053c-cbe4-520f-ba41-874d7922a09c,,/Users/iktahana/Genji/pending/needs_reading/U+9000-U+90FF/送之.json,1,
送候,6,,,0,suspected_fragment,reject_fragment,all occurrences are embedded across at least two works and authoritative dictionaries have no exact headword,,ec60b801-0590-59aa-8547-a0fb5a227710,,/Users/iktahana/Genji/pending/needs_reading/U+9000-U+90FF/送候.json,1,
送嫁,5,そうか,aozora_ruby,1,suspected_fragment,keep_pending,at least one example contains an independent use,,e8be939d-4fa3-5b38-bf93-dae4662173e6,,/Users/iktahana/Genji/pending/needs_reading/U+9000-U+90FF/送嫁.json,1,
送局,10,,,0,suspected_fragment,reject_fragment,all occurrences are embedded across at least two works and authoritative dictionaries have no exact headword,,2579ccf3-731c-51b3-b6a8-805e88c1e1a0,,/Users/iktahana/Genji/pending/needs_reading/U+9000-U+90FF/送局.json,1,
送影,43,,,0,suspected_fragment,reject_fragment,all occurrences are embedded across at least two works and authoritative dictionaries have no exact headword,,6f7f0c86-4c27-5347-aaa9-a1b211af1fdb,,/Users/iktahana/Genji/pending/needs_reading/U+9000-U+90FF/送影.json,1,
送申,4,,,0,suspected_fragment,reject_fragment,all occurrences are embedded across at least two works and authoritative dictionaries have no exact headword,,bc7f9d97-6910-5884-ac62-f308dce9cd31,,/Users/iktahana/Genji/pending/needs_reading/U+9000-U+90FF/送申.json,1,
送被,4,,,0,suspected_fragment,reject_fragment,all occurrences are embedded across at least two works and authoritative dictionaries have no exact headword,,423a0b7e-065f-54e8-9ceb-b96914b8d61d,,/Users/iktahana/Genji/pending/needs_reading/U+9000-U+90FF/送被.json,1,
逅,4,あ|めぐ,aozora_ruby,4,source_conflict,conflict,sources disagree on the complete-entry reading,,0402264d-8791-55ea-a3cd-f5dd38804167,,/Users/iktahana/Genji/pending/needs_reading/U+9000-U+90FF/逅.json,1,
逋,6,のが|ニ,aozora_ruby,3,source_conflict,conflict,sources disagree on the complete-entry reading,,cbd4ac89-53fa-51f7-9171-31884bbf51af,,/Users/iktahana/Genji/pending/needs_reading/U+9000-U+90FF/逋.json,1,
逍,10,さまよ,aozora_ruby,6,suspected_fragment,keep_pending,single-character entries require individual review,,335b8998-f0e5-53c3-9db2-7e15bf681f83,,/Users/iktahana/Genji/pending/needs_reading/U+9000-U+90FF/逍.json,1,
逐々,4,ありありて,aozora_ruby,1,invalid_unicode,keep_pending,a source supplied a reading containing illegal characters,,6692103d-7e79-5de2-aaad-565afa465049,,/Users/iktahana/Genji/pending/needs_reading/U+9000-U+90FF/逐々.json,1,
逐出,36,おいいだ|おいだ|おいだし|おひいだ|おひだ,aozora_ruby,18,source_conflict,conflict,sources disagree on the complete-entry reading,,0976ff29-1fdf-5422-8416-0583605fe7b8,,/Users/iktahana/Genji/pending/needs_reading/U+9000-U+90FF/逐出.json,1,
逐払,6,おいはら|おいはらっ|おつぱら|おひはら,aozora_ruby,7,source_conflict,conflict,sources disagree on the complete-entry reading,,e3888492-dba1-5444-9f39-7a2362ce6cf3,,/Users/iktahana/Genji/pending/needs_reading/U+9000-U+90FF/逐払.json,1,
逐攘,6,おいはら|おっぱら,aozora_ruby,4,source_conflict,conflict,sources disagree on the complete-entry reading,,8cb33a25-5657-5ecd-bbc6-9cf4e934691e,,/Users/iktahana/Genji/pending/needs_reading/U+9000-U+90FF/逐攘.json,1,
逐索,4,,,0,suspected_fragment,keep_pending,embedded evidence is insufficient for automatic rejection,,7effb461-12db-5b55-a135-96297f2072ed,,/Users/iktahana/Genji/pending/needs_reading/U+9000-U+90FF/逐索.json,1,
逐返,6,おいかえ|おつかへ,aozora_ruby,5,source_conflict,conflict,sources disagree on the complete-entry reading,,ca737c4b-2999-51c6-892f-88b4c215a710,,/Users/iktahana/Genji/pending/needs_reading/U+9000-U+90FF/逐返.json,1,
逓友,8,,,0,suspected_fragment,keep_pending,at least one example contains an independent use,,959d80ac-a6be-588a-83d5-5270ea9709d4,,/Users/iktahana/Genji/pending/needs_reading/U+9000-U+90FF/逓友.json,1,
逓累,4,,,0,unmatched,keep_pending,no accepted complete-entry evidence,,87492aa8-fecc-5e60-9a3d-1dbf8354fdb8,,/Users/iktahana/Genji/pending/needs_reading/U+9000-U+90FF/逓累.json,1,
途々,248,みちみち,aozora_ruby,112,invalid_unicode,keep_pending,a source supplied a reading containing illegal characters,,f58c55de-3d65-5856-9be0-6a7813cfca16,,/Users/iktahana/Genji/pending/needs_reading/U+9000-U+90FF/途々.json,1,
逕,53,こみち|た|みち,aozora_ruby,9,source_conflict,conflict,sources disagree on the complete-entry reading,,0bba1f16-b779-581e-b668-bc06f74c8488,,/Users/iktahana/Genji/pending/needs_reading/U+9000-U+90FF/逕.json,1,
這上,7,はいあ|はいあが|はいのぼ|はひあが|はひのぼ,aozora_ruby,33,source_conflict,conflict,sources disagree on the complete-entry reading,,53010028-f1da-55d0-a5e1-4ef2e7aacede,,/Users/iktahana/Genji/pending/needs_reading/U+9000-U+90FF/這上.json,1,
這人,5,,,0,suspected_fragment,reject_fragment,all occurrences are embedded across at least two works and authoritative dictionaries have no exact headword,,d9b76919-75e7-5977-b480-0fc4545ea420,,/Users/iktahana/Genji/pending/needs_reading/U+9000-U+90FF/這人.json,1,
這個,16,こ|この|しゃこ|しやこ,aozora_ruby,10,source_conflict,conflict,sources disagree on the complete-entry reading,,60341a66-d458-5af8-ba86-a97523c7fd81,,/Users/iktahana/Genji/pending/needs_reading/U+9000-U+90FF/這個.json,1,
這奴,84,こいつ|こやつ|しゃ|しゃつ|しやつ,aozora_ruby,33,source_conflict,conflict,sources disagree on the complete-entry reading,,79bd521e-cabd-5e56-b9ff-a654a8b41e25,,/Users/iktahana/Genji/pending/needs_reading/U+9000-U+90FF/這奴.json,1,
這寄,4,はいよ|はひよ,aozora_ruby,6,source_conflict,conflict,sources disagree on the complete-entry reading,,e3bd7bb2-a89b-52a5-a077-b6da441f60d8,,/Users/iktahana/Genji/pending/needs_reading/U+9000-U+90FF/這寄.json,1,
這廻,5,はいまわ|はひまは,aozora_ruby,7,source_conflict,conflict,sources disagree on the complete-entry reading,,201d1e15-22fc-5834-8742-e97dde4ccd60,,/Users/iktahana/Genji/pending/needs_reading/U+9000-U+90FF/這廻.json,1,
這身,9,はいみ,aozora_ruby,9,suspected_fragment,keep_pending,at least one example contains an independent use,,67dc67c7-f342-5ecb-94b5-d3aab5261f9a,,/Users/iktahana/Genji/pending/needs_reading/U+9000-U+90FF/這身.json,1,
這込,20,はい|はいこ|はいこん|はひこ,aozora_ruby,20,source_conflict,conflict,sources disagree on the complete-entry reading,,8afd867a-40c8-5404-b9c7-dff56b7bee43,,/Users/iktahana/Genji/pending/needs_reading/U+9000-U+90FF/這込.json,1,
這間,5,このかん|しゃかん,aozora_ruby,2,source_conflict,conflict,sources disagree on the complete-entry reading,,9f092453-9c3c-58bd-9db6-857f44405b5e,,/Users/iktahana/Genji/pending/needs_reading/U+9000-U+90FF/這間.json,1,
這麼,37,こんな,aozora_ruby,6,suspected_fragment,keep_pending,at least one example contains an independent use,,c460debc-4f56-55e8-b968-cdd1fbb9f0b6,,/Users/iktahana/Genji/pending/needs_reading/U+9000-U+90FF/這麼.json,1,
逡,11,しりご|たじ|たじろ|ためら,aozora_ruby,8,source_conflict,conflict,sources disagree on the complete-entry reading,,4a16b4ba-f750-500e-9b0d-f5abd23dc15e,,/Users/iktahana/Genji/pending/needs_reading/U+9000-U+90FF/逡.json,1,
逢事,5,あふこと,aozora_ruby,1,suspected_fragment,keep_pending,embedded evidence is insufficient for automatic rejection,,609477c0-b921-535d-83ad-e87d61fc7656,,/Users/iktahana/Genji/pending/needs_reading/U+9000-U+90FF/逢事.json,1,
逢候,6,,,0,unmatched,keep_pending,no accepted complete-entry evidence,,90133e2a-ce7e-5b42-ae81-a6ce66d38f65,,/Users/iktahana/Genji/pending/needs_reading/U+9000-U+90FF/逢候.json,1,
逢度,12,あいたい|あひたい|あひたき|あひたく|あひたし,aozora_ruby,5,source_conflict,conflict,sources disagree on the complete-entry reading,,dec5a795-1d7e-5fe1-8f21-ff972af4f371,,/Users/iktahana/Genji/pending/needs_reading/U+9000-U+90FF/逢度.json,1,
逢春,19,ホウシュン,aozora_ruby,1,suspected_fragment,keep_pending,at least one example contains an independent use,,70fafbac-7db0-5f25-be85-a559002bd09a,,/Users/iktahana/Genji/pending/needs_reading/U+9000-U+90FF/逢春.json,1,
逢状,13,あひじやう,aozora_ruby,1,single_ruby,keep_pending,ruby occurs in only one distinct Aozora text file,,8dab345f-f2f2-5c94-b6f8-b55be15e120b,,/Users/iktahana/Genji/pending/needs_reading/U+9000-U+90FF/逢状.json,1,
逢申,7,,,0,suspected_fragment,reject_fragment,all occurrences are embedded across at least two works and authoritative dictionaries have no exact headword,,520451de-ebdd-5f4b-a731-54161a5abecd,,/Users/iktahana/Genji/pending/needs_reading/U+9000-U+90FF/逢申.json,1,
逢痴,44,おうち,aozora_ruby,1,suspected_fragment,keep_pending,at least one example contains an independent use,,eaa0e88e-8f94-53e5-9751-b536bc2a81b3,,/Users/iktahana/Genji/pending/needs_reading/U+9000-U+90FF/逢痴.json,1,
逢茶,4,,,0,suspected_fragment,reject_fragment,all occurrences are embedded across at least two works and authoritative dictionaries have no exact headword,,c0e96f15-bd60-5f98-bd12-5ec1befd64ba,,/Users/iktahana/Genji/pending/needs_reading/U+9000-U+90FF/逢茶.json,1,
逢著,25,ほうちゃく|ほうちやく,aozora_ruby,5,source_conflict,conflict,sources disagree on the complete-entry reading,,afcb385c-61a9-5d33-b246-d9d0efc87836,,/Users/iktahana/Genji/pending/needs_reading/U+9000-U+90FF/逢著.json,1,
逢被,6,,,0,suspected_fragment,keep_pending,embedded evidence is insufficient for automatic rejection,,80608bdb-cdb6-58dd-828d-d813ce66d74f,,/Users/iktahana/Genji/pending/needs_reading/U+9000-U+90FF/逢被.json,1,
逢遭,4,ほうそう|ユキアヒ,aozora_ruby,2,source_conflict,conflict,sources disagree on the complete-entry reading,,e7a1b893-3fc4-58db-8ad9-11d958ad0588,,/Users/iktahana/Genji/pending/needs_reading/U+9000-U+90FF/逢遭.json,1,
逵,15,おおじ|つじ|とほり,aozora_ruby|jmnedict,4,ambiguous,conflict,jmnedict has multiple applicable full-entry readings,,baf65ce3-f826-56bc-bd72-0fe700047f39,,/Users/iktahana/Genji/pending/needs_reading/U+9000-U+90FF/逵.json,1,
逶,27,うね,aozora_ruby,4,suspected_fragment,keep_pending,single-character entries require individual review,,22c7e29d-c2ed-56da-a32a-1e410ebdecb5,,/Users/iktahana/Genji/pending/needs_reading/U+9000-U+90FF/逶.json,1,
逼息,6,ひっそく,aozora_ruby,6,suspected_fragment,reject_fragment,all occurrences are embedded across at least two works and authoritative dictionaries have no exact headword,,72ad2c24-d088-5643-ac17-644a96e19411,,/Users/iktahana/Genji/pending/needs_reading/U+9000-U+90FF/逼息.json,1,
逼真,6,ひよくしん,aozora_ruby,1,suspected_fragment,keep_pending,at least one example contains an independent use,,c5879de1-342c-5f02-b354-25f5938fe942,,/Users/iktahana/Genji/pending/needs_reading/U+9000-U+90FF/逼真.json,1,
逾,8,いよ|いよい|いよいよ|こ|こえ,aozora_ruby,7,invalid_unicode,keep_pending,a source supplied a reading containing illegal characters,,844e91ae-fb6e-5371-9aba-9987aa4cd6fd,,/Users/iktahana/Genji/pending/needs_reading/U+9000-U+90FF/逾.json,1,
遁口,4,にげぐち,aozora_ruby,1,suspected_fragment,keep_pending,at least one example contains an independent use,,dab0f06c-a3ec-5e71-96ac-fbbdd0418c58,,/Users/iktahana/Genji/pending/needs_reading/U+9000-U+90FF/遁口.json,1,
遁失,4,にげう|にげうせ,aozora_ruby,4,source_conflict,conflict,sources disagree on the complete-entry reading,,92607ea2-9ca2-5ba7-87be-37f49ec0a854,,/Users/iktahana/Genji/pending/needs_reading/U+9000-U+90FF/遁失.json,1,
遁構,5,にげがま|にげがまえ,aozora_ruby,5,source_conflict,conflict,sources disagree on the complete-entry reading,,64708998-3231-55f9-a85c-0ca08040f321,,/Users/iktahana/Genji/pending/needs_reading/U+9000-U+90FF/遁構.json,1,
遁竄,5,とんざん,aozora_ruby|jmdict,5,suspected_fragment,keep_pending,at least one example contains an independent use,,cdbae979-4b56-56ed-b4f1-2e530d60fbdf,,/Users/iktahana/Genji/pending/needs_reading/U+9000-U+90FF/遁竄.json,1,
遁込,9,にげこ,aozora_ruby,11,suspected_fragment,reject_fragment,all occurrences are embedded across at least two works and authoritative dictionaries have no exact headword,,028a1ecb-5dc9-53f9-9786-5098874fbbbb,,/Users/iktahana/Genji/pending/needs_reading/U+9000-U+90FF/遁込.json,1,
遇々,4,たまたま,aozora_ruby,2,invalid_unicode,keep_pending,a source supplied a reading containing illegal characters,,446bba2a-f1f6-523c-9738-4423a1123c85,,/Users/iktahana/Genji/pending/needs_reading/U+9000-U+90FF/遇々.json,1,
遇楽,4,,,0,suspected_fragment,reject_fragment,all occurrences are embedded across at least two works and authoritative dictionaries have no exact headword,,a0ac56b9-aec5-562c-a333-61365d0052a2,,/Users/iktahana/Genji/pending/needs_reading/U+9000-U+90FF/遇楽.json,1,
遇然,37,ぐうぜん,aozora_ruby|jmdict,2,suspected_fragment,keep_pending,at least one example contains an independent use,,d81fb3ee-e38a-598b-8861-8c7a8b1e74b1,,/Users/iktahana/Genji/pending/needs_reading/U+9000-U+90FF/遇然.json,1,
遐,26,とおく|とほ|はる|はるか,aozora_ruby,12,invalid_unicode,keep_pending,a source supplied a reading containing illegal characters,,8309413b-5c7b-5a8b-aaa3-1bbf82e96929,,/Users/iktahana/Genji/pending/needs_reading/U+9000-U+90FF/遐.json,1,
遙々,168,はるばる,aozora_ruby|jmdict,37,invalid_unicode,keep_pending,a source supplied a reading containing illegal characters,,d495f1fc-f7eb-51a5-ace3-e4b29204c3af,,/Users/iktahana/Genji/pending/needs_reading/U+9000-U+90FF/遙々.json,1,
遠々,53,とおとお|とほどほ|をんをん,aozora_ruby,5,invalid_unicode,keep_pending,a source supplied a reading containing illegal characters,,ebd70370-0262-5489-9fd8-5c4d275e158e,,/Users/iktahana/Genji/pending/needs_reading/U+9000-U+90FF/遠々.json,1,
適々,17,たまたま,aozora_ruby,6,invalid_unicode,keep_pending,a source supplied a reading containing illegal characters,,34f93eda-e18f-551e-9e07-a2c5bb74d54c,,/Users/iktahana/Genji/pending/needs_reading/U+9000-U+90FF/適々.json,1,
遭害,4,,,0,suspected_fragment,keep_pending,embedded evidence is insufficient for automatic rejection,,fb889d65-67e6-5323-9683-8dbddf874179,,/Users/iktahana/Genji/pending/needs_reading/U+9000-U+90FF/遭害.json,1,
遮切,6,さえぎ|さへぎ,aozora_ruby,9,source_conflict,conflict,sources disagree on the complete-entry reading,,059df25f-987a-5de1-821e-84f61814fb73,,/Users/iktahana/Genji/pending/needs_reading/U+9000-U+90FF/遮切.json,1,
遽々,4,,,0,suspected_fragment,keep_pending,embedded evidence is insufficient for automatic rejection,,0f8f8b43-b581-51e5-bb70-325c186f8516,,/Users/iktahana/Genji/pending/needs_reading/U+9000-U+90FF/遽々.json,1,
邀,21,むか,aozora_ruby,22,suspected_fragment,keep_pending,single-character entries require individual review,,8c178cb6-a379-5783-94b9-5e62ecb2a530,,/Users/iktahana/Genji/pending/needs_reading/U+9000-U+90FF/邀.json,1,
邂,7,あ|で|めぐ,aozora_ruby,7,source_conflict,conflict,sources disagree on the complete-entry reading,,ebd3796b-89a3-522a-8922-ae8208774919,,/Users/iktahana/Genji/pending/needs_reading/U+9000-U+90FF/邂.json,1,
還丹,11,,,0,unmatched,keep_pending,no accepted complete-entry evidence,,3746bcf1-eebf-5c7e-98ad-00e151c8fe30,,/Users/iktahana/Genji/pending/needs_reading/U+9000-U+90FF/還丹.json,1,
還合,4,,,0,suspected_fragment,keep_pending,embedded evidence is insufficient for automatic rejection,,9ba0faf2-5c0d-50ad-8fb0-1dd5d29e0637,,/Users/iktahana/Genji/pending/needs_reading/U+9000-U+90FF/還合.json,1,
還城,4,,,0,suspected_fragment,reject_fragment,all occurrences are embedded across at least two works and authoritative dictionaries have no exact headword,,b8f4f78a-4b6c-5f6e-914c-cbed81147428,,/Users/iktahana/Genji/pending/needs_reading/U+9000-U+90FF/還城.json,1,
還家,4,,,0,suspected_fragment,keep_pending,embedded evidence is insufficient for automatic rejection,,1cc2a236-10b7-5d03-911e-129af4910ec5,,/Users/iktahana/Genji/pending/needs_reading/U+9000-U+90FF/還家.json,1,
還有,5,,,0,suspected_fragment,reject_fragment,all occurrences are embedded across at least two works and authoritative dictionaries have no exact headword,,396e6890-661d-50fc-8e09-28e779bef838,,/Users/iktahana/Genji/pending/needs_reading/U+9000-U+90FF/還有.json,1,
還福,4,,,0,suspected_fragment,keep_pending,embedded evidence is insufficient for automatic rejection,,22fd038e-ab7b-54fe-89b4-1a9aab4e53cd,,/Users/iktahana/Genji/pending/needs_reading/U+9000-U+90FF/還福.json,1,
還金,6,,,0,suspected_fragment,reject_fragment,all occurrences are embedded across at least two works and authoritative dictionaries have no exact headword,,c2a565d8-4eae-5067-9522-1b8c591f44c1,,/Users/iktahana/Genji/pending/needs_reading/U+9000-U+90FF/還金.json,1,
邇,36,ちか|ちかき|ちかし,aozora_ruby|jmnedict,9,source_conflict,conflict,sources disagree on the complete-entry reading,,a7b46ca3-c3d5-589e-81df-83ad226a38d9,,/Users/iktahana/Genji/pending/needs_reading/U+9000-U+90FF/邇.json,1,
邇具,6,,,0,suspected_fragment,reject_fragment,all occurrences are embedded across at least two works and authoritative dictionaries have no exact headword,,34eefceb-0025-5812-bf97-f8dfcec2381b,,/Users/iktahana/Genji/pending/needs_reading/U+9000-U+90FF/邇具.json,1,
邑々,28,むらむら|ゆうゆう|ムラムラ,aozora_ruby|jmdict,4,invalid_unicode,keep_pending,a source supplied a reading containing illegal characters,,ba43b3ba-83d5-5d09-b5f1-14dc4171cc9b,,/Users/iktahana/Genji/pending/needs_reading/U+9000-U+90FF/邑々.json,1,
那事,13,,,0,suspected_fragment,reject_fragment,all occurrences are embedded across at least two works and authoritative dictionaries have no exact headword,,0b3a84fc-e16d-536d-8ce2-1ec5fe0ff31d,,/Users/iktahana/Genji/pending/needs_reading/U+9000-U+90FF/那事.json,1,
那仏,6,,,0,suspected_fragment,reject_fragment,all occurrences are embedded across at least two works and authoritative dictionaries have no exact headword,,50e61cb0-4687-52a2-905f-e9ad930382ed,,/Users/iktahana/Genji/pending/needs_reading/U+9000-U+90FF/那仏.json,1,
那伽,12,なか|ナーガ,aozora_ruby|jmnedict,4,source_conflict,conflict,sources disagree on the complete-entry reading,,202f2074-7f57-5b52-b8ba-d20fdfac9fef,,/Users/iktahana/Genji/pending/needs_reading/U+9000-U+90FF/那伽.json,1,
那倶,8,,,0,suspected_fragment,keep_pending,embedded evidence is insufficient for automatic rejection,,76329096-d12c-53bf-b100-795bdec5f535,,/Users/iktahana/Genji/pending/needs_reading/U+9000-U+90FF/那倶.json,1,
那処,37,あすこ|あそこ|いずく|いずこ|いづく|どこ,aozora_ruby,13,source_conflict,conflict,sources disagree on the complete-entry reading,,db0423f7-f11e-5452-ac7a-05c721b79d56,,/Users/iktahana/Genji/pending/needs_reading/U+9000-U+90FF/那処.json,1,
那勢,5,,,0,suspected_fragment,keep_pending,at least one example contains an independent use,,3b598619-93b8-5049-9ca5-a93b681a5566,,/Users/iktahana/Genji/pending/needs_reading/U+9000-U+90FF/那勢.json,1,
那地,6,あすこ|あち|あちら|あつち|なち,aozora_ruby|jmnedict,7,source_conflict,conflict,sources disagree on the complete-entry reading,,a436e87e-da30-5f63-a86b-7eb0a8fa3626,,/Users/iktahana/Genji/pending/needs_reading/U+9000-U+90FF/那地.json,1,
那奴,35,あいつ|あやつ|しやつ,aozora_ruby,9,source_conflict,conflict,sources disagree on the complete-entry reading,,2569bf47-1e8b-5d28-9538-2ea18a264c30,,/Users/iktahana/Genji/pending/needs_reading/U+9000-U+90FF/那奴.json,1,
那婆,4,なは,aozora_ruby,1,suspected_fragment,keep_pending,at least one example contains an independent use,,a2fdf33c-d36e-5217-b31e-eecae937cb59,,/Users/iktahana/Genji/pending/needs_reading/U+9000-U+90FF/那婆.json,1,
那家,14,あそこ|あれ|いずれ,aozora_ruby,4,source_conflict,conflict,sources disagree on the complete-entry reading,,cff8e45d-1acd-52ad-9351-633caa8931b0,,/Users/iktahana/Genji/pending/needs_reading/U+9000-U+90FF/那家.json,1,
那山,14,あのやま,aozora_ruby,1,suspected_fragment,reject_fragment,all occurrences are embedded across at least two works and authoritative dictionaries have no exact headword,,004605f1-f02c-5747-814f-42bd0272ead2,,/Users/iktahana/Genji/pending/needs_reading/U+9000-U+90FF/那山.json,1,
那弁,4,,,0,suspected_fragment,reject_fragment,all occurrences are embedded across at least two works and authoritative dictionaries have no exact headword,,10fe305d-ece1-5005-9352-24d1eea32882,,/Users/iktahana/Genji/pending/needs_reading/U+9000-U+90FF/那弁.json,1,
那心,7,,,0,suspected_fragment,reject_fragment,all occurrences are embedded across at least two works and authoritative dictionaries have no exact headword,,ba054c8d-b6b4-5547-be53-220e9822b3d0,,/Users/iktahana/Genji/pending/needs_reading/U+9000-U+90FF/那心.json,1,
那志,4,,,0,suspected_fragment,reject_fragment,all occurrences are embedded across at least two works and authoritative dictionaries have no exact headword,,9ce3b88f-b882-5562-a708-5786d9f8226a,,/Users/iktahana/Genji/pending/needs_reading/U+9000-U+90FF/那志.json,1,
那方,28,あつち|あなた|いづれ|どちら|むかふ,aozora_ruby,12,source_conflict,conflict,sources disagree on the complete-entry reading,,612b3b61-f69c-514b-890e-6604e5cb6fad,,/Users/iktahana/Genji/pending/needs_reading/U+9000-U+90FF/那方.json,1,
那時,7,あのとき|ソノトキ,aozora_ruby,3,source_conflict,conflict,sources disagree on the complete-entry reading,,1489f01e-972a-5668-a58a-a1fc76fb7dd5,,/Users/iktahana/Genji/pending/needs_reading/U+9000-U+90FF/那時.json,1,
那毘,8,,,0,suspected_fragment,keep_pending,embedded evidence is insufficient for automatic rejection,,04938118-e3ed-5a5e-af24-0946ceb0bbb6,,/Users/iktahana/Genji/pending/needs_reading/U+9000-U+90FF/那毘.json,1,
那気,5,,,0,suspected_fragment,reject_fragment,all occurrences are embedded across at least two works and authoritative dictionaries have no exact headword,,2db0ed4f-36b6-5a8c-953e-e7ecb1858172,,/Users/iktahana/Genji/pending/needs_reading/U+9000-U+90FF/那気.json,1,
那爛,4,,,0,unmatched,keep_pending,no accepted complete-entry evidence,,4839f94e-fca3-580d-b8f3-f065c404ee49,,/Users/iktahana/Genji/pending/needs_reading/U+9000-U+90FF/那爛.json,1,
那破,7,,,0,suspected_fragment,reject_fragment,all occurrences are embedded across at least two works and authoritative dictionaries have no exact headword,,36b58b04-a7c2-51b4-be36-54c7d5bbeb72,,/Users/iktahana/Genji/pending/needs_reading/U+9000-U+90FF/那破.json,1,
那神,7,,,0,suspected_fragment,reject_fragment,all occurrences are embedded across at least two works and authoritative dictionaries have no exact headword,,09924601-a887-5a38-94fd-67c9ca579508,,/Users/iktahana/Genji/pending/needs_reading/U+9000-U+90FF/那神.json,1,
那程,4,あれほど,aozora_ruby,3,suspected_fragment,keep_pending,at least one example contains an independent use,,cb7805d2-411d-5dd7-87e8-f99cdc826be9,,/Users/iktahana/Genji/pending/needs_reading/U+9000-U+90FF/那程.json,1,
那翁,6,なおう|ナポレオン,aozora_ruby|jmnedict,4,source_conflict,conflict,sources disagree on the complete-entry reading,,72934560-39bf-5815-a19c-ff7ab9469108,,/Users/iktahana/Genji/pending/needs_reading/U+9000-U+90FF/那翁.json,1,
那芸,6,,,0,suspected_fragment,reject_fragment,all occurrences are embedded across at least two works and authoritative dictionaries have no exact headword,,5a5bab54-8ec4-5b17-a2bc-610567bb87f5,,/Users/iktahana/Genji/pending/needs_reading/U+9000-U+90FF/那芸.json,1,
那裡,7,あちら,aozora_ruby,1,suspected_fragment,keep_pending,at least one example contains an independent use,,702f92ee-f742-5255-80da-b817c2b94209,,/Users/iktahana/Genji/pending/needs_reading/U+9000-U+90FF/那裡.json,1,
那邇,6,,,0,suspected_fragment,reject_fragment,all occurrences are embedded across at least two works and authoritative dictionaries have no exact headword,,9044ac5a-baf2-51e0-b60a-6c8446a669e4,,/Users/iktahana/Genji/pending/needs_reading/U+9000-U+90FF/那邇.json,1,
那風,6,,,0,suspected_fragment,reject_fragment,all occurrences are embedded across at least two works and authoritative dictionaries have no exact headword,,3c18cd3a-4351-51ad-9b78-55697f71b8ac,,/Users/iktahana/Genji/pending/needs_reading/U+9000-U+90FF/那風.json,1,
那麼,5,あんな,aozora_ruby,2,suspected_fragment,keep_pending,at least one example contains an independent use,,b72ec1d5-aad3-5376-b93a-9c458c64edf4,,/Users/iktahana/Genji/pending/needs_reading/U+9000-U+90FF/那麼.json,1,
郤,18,げき|しりぞ,aozora_ruby,8,source_conflict,conflict,sources disagree on the complete-entry reading,,86805f98-df44-53f3-bbad-2695f4a91b9e,,/Users/iktahana/Genji/pending/needs_reading/U+9000-U+90FF/郤.json,1,
郵吉,4,,,0,unmatched,keep_pending,no accepted complete-entry evidence,,929e0450-f298-5eca-8e05-106cf3a60e75,,/Users/iktahana/Genji/pending/needs_reading/U+9000-U+90FF/郵吉.json,1,
郷々,5,くにぐに|さとざと,aozora_ruby,4,source_conflict,conflict,sources disagree on the complete-entry reading,,5027bf0a-3525-58e8-ad65-39622c634d09,,/Users/iktahana/Genji/pending/needs_reading/U+9000-U+90FF/郷々.json,1,
酔倚,1,,,0,suspected_fragment,keep_pending,embedded evidence is insufficient for automatic rejection,,2c392ea1-5525-58d6-9421-e99258520207,,/Users/iktahana/Genji/pending/needs_reading/U+9100-U+91FF/ヨイ倚.json,1,
酔歸,1,,,0,suspected_fragment,keep_pending,embedded evidence is insufficient for automatic rejection,,ccb01b9b-4c6e-5f5b-af3a-1b8dbebb64c3,,/Users/iktahana/Genji/pending/needs_reading/U+9100-U+91FF/ヨイ歸.json,1,
酔而,1,,,0,unmatched,keep_pending,no accepted complete-entry evidence,,1b87fb39-010b-5f87-aeb8-892d2490cd06,,/Users/iktahana/Genji/pending/needs_reading/U+9100-U+91FF/ヨイ而.json,1,
酵祭,5,,,0,suspected_fragment,keep_pending,embedded evidence is insufficient for automatic rejection,,d23e36f9-863c-5edc-86dc-d7a377640ecb,,/Users/iktahana/Genji/pending/needs_reading/U+9100-U+91FF/酵祭.json,1,
醂麝,7,りんじゃ,aozora_ruby,1,suspected_fragment,keep_pending,embedded evidence is insufficient for automatic rejection,,7fb327ff-5bed-5bd3-afb9-d431f76a333d,,/Users/iktahana/Genji/pending/needs_reading/U+9100-U+91FF/醂麝.json,1,
醇々,7,じゅんじゅん,aozora_ruby,3,suspected_fragment,keep_pending,at least one example contains an independent use,,ac75c338-d36d-57e0-9c53-ccb07a56b87b,,/Users/iktahana/Genji/pending/needs_reading/U+9100-U+91FF/醇々.json,1,
醍,9,さま|さめ,aozora_ruby,3,source_conflict,conflict,sources disagree on the complete-entry reading,,e0211c16-0bb4-5e96-9215-e8289d8315f0,,/Users/iktahana/Genji/pending/needs_reading/U+9100-U+91FF/醍.json,1,
醒半,13,,,0,suspected_fragment,reject_fragment,all occurrences are embedded across at least two works and authoritative dictionaries have no exact headword,,3c6f1f93-b172-53a7-b8b8-bda9b02056b7,,/Users/iktahana/Genji/pending/needs_reading/U+9100-U+91FF/醒半.json,1,
醒客,11,,,0,suspected_fragment,reject_fragment,all occurrences are embedded across at least two works and authoritative dictionaries have no exact headword,,a5d20f4b-d099-57be-9fe4-94a69fda0305,,/Users/iktahana/Genji/pending/needs_reading/U+9100-U+91FF/醒客.json,1,
醒斎,4,せいさい,aozora_ruby,3,suspected_fragment,keep_pending,embedded evidence is insufficient for automatic rejection,,d4303140-9b5c-5328-b9bb-ad0139996c66,,/Users/iktahana/Genji/pending/needs_reading/U+9100-U+91FF/醒斎.json,1,
醒時,6,,,0,suspected_fragment,keep_pending,at least one example contains an independent use,,c100e510-8f70-551b-81d9-738ee8bbc6b9,,/Users/iktahana/Genji/pending/needs_reading/U+9100-U+91FF/醒時.json,1,
醺,6,かび|かも|くん|よ,aozora_ruby,4,source_conflict,conflict,sources disagree on the complete-entry reading,,a0088ece-b857-5720-8696-ff4df0ff4840,,/Users/iktahana/Genji/pending/needs_reading/U+9100-U+91FF/醺.json,1,
釆,7,うね|と|トリ,aozora_ruby|jmnedict,3,source_conflict,conflict,sources disagree on the complete-entry reading,,7fe4cb7f-4bbc-577f-bbc0-2aa718959186,,/Users/iktahana/Genji/pending/needs_reading/U+9100-U+91FF/釆.json,1,
鋳懸,2,,,0,suspected_fragment,reject_fragment,all occurrences are embedded across at least two works and authoritative dictionaries have no exact headword,,6ec48b4d-e4a8-5bfb-8afc-3f5a15e4a56a,,/Users/iktahana/Genji/pending/needs_reading/U+9200-U+92FF/イ懸.json,1,
鉱埋,1,,,0,suspected_fragment,keep_pending,embedded evidence is insufficient for automatic rejection,,f4b15318-f839-53d5-a6d9-92db1aa2e9c1,,/Users/iktahana/Genji/pending/needs_reading/U+9200-U+92FF/コウ埋.json,1,
鉱採,8,,,0,suspected_fragment,reject_fragment,all occurrences are embedded across at least two works and authoritative dictionaries have no exact headword,,5acb73a9-72d2-5ee1-be96-7e1bdd63331a,,/Users/iktahana/Genji/pending/needs_reading/U+9200-U+92FF/コウ採.json,1,
鈍々,19,どんどん|のろのろ,aozora_ruby,10,source_conflict,conflict,sources disagree on the complete-entry reading,,9f811066-9662-5b09-b515-5d632c35391d,,/Users/iktahana/Genji/pending/needs_reading/U+9200-U+92FF/鈍々.json,1,
鈴々,4,りり|りんりん|れいれい,aozora_ruby|jmnedict,3,ambiguous,conflict,jmnedict has multiple applicable full-entry readings,,9fe31991-5f65-5911-9ea1-cc796c0b54b4,,/Users/iktahana/Genji/pending/needs_reading/U+9200-U+92FF/鈴々.json,1,
鈷雲,12,,,0,unmatched,keep_pending,no accepted complete-entry evidence,,25ef77e9-c923-516f-a83c-682593fb46df,,/Users/iktahana/Genji/pending/needs_reading/U+9200-U+92FF/鈷雲.json,1,
鉅野,6,,,0,suspected_fragment,keep_pending,at least one example contains an independent use,,88b75600-c27b-5049-b2da-7e846669ca67,,/Users/iktahana/Genji/pending/needs_reading/U+9200-U+92FF/鉅野.json,1,
鉉,20,げん|つる,aozora_ruby|jmdict|jmnedict,4,source_conflict,conflict,sources disagree on the complete-entry reading,,806e82a0-e9e4-5a5b-95f3-fbd0193fb144,,/Users/iktahana/Genji/pending/needs_reading/U+9200-U+92FF/鉉.json,1,
鉉之,5,,,0,suspected_fragment,keep_pending,embedded evidence is insufficient for automatic rejection,,35892abd-7cbc-5582-8f31-c1000b509ed0,,/Users/iktahana/Genji/pending/needs_reading/U+9200-U+92FF/鉉之.json,1,
銓択,6,せんたく,aozora_ruby,1,suspected_fragment,keep_pending,at least one example contains an independent use,,458b5260-f647-5ca9-83a9-923e8a1111ce,,/Users/iktahana/Genji/pending/needs_reading/U+9200-U+92FF/銓択.json,1,
銕,10,かね|くろがね|てつ,aozora_ruby|jmnedict,4,ambiguous,conflict,jmnedict has multiple applicable full-entry readings,,38e6ec03-ed7c-56a1-98d1-d187c47482ba,,/Users/iktahana/Genji/pending/needs_reading/U+9200-U+92FF/銕.json,1,
銕炮,4,てつはう,aozora_ruby,1,suspected_fragment,keep_pending,embedded evidence is insufficient for automatic rejection,,bc3066ee-b319-56d2-915c-07d6926dc04b,,/Users/iktahana/Genji/pending/needs_reading/U+9200-U+92FF/銕炮.json,1,
銕糞,4,かなくそ,aozora_ruby,1,suspected_fragment,keep_pending,embedded evidence is insufficient for automatic rejection,,83024d84-d245-5c0e-ad37-64e842e68d27,,/Users/iktahana/Genji/pending/needs_reading/U+9200-U+92FF/銕糞.json,1,
錏一,4,,,0,suspected_fragment,reject_fragment,all occurrences are embedded across at least two works and authoritative dictionaries have no exact headword,,6bf656cb-551c-5483-8a37-a4f65358fb9f,,/Users/iktahana/Genji/pending/needs_reading/U+9300-U+93FF/錏一.json,1,
錚,11,,,0,suspected_fragment,keep_pending,single-character entries require individual review,,eabf0416-4679-540e-a096-580c217d9c02,,/Users/iktahana/Genji/pending/needs_reading/U+9300-U+93FF/錚.json,1,
錯々,11,せっせ|せつせ,aozora_ruby,4,source_conflict,conflict,sources disagree on the complete-entry reading,,6c89f7a0-6a40-578b-9d47-bc7d05bbb25c,,/Users/iktahana/Genji/pending/needs_reading/U+9300-U+93FF/錯々.json,1,
錺,7,かざ|かざり,aozora_ruby|jmnedict,16,source_conflict,conflict,sources disagree on the complete-entry reading,,fdf53564-14a8-541e-bc51-f225bfe66a87,,/Users/iktahana/Genji/pending/needs_reading/U+9300-U+93FF/錺.json,1,
錺君,4,,,0,unmatched,keep_pending,no accepted complete-entry evidence,,875a1898-8849-50d5-a81c-df8821196c02,,/Users/iktahana/Genji/pending/needs_reading/U+9300-U+93FF/錺君.json,1,
錺徳,6,かざりとく,aozora_ruby,1,single_ruby,keep_pending,ruby occurs in only one distinct Aozora text file,,cb56b029-9e57-5aca-8ffa-ef4111003cf8,,/Users/iktahana/Genji/pending/needs_reading/U+9300-U+93FF/錺徳.json,1,
鍜,5,かじ|きた,aozora_ruby|jmnedict,2,source_conflict,conflict,sources disagree on the complete-entry reading,,cbbeddd0-d5fc-5def-8328-e7851ae87044,,/Users/iktahana/Genji/pending/needs_reading/U+9300-U+93FF/鍜.json,1,
鍮,70,,,0,suspected_fragment,keep_pending,single-character entries require individual review,,38996cd9-8420-5bc0-93ae-06d461fc0d0a,,/Users/iktahana/Genji/pending/needs_reading/U+9300-U+93FF/鍮.json,1,
鎔,41,いかり|いがた|と|とか|とろ,aozora_ruby|jmnedict,28,ambiguous,conflict,jmnedict has multiple applicable full-entry readings,,4d5564d4-d331-5080-b8a4-2c68f801ea62,,/Users/iktahana/Genji/pending/needs_reading/U+9300-U+93FF/鎔.json,1,
鏖,21,みなご|みなごろ|みなごろし,aozora_ruby|jmdict,17,source_conflict,conflict,sources disagree on the complete-entry reading,,620dc53a-bea3-5774-b9be-adef2baa526a,,/Users/iktahana/Genji/pending/needs_reading/U+9300-U+93FF/鏖.json,1,
鏗,5,かた|がちや|だうかう,aozora_ruby,5,source_conflict,conflict,sources disagree on the complete-entry reading,,d439e988-638c-5d4a-a96e-31121afbfa06,,/Users/iktahana/Genji/pending/needs_reading/U+9300-U+93FF/鏗.json,1,
鏘,5,きゅうそう|しょう|りんろうきゅうそう,aozora_ruby,3,source_conflict,conflict,sources disagree on the complete-entry reading,,178f02b6-eba7-5f73-95a1-0502af732c60,,/Users/iktahana/Genji/pending/needs_reading/U+9300-U+93FF/鏘.json,1,
鏤,43,えり|き|きざ|ちり|ちりば|ちりばめ|は|ほ|る|ゑ,aozora_ruby,129,invalid_unicode,keep_pending,a source supplied a reading containing illegal characters,,71607aca-064c-5741-bce4-fe78d95af203,,/Users/iktahana/Genji/pending/needs_reading/U+9300-U+93FF/鏤.json,1,
鏤心,4,,,0,suspected_fragment,keep_pending,at least one example contains an independent use,,3c7921c3-74dc-58c7-a57d-513a69d7f9ad,,/Users/iktahana/Genji/pending/needs_reading/U+9300-U+93FF/鏤心.json,1,
鐫,9,え|えり|せん|ちりば|ほ|ゑ,aozora_ruby,23,source_conflict,conflict,sources disagree on the complete-entry reading,,93c27c42-958c-5eb2-ab8e-10575d405025,,/Users/iktahana/Genji/pending/needs_reading/U+9400-U+94FF/鐫.json,1,
鑼声,6,らせい,aozora_ruby,1,suspected_fragment,reject_fragment,all occurrences are embedded across at least two works and authoritative dictionaries have no exact headword,,5ab7c0fe-7fd3-58a7-bbd7-c82aa906eb72,,/Users/iktahana/Genji/pending/needs_reading/U+9400-U+94FF/鑼声.json,1,
関搆,1,,,0,unmatched,keep_pending,no accepted complete-entry evidence,,68be7084-2577-5f67-8fd4-fabdb6ed5908,,/Users/iktahana/Genji/pending/needs_reading/U+9500-U+95FF/セキ搆.json,1,
関焉,4,,,0,suspected_fragment,reject_fragment,all occurrences are embedded across at least two works and authoritative dictionaries have no exact headword,,30766c30-1449-55bd-8286-ac2ff8ae178a,,/Users/iktahana/Genji/pending/needs_reading/U+9500-U+95FF/セキ焉.json,1,
門々,28,かどかど,aozora_ruby,4,invalid_unicode,keep_pending,a source supplied a reading containing illegal characters,,a3ce900a-c7f8-5eab-96a1-7241766a4f7d,,/Users/iktahana/Genji/pending/needs_reading/U+9500-U+95FF/門々.json,1,
閇,4,,,0,suspected_fragment,keep_pending,single-character entries require individual review,,f2a98457-b0c4-5d70-ab15-d0026c66ec3f,,/Users/iktahana/Genji/pending/needs_reading/U+9500-U+95FF/閇.json,1,
閊,39,つか|つかえ,aozora_ruby,81,source_conflict,conflict,sources disagree on the complete-entry reading,,4d2bac3a-8bd0-58f4-a8f4-decba58e8e56,,/Users/iktahana/Genji/pending/needs_reading/U+9500-U+95FF/閊.json,1,
閙,15,いそが|かいどう|さわ|さわが|とう|ひしめ,aozora_ruby,8,source_conflict,conflict,sources disagree on the complete-entry reading,,6e09a555-ae4f-59e9-bfa8-b3f7ec938307,,/Users/iktahana/Genji/pending/needs_reading/U+9500-U+95FF/閙.json,1,
閼迦,8,あか,aozora_ruby,1,suspected_fragment,reject_fragment,all occurrences are embedded across at least two works and authoritative dictionaries have no exact headword,,69cc4fbf-e63c-52f8-a389-d07e0829d00e,,/Users/iktahana/Genji/pending/needs_reading/U+9500-U+95FF/閼迦.json,1,
闇々,25,あんあん|やみやみ|アンアン,aozora_ruby|jmdict,7,invalid_unicode,keep_pending,a source supplied a reading containing illegal characters,,65388dde-578f-584c-b710-84abff7e298b,,/Users/iktahana/Genji/pending/needs_reading/U+9500-U+95FF/闇々.json,1,
闘中,8,,,0,suspected_fragment,reject_fragment,all occurrences are embedded across at least two works and authoritative dictionaries have no exact headword,,ea6c8626-bc03-511d-bb82-0b42e0cdc4dc,,/Users/iktahana/Genji/pending/needs_reading/U+9500-U+95FF/闘中.json,1,
闘人,8,,,0,unmatched,keep_pending,no accepted complete-entry evidence,,ca8ab854-4c03-5f16-9ab3-a6de5635b575,,/Users/iktahana/Genji/pending/needs_reading/U+9500-U+95FF/闘人.json,1,
闘剣,14,グラジエート,aozora_ruby,1,suspected_fragment,keep_pending,at least one example contains an independent use,,db34f93e-32b4-5762-93bd-52ea42a1637f,,/Users/iktahana/Genji/pending/needs_reading/U+9500-U+95FF/闘剣.json,1,
闘楼,5,,,0,suspected_fragment,keep_pending,embedded evidence is insufficient for automatic rejection,,2f2fa089-ba30-5f71-b818-1a803444bea5,,/Users/iktahana/Genji/pending/needs_reading/U+9500-U+95FF/闘楼.json,1,
闘的,10,,,0,suspected_fragment,reject_fragment,all occurrences are embedded across at least two works and authoritative dictionaries have no exact headword,,adccc1a9-4cf6-57cd-8ece-97ba9aee88ea,,/Users/iktahana/Genji/pending/needs_reading/U+9500-U+95FF/闘的.json,1,
闘祭,4,,,0,suspected_fragment,keep_pending,embedded evidence is insufficient for automatic rejection,,a50a287d-51ec-5ea9-b2fd-8f072c149c45,,/Users/iktahana/Genji/pending/needs_reading/U+9500-U+95FF/闘祭.json,1,
闘者,7,,,0,suspected_fragment,keep_pending,at least one example contains an independent use,,372bf900-5c75-5e89-bc80-a78075dd2975,,/Users/iktahana/Genji/pending/needs_reading/U+9500-U+95FF/闘者.json,1,
闘艇,82,,,0,suspected_fragment,keep_pending,embedded evidence is insufficient for automatic rejection,,4dc64dd8-dc8e-5849-a718-7591130da335,,/Users/iktahana/Genji/pending/needs_reading/U+9500-U+95FF/闘艇.json,1,
闡,12,ひら,aozora_ruby,8,suspected_fragment,keep_pending,single-character entries require individual review,,75ca8004-bad6-5daf-b6e9-8f1e40df7407,,/Users/iktahana/Genji/pending/needs_reading/U+9500-U+95FF/闡.json,1,
闥婆,4,,,0,suspected_fragment,reject_fragment,all occurrences are embedded across at least two works and authoritative dictionaries have no exact headword,,2034507e-6868-5b9f-a2f0-a9e5d76d676b,,/Users/iktahana/Genji/pending/needs_reading/U+9500-U+95FF/闥婆.json,1,
隠勿,1,,,0,unmatched,keep_pending,no accepted complete-entry evidence,,d3c48ddb-4832-5c62-a199-6b8555a27054,,/Users/iktahana/Genji/pending/needs_reading/U+9600-U+96FF/イン勿.json,1,
隠慝,1,いんとく,aozora_ruby,1,suspected_fragment,reject_fragment,all occurrences are embedded across at least two works and authoritative dictionaries have no exact headword,,c218cac9-458e-5bab-b7d8-760e5972dd08,,/Users/iktahana/Genji/pending/needs_reading/U+9600-U+96FF/イン慝.json,1,
雑云,1,,,0,unmatched,keep_pending,no accepted complete-entry evidence,,49719bef-87e5-5d85-a558-8ca32b86d64b,,/Users/iktahana/Genji/pending/needs_reading/U+9600-U+96FF/ザツ云.json,1,
雑咏,16,,,0,suspected_fragment,keep_pending,embedded evidence is insufficient for automatic rejection,,2c61bd8f-810e-50bd-ba87-2f64a9e6810b,,/Users/iktahana/Genji/pending/needs_reading/U+9600-U+96FF/ザツ咏.json,1,
雑掉,1,,,0,suspected_fragment,keep_pending,embedded evidence is insufficient for automatic rejection,,0d8ab009-d89e-58a5-b8e0-6db65c06ee9a,,/Users/iktahana/Genji/pending/needs_reading/U+9600-U+96FF/ザツ掉.json,1,
雑而,1,,,0,unmatched,keep_pending,no accepted complete-entry evidence,,f3963b4b-ea19-5160-ac8f-49d491002d87,,/Users/iktahana/Genji/pending/needs_reading/U+9600-U+96FF/ザツ而.json,1,
阯,14,,,0,suspected_fragment,keep_pending,single-character entries require individual review,,d7312566-eb1f-5bbc-9ef4-6374121285eb,,/Users/iktahana/Genji/pending/needs_reading/U+9600-U+96FF/阯.json,1,
阻道,5,そばみち,aozora_ruby,1,suspected_fragment,keep_pending,at least one example contains an independent use,,8f1c612e-90fb-53cc-8801-cb8ad6cd89fc,,/Users/iktahana/Genji/pending/needs_reading/U+9600-U+96FF/阻道.json,1,
阿上,7,,,0,suspected_fragment,reject_fragment,all occurrences are embedded across at least two works and authoritative dictionaries have no exact headword,,a5e5d7be-e2d7-592d-bac6-455816a2502d,,/Users/iktahana/Genji/pending/needs_reading/U+9600-U+96FF/阿上.json,1,
阿仙,5,おせん,aozora_ruby,1,suspected_fragment,reject_fragment,all occurrences are embedded across at least two works and authoritative dictionaries have no exact headword,,d7768ee6-65a7-5a9e-92c2-0f3c407ea240,,/Users/iktahana/Genji/pending/needs_reading/U+9600-U+96FF/阿仙.json,1,
阿会,11,,,0,suspected_fragment,keep_pending,embedded evidence is insufficient for automatic rejection,,c3e97c40-8454-5364-9dc4-5080eca6fbe7,,/Users/iktahana/Genji/pending/needs_reading/U+9600-U+96FF/阿会.json,1,
阿信,25,,,0,suspected_fragment,keep_pending,at least one example contains an independent use,,a805de59-de37-5416-87af-0fe310ab32f5,,/Users/iktahana/Genji/pending/needs_reading/U+9600-U+96FF/阿信.json,1,
阿具,4,あぐ,jmnedict,1,suspected_fragment,reject_fragment,all occurrences are embedded across at least two works and authoritative dictionaries have no exact headword,,44d83927-de97-5735-afbc-2616f3a917b1,,/Users/iktahana/Genji/pending/needs_reading/U+9600-U+96FF/阿具.json,1,
阿剌,8,,,0,suspected_fragment,reject_fragment,all occurrences are embedded across at least two works and authoritative dictionaries have no exact headword,,1d2a4a5a-3079-5353-ba61-f10da5380def,,/Users/iktahana/Genji/pending/needs_reading/U+9600-U+96FF/阿剌.json,1,
阿加,11,あか,aozora_ruby|jmnedict,2,suspected_fragment,reject_fragment,all occurrences are embedded across at least two works and authoritative dictionaries have no exact headword,,be7f233c-0a6f-5c43-b2ca-d8aeca1faf84,,/Users/iktahana/Genji/pending/needs_reading/U+9600-U+96FF/阿加.json,1,
阿園,65,おその,aozora_ruby,1,suspected_fragment,keep_pending,embedded evidence is insufficient for automatic rejection,,bdd17be0-f802-5c30-b56b-7d83d5b9304b,,/Users/iktahana/Genji/pending/needs_reading/U+9600-U+96FF/阿園.json,1,
阿如,5,,,0,suspected_fragment,keep_pending,embedded evidence is insufficient for automatic rejection,,8bae8906-1825-58d7-85bd-8655f0653bfa,,/Users/iktahana/Genji/pending/needs_reading/U+9600-U+96FF/阿如.json,1,
阿姐,4,あねご,aozora_ruby,1,suspected_fragment,keep_pending,at least one example contains an independent use,,1087229a-e858-51aa-96d2-77e1a157bcc2,,/Users/iktahana/Genji/pending/needs_reading/U+9600-U+96FF/阿姐.json,1,
阿婆,53,あばあ|おっかあ|おばあ|おばば|ばあや,aozora_ruby,5,source_conflict,conflict,sources disagree on the complete-entry reading,,4a0b8817-7995-5694-9e14-79b2c7a78b6a,,/Users/iktahana/Genji/pending/needs_reading/U+9600-U+96FF/阿婆.json,1,
阿宝,45,あほう,aozora_ruby,1,single_ruby,keep_pending,ruby occurs in only one distinct Aozora text file,,252ec702-7952-5086-9c5e-9e9f2f583313,,/Users/iktahana/Genji/pending/needs_reading/U+9600-U+96FF/阿宝.json,1,
阿巌,19,あごん,aozora_ruby,1,single_ruby,keep_pending,ruby occurs in only one distinct Aozora text file,,49ed23fd-c3ac-5cdd-b87e-d31e232323da,,/Users/iktahana/Genji/pending/needs_reading/U+9600-U+96FF/阿巌.json,1,
阿応,6,,,0,suspected_fragment,reject_fragment,all occurrences are embedded across at least two works and authoritative dictionaries have no exact headword,,816d3370-c788-5507-97e0-b0c317f9b9a5,,/Users/iktahana/Genji/pending/needs_reading/U+9600-U+96FF/阿応.json,1,
阿念,13,あねん|おねん,aozora_ruby,3,source_conflict,conflict,sources disagree on the complete-entry reading,,6f4696f1-9bde-50c6-baf3-af0c781693d8,,/Users/iktahana/Genji/pending/needs_reading/U+9600-U+96FF/阿念.json,1,
阿性,5,,,0,suspected_fragment,keep_pending,embedded evidence is insufficient for automatic rejection,,39fc7138-4a59-57ea-847d-80d0ce43395a,,/Users/iktahana/Genji/pending/needs_reading/U+9600-U+96FF/阿性.json,1,
阿拉,8,アラー,aozora_ruby,1,suspected_fragment,reject_fragment,all occurrences are embedded across at least two works and authoritative dictionaries have no exact headword,,9b247ef6-0fe6-58c2-9ff5-1235b51bf0a7,,/Users/iktahana/Genji/pending/needs_reading/U+9600-U+96FF/阿拉.json,1,
阿摩,16,あま,aozora_ruby,5,suspected_fragment,reject_fragment,all occurrences are embedded across at least two works and authoritative dictionaries have no exact headword,,c4eb9bc2-f892-568c-95ae-8b48b7732ae1,,/Users/iktahana/Genji/pending/needs_reading/U+9600-U+96FF/阿摩.json,1,
阿斯,5,,,0,suspected_fragment,reject_fragment,all occurrences are embedded across at least two works and authoritative dictionaries have no exact headword,,8dd19910-bdaf-546c-88b6-c0c19b7cc0fb,,/Users/iktahana/Genji/pending/needs_reading/U+9600-U+96FF/阿斯.json,1,
阿旦,7,アダン,aozora_ruby,2,suspected_fragment,keep_pending,at least one example contains an independent use,,c11b59dc-7e8b-5d62-9bdd-7a73bcf6dfc0,,/Users/iktahana/Genji/pending/needs_reading/U+9600-U+96FF/阿旦.json,1,
阿濃,39,あこぎ,aozora_ruby,1,single_ruby,keep_pending,ruby occurs in only one distinct Aozora text file,,7f3cdc5d-1881-5179-aa85-ff2f9a7f1901,,/Users/iktahana/Genji/pending/needs_reading/U+9600-U+96FF/阿濃.json,1,
阿熊,4,あぐま,jmnedict,1,suspected_fragment,keep_pending,embedded evidence is insufficient for automatic rejection,,fa86320e-5cc6-5d0e-8c4d-bfb2fc8089de,,/Users/iktahana/Genji/pending/needs_reading/U+9600-U+96FF/阿熊.json,1,
阿発,6,,,0,unmatched,keep_pending,no accepted complete-entry evidence,,2158a6cc-47a9-5a8c-8e8c-d009ab28d1ea,,/Users/iktahana/Genji/pending/needs_reading/U+9600-U+96FF/阿発.json,1,
阿米,6,およね,aozora_ruby,1,suspected_fragment,keep_pending,at least one example contains an independent use,,4ce6e547-840d-52b7-bcbd-123e6cc8c5f5,,/Users/iktahana/Genji/pending/needs_reading/U+9600-U+96FF/阿米.json,1,
阿繊,30,あせん,aozora_ruby,1,single_ruby,keep_pending,ruby occurs in only one distinct Aozora text file,,573ce033-1ed2-541e-bc62-6b1fb62f981d,,/Users/iktahana/Genji/pending/needs_reading/U+9600-U+96FF/阿繊.json,1,
阿義,4,あぎ,aozora_ruby,1,single_ruby,keep_pending,ruby occurs in only one distinct Aozora text file,,44889b80-7a51-5046-8938-662f7e8b3e3f,,/Users/iktahana/Genji/pending/needs_reading/U+9600-U+96FF/阿義.json,1,
阿芳,15,およし,aozora_ruby,1,single_ruby,keep_pending,ruby occurs in only one distinct Aozora text file,,b11686d8-fa47-58f1-836e-e0fe8b87296d,,/Users/iktahana/Genji/pending/needs_reading/U+9600-U+96FF/阿芳.json,1,
阿行,11,あぎょう,jmdict,1,suspected_fragment,keep_pending,at least one example contains an independent use,,921e10bf-480c-58b6-9a2e-9a28c6dac4bd,,/Users/iktahana/Genji/pending/needs_reading/U+9600-U+96FF/阿行.json,1,
阿豆,4,あづ,aozora_ruby,1,single_ruby,keep_pending,ruby occurs in only one distinct Aozora text file,,73de5015-9910-5248-a213-deec9b79922b,,/Users/iktahana/Genji/pending/needs_reading/U+9600-U+96FF/阿豆.json,1,
阿輩台,1,,,0,suspected_fragment,keep_pending,embedded evidence is insufficient for automatic rejection,,5c622c8c-1210-5066-9ba3-dc479ba5fbcb,,/Users/iktahana/Genji/pending/needs_reading/U+9600-U+96FF/阿輩ダイ.json,1,
阿遅,6,,,0,suspected_fragment,keep_pending,at least one example contains an independent use,,ee42de96-408c-571d-aa9f-15189dd75e00,,/Users/iktahana/Genji/pending/needs_reading/U+9600-U+96FF/阿遅.json,1,
阿銀,5,おぎん,aozora_ruby,1,single_ruby,keep_pending,ruby occurs in only one distinct Aozora text file,,c5bf6cd2-e57c-5951-8f4a-9f89f004c70e,,/Users/iktahana/Genji/pending/needs_reading/U+9600-U+96FF/阿銀.json,1,
阿関,45,おせき,aozora_ruby,1,single_ruby,keep_pending,ruby occurs in only one distinct Aozora text file,,adf471de-e781-52ca-8229-5b9d5ee16458,,/Users/iktahana/Genji/pending/needs_reading/U+9600-U+96FF/阿関.json,1,
阿闍,92,,,0,suspected_fragment,reject_fragment,all occurrences are embedded across at least two works and authoritative dictionaries have no exact headword,,ec2e803e-924f-5054-8901-d3aea7c751d4,,/Users/iktahana/Genji/pending/needs_reading/U+9600-U+96FF/阿闍.json,1,
阿陀,13,,,0,suspected_fragment,keep_pending,at least one example contains an independent use,,86d55cca-08c8-59e1-a3f4-75196c6d6450,,/Users/iktahana/Genji/pending/needs_reading/U+9600-U+96FF/阿陀.json,1,
阿霞,13,あか,aozora_ruby,1,suspected_fragment,keep_pending,at least one example contains an independent use,,15b75560-7193-5bf4-a0a3-9a1b0a91d53e,,/Users/iktahana/Genji/pending/needs_reading/U+9600-U+96FF/阿霞.json,1,
阿非,5,,,0,suspected_fragment,reject_fragment,all occurrences are embedded across at least two works and authoritative dictionaries have no exact headword,,31b049e2-1bfc-592a-9ab0-fb5989361bc6,,/Users/iktahana/Genji/pending/needs_reading/U+9600-U+96FF/阿非.json,1,
阿駒,14,おこま,aozora_ruby,1,single_ruby,keep_pending,ruby occurs in only one distinct Aozora text file,,74145620-4c25-5a65-8a6e-2f08efbae022,,/Users/iktahana/Genji/pending/needs_reading/U+9600-U+96FF/阿駒.json,1,
阿魯,7,あろ,aozora_ruby,1,suspected_fragment,reject_fragment,all occurrences are embedded across at least two works and authoritative dictionaries have no exact headword,,a8149683-d988-5fbd-86b3-6992ac1269e8,,/Users/iktahana/Genji/pending/needs_reading/U+9600-U+96FF/阿魯.json,1,
阿鶴,6,あつ|おつる,aozora_ruby|jmnedict,3,ambiguous,conflict,jmnedict has multiple applicable full-entry readings,,89ede6ab-bf92-5bcd-b835-fba71ef3a1ec,,/Users/iktahana/Genji/pending/needs_reading/U+9600-U+96FF/阿鶴.json,1,
阿麻,8,,,0,suspected_fragment,reject_fragment,all occurrences are embedded across at least two works and authoritative dictionaries have no exact headword,,d479bbeb-8128-5d97-aa42-5d0002df1684,,/Users/iktahana/Genji/pending/needs_reading/U+9600-U+96FF/阿麻.json,1,
陀像,4,,,0,suspected_fragment,reject_fragment,all occurrences are embedded across at least two works and authoritative dictionaries have no exact headword,,8bca5e65-4b72-5b04-94c9-86c10742d0b5,,/Users/iktahana/Genji/pending/needs_reading/U+9600-U+96FF/陀像.json,1,
陀堀,6,,,0,suspected_fragment,keep_pending,embedded evidence is insufficient for automatic rejection,,f3d4e324-fe19-5e74-9e92-b6a90ce22194,,/Users/iktahana/Genji/pending/needs_reading/U+9600-U+96FF/陀堀.json,1,
陀多,11,かんだた,aozora_ruby,1,single_ruby,keep_pending,ruby occurs in only one distinct Aozora text file,,e9a0793a-b40c-5532-b1d4-eda510c9456f,,/Users/iktahana/Genji/pending/needs_reading/U+9600-U+96FF/陀多.json,1,
陀夷,9,,,0,suspected_fragment,keep_pending,at least one example contains an independent use,,a84c2abd-348d-5e3c-9367-ac5a3b941d3c,,/Users/iktahana/Genji/pending/needs_reading/U+9600-U+96FF/陀夷.json,1,
陀峠,5,,,0,suspected_fragment,reject_fragment,all occurrences are embedded across at least two works and authoritative dictionaries have no exact headword,,89c1cc88-2d6d-53e6-8422-5bf5a3d81cf1,,/Users/iktahana/Genji/pending/needs_reading/U+9600-U+96FF/陀峠.json,1,
陀摩,5,,,0,suspected_fragment,keep_pending,embedded evidence is insufficient for automatic rejection,,ac323326-a575-54df-b44f-4e86945463b2,,/Users/iktahana/Genji/pending/needs_reading/U+9600-U+96FF/陀摩.json,1,
陀雲,4,だうん,aozora_ruby,1,suspected_fragment,keep_pending,at least one example contains an independent use,,6e051faa-7222-5dac-9205-e6660961a337,,/Users/iktahana/Genji/pending/needs_reading/U+9600-U+96FF/陀雲.json,1,
院々,6,,,0,suspected_fragment,keep_pending,at least one example contains an independent use,,7427d55a-fb7e-5999-bce0-a4f65e3c1957,,/Users/iktahana/Genji/pending/needs_reading/U+9600-U+96FF/院々.json,1,
除々,7,,,0,suspected_fragment,reject_fragment,all occurrences are embedded across at least two works and authoritative dictionaries have no exact headword,,d664dac5-b06c-54af-b694-e0d7bf44411c,,/Users/iktahana/Genji/pending/needs_reading/U+9600-U+96FF/除々.json,1,
陪音,7,ばいおん|オヴァートーン,aozora_ruby,2,source_conflict,conflict,sources disagree on the complete-entry reading,,a2d9bcb4-c83a-5ce0-aeb2-4a9e8f4ffa90,,/Users/iktahana/Genji/pending/needs_reading/U+9600-U+96FF/陪音.json,1,
陬夷,4,,,0,suspected_fragment,reject_fragment,all occurrences are embedded across at least two works and authoritative dictionaries have no exact headword,,c244ea15-472b-5043-924e-c182c4c12cd4,,/Users/iktahana/Genji/pending/needs_reading/U+9600-U+96FF/陬夷.json,1,
陲,15,はて,aozora_ruby,2,suspected_fragment,keep_pending,single-character entries require individual review,,4b9cfdef-1254-56f2-be5d-73c9445191b6,,/Users/iktahana/Genji/pending/needs_reading/U+9600-U+96FF/陲.json,1,
陶々,17,とろとろ,aozora_ruby,1,suspected_fragment,reject_fragment,all occurrences are embedded across at least two works and authoritative dictionaries have no exact headword,,e1dc445c-a238-58a2-8f15-dd2fe4aeedf7,,/Users/iktahana/Genji/pending/needs_reading/U+9600-U+96FF/陶々.json,1,
陽々,5,ひび,jmnedict,1,suspected_fragment,reject_fragment,all occurrences are embedded across at least two works and authoritative dictionaries have no exact headword,,50e0e95c-e9f0-56c8-8b8c-3caa5e0101e9,,/Users/iktahana/Genji/pending/needs_reading/U+9600-U+96FF/陽々.json,1,
随全,7,,,0,suspected_fragment,keep_pending,embedded evidence is insufficient for automatic rejection,,407fd9b5-6d5a-556d-b43d-c13ac1b73baa,,/Users/iktahana/Genji/pending/needs_reading/U+9600-U+96FF/随全.json,1,
随園,14,ずいえん,aozora_ruby|jmnedict,2,suspected_fragment,keep_pending,at least one example contains an independent use,,970d3363-5140-5f39-a1ce-e4367e039a45,,/Users/iktahana/Genji/pending/needs_reading/U+9600-U+96FF/随園.json,1,
随徳,4,,,0,suspected_fragment,reject_fragment,all occurrences are embedded across at least two works and authoritative dictionaries have no exact headword,,a04b0f21-c6a9-5702-95a0-4c6aa2acd470,,/Users/iktahana/Genji/pending/needs_reading/U+9600-U+96FF/随徳.json,1,
随応,4,,,0,suspected_fragment,reject_fragment,all occurrences are embedded across at least two works and authoritative dictionaries have no exact headword,,c6398f93-f35e-5b49-b0ea-79e1d2ee6e0d,,/Users/iktahana/Genji/pending/needs_reading/U+9600-U+96FF/随応.json,1,
随斎,16,,,0,suspected_fragment,keep_pending,at least one example contains an independent use,,22094281-3f05-5daa-8b47-fc84bd03ac02,,/Users/iktahana/Genji/pending/needs_reading/U+9600-U+96FF/随斎.json,1,
随明,12,,,0,suspected_fragment,keep_pending,embedded evidence is insufficient for automatic rejection,,64f2d6ef-29d1-52fc-af23-a1a0b30124c0,,/Users/iktahana/Genji/pending/needs_reading/U+9600-U+96FF/随明.json,1,
随而,9,したがつて,aozora_ruby,2,invalid_unicode,keep_pending,a source supplied a reading containing illegal characters,,2d53a793-a0c4-52eb-a30e-b898e2702632,,/Users/iktahana/Genji/pending/needs_reading/U+9600-U+96FF/随而.json,1,
随蓮,4,,,0,suspected_fragment,reject_fragment,all occurrences are embedded across at least two works and authoritative dictionaries have no exact headword,,cda63757-bec8-50e9-8a5c-2888919606b5,,/Users/iktahana/Genji/pending/needs_reading/U+9600-U+96FF/随蓮.json,1,
随録,7,,,0,suspected_fragment,reject_fragment,all occurrences are embedded across at least two works and authoritative dictionaries have no exact headword,,e88d20fa-88ce-5731-9ee0-bd19cdd55274,,/Users/iktahana/Genji/pending/needs_reading/U+9600-U+96FF/随録.json,1,
随院,18,,,0,suspected_fragment,reject_fragment,all occurrences are embedded across at least two works and authoritative dictionaries have no exact headword,,ddaf5cdf-12cb-50e0-86e1-fc6f46cd6200,,/Users/iktahana/Genji/pending/needs_reading/U+9600-U+96FF/随院.json,1,
隠々,16,いんいん|ちらちら|ほのぼの,aozora_ruby,6,source_conflict,conflict,sources disagree on the complete-entry reading,,fc7a8a65-5950-5f16-9d8d-e80b2adc8266,,/Users/iktahana/Genji/pending/needs_reading/U+9600-U+96FF/隠々.json,1,
隣々,4,,,0,suspected_fragment,reject_fragment,all occurrences are embedded across at least two works and authoritative dictionaries have no exact headword,,9314ba39-891c-5e33-a04a-27e810d4bee8,,/Users/iktahana/Genji/pending/needs_reading/U+9600-U+96FF/隣々.json,1,
隲,22,あが|しつ,aozora_ruby,2,source_conflict,conflict,sources disagree on the complete-entry reading,,3715dd16-b87b-5616-b043-cdcefe9ea89e,,/Users/iktahana/Genji/pending/needs_reading/U+9600-U+96FF/隲.json,1,
雋,65,しゅん,jmdict|jmnedict,2,suspected_fragment,keep_pending,single-character entries require individual review,,340d9dec-8c84-542c-b35c-487303bf5151,,/Users/iktahana/Genji/pending/needs_reading/U+9600-U+96FF/雋.json,1,
雋軍,5,,,0,suspected_fragment,keep_pending,embedded evidence is insufficient for automatic rejection,,62b33f8f-73fe-55b1-8581-3f177086c42c,,/Users/iktahana/Genji/pending/needs_reading/U+9600-U+96FF/雋軍.json,1,
雋鋭,9,しゅんえい|しゆんえい|せんえい,aozora_ruby,5,source_conflict,conflict,sources disagree on the complete-entry reading,,168deef1-2c9b-5cf2-bab7-9e7acd46a1c4,,/Users/iktahana/Genji/pending/needs_reading/U+9600-U+96FF/雋鋭.json,1,
雕開,17,,,0,suspected_fragment,reject_fragment,all occurrences are embedded across at least two works and authoritative dictionaries have no exact headword,,d37134c1-9ce4-5446-a295-a3ef81bc7b67,,/Users/iktahana/Genji/pending/needs_reading/U+9600-U+96FF/雕開.json,1,
離々,33,りり|りゝ,aozora_ruby,14,source_conflict,conflict,sources disagree on the complete-entry reading,,15cbebcb-9c8e-50c6-8b34-b0116b066c89,,/Users/iktahana/Genji/pending/needs_reading/U+9600-U+96FF/離々.json,1,
雲々,4,,,0,unmatched,keep_pending,no accepted complete-entry evidence,,cab26b60-0ac3-5c2d-880c-36325e468f69,,/Users/iktahana/Genji/pending/needs_reading/U+9600-U+96FF/雲々.json,1,
零々,4,れれ,jmnedict,1,suspected_fragment,reject_fragment,all occurrences are embedded across at least two works and authoritative dictionaries have no exact headword,,16376681-cadf-5b21-b114-3f49aa79b08a,,/Users/iktahana/Genji/pending/needs_reading/U+9600-U+96FF/零々.json,1,
霊舍,2,,,0,suspected_fragment,keep_pending,embedded evidence is insufficient for automatic rejection,,fdc172e4-1106-54c5-bd68-8d8452b52850,,/Users/iktahana/Genji/pending/needs_reading/U+9700-U+97FF/レイ舍.json,1,
霆,10,,,0,suspected_fragment,keep_pending,single-character entries require individual review,,1edc35d9-5da3-5035-8c3a-04a0d24f9553,,/Users/iktahana/Genji/pending/needs_reading/U+9700-U+97FF/霆.json,1,
霊々,4,,,0,suspected_fragment,reject_fragment,all occurrences are embedded across at least two works and authoritative dictionaries have no exact headword,,e14ab346-c186-507e-ae5d-4bb95c965cbc,,/Users/iktahana/Genji/pending/needs_reading/U+9700-U+97FF/霊々.json,1,
霏,4,,,0,suspected_fragment,keep_pending,single-character entries require individual review,,ec1da5f9-4f00-5bf3-b850-5eaac3ba20b3,,/Users/iktahana/Genji/pending/needs_reading/U+9700-U+97FF/霏.json,1,
霖忌,5,アマツヽミ|ナガメイミ,aozora_ruby,2,source_conflict,conflict,sources disagree on the complete-entry reading,,48824bb2-c0b1-586f-a57a-dd7ae8e7fee4,,/Users/iktahana/Genji/pending/needs_reading/U+9700-U+97FF/霖忌.json,1,
霖禁,5,アマツヽミ|ナガメイミ,aozora_ruby,2,source_conflict,conflict,sources disagree on the complete-entry reading,,a5b8356b-70dc-59ff-a246-25647ccfac11,,/Users/iktahana/Genji/pending/needs_reading/U+9700-U+97FF/霖禁.json,1,
霤,4,あまおち|あまだれ,aozora_ruby,3,source_conflict,conflict,sources disagree on the complete-entry reading,,1e9f0534-6775-58be-b880-0939880e78db,,/Users/iktahana/Genji/pending/needs_reading/U+9700-U+97FF/霤.json,1,
霽,219,あ|あが|しぐれ|せい|は|はら|はる|はるみ|はれ|ば|ハ,aozora_ruby|jmnedict,284,invalid_unicode,keep_pending,a source supplied a reading containing illegal characters,,3c83f410-d99e-59ca-8842-30bbf787032c,,/Users/iktahana/Genji/pending/needs_reading/U+9700-U+97FF/霽.json,1,
霽波,33,,,0,suspected_fragment,keep_pending,at least one example contains an independent use,,fa589965-6185-5bef-80a0-884159222f94,,/Users/iktahana/Genji/pending/needs_reading/U+9700-U+97FF/霽波.json,1,
靉,25,あい|たなび|タナビ,aozora_ruby,9,source_conflict,conflict,sources disagree on the complete-entry reading,,f568293e-2a35-5927-b44e-481d29746d23,,/Users/iktahana/Genji/pending/needs_reading/U+9700-U+97FF/靉.json,1,
靠,74,も|もた|もたれ|よ|よりかか,aozora_ruby,140,source_conflict,conflict,sources disagree on the complete-entry reading,,365af885-1ee9-5d5c-b372-1371f922d060,,/Users/iktahana/Genji/pending/needs_reading/U+9700-U+97FF/靠.json,1,
鞁,8,,,0,suspected_fragment,keep_pending,single-character entries require individual review,,77ebea3e-ed63-5d5b-8b2c-e23bec06be3d,,/Users/iktahana/Genji/pending/needs_reading/U+9700-U+97FF/鞁.json,1,
鞏志,6,きょうし,aozora_ruby,1,suspected_fragment,keep_pending,at least one example contains an independent use,,e912b559-1a80-5fc5-b8a0-2f8a37165d96,,/Users/iktahana/Genji/pending/needs_reading/U+9700-U+97FF/鞏志.json,1,
鞣前,5,,,0,suspected_fragment,reject_fragment,all occurrences are embedded across at least two works and authoritative dictionaries have no exact headword,,dd6bf9e5-3fc0-5ad0-baab-728a6d553573,,/Users/iktahana/Genji/pending/needs_reading/U+9700-U+97FF/鞣前.json,1,
鞫,4,さば,aozora_ruby,1,suspected_fragment,keep_pending,single-character entries require individual review,,508e7f44-a4ae-5afe-9d33-9eec38b48232,,/Users/iktahana/Genji/pending/needs_reading/U+9700-U+97FF/鞫.json,1,
鞳,17,たうたう|だうたうふ|だうたふ|とうとう|どうとう|どうどう,aozora_ruby,13,source_conflict,conflict,sources disagree on the complete-entry reading,,77722868-8737-5d51-bb44-523cae087a78,,/Users/iktahana/Genji/pending/needs_reading/U+9700-U+97FF/鞳.json,1,
韃,34,ぶち|むち,aozora_ruby|jmdict,3,ambiguous,conflict,jmdict has multiple applicable full-entry readings,,134de557-06b4-541a-b8b5-d800ec7230b7,,/Users/iktahana/Genji/pending/needs_reading/U+9700-U+97FF/韃.json,1,
韈,44,くつ|くつした|したうづ|たび|べつ,aozora_ruby,17,source_conflict,conflict,sources disagree on the complete-entry reading,,49b47b37-286a-5502-b408-7b1e547b9fcf,,/Users/iktahana/Genji/pending/needs_reading/U+9700-U+97FF/韈.json,1,
韜,12,しない|たう|つつ|つゝ|とう,aozora_ruby,5,source_conflict,conflict,sources disagree on the complete-entry reading,,cd68c9b3-d270-55df-be5f-ee0ca35692e1,,/Users/iktahana/Genji/pending/needs_reading/U+9700-U+97FF/韜.json,1,
韲,16,,,0,suspected_fragment,keep_pending,single-character entries require individual review,,54f8ba61-3a66-5884-bb5c-c12b1c1953d9,,/Users/iktahana/Genji/pending/needs_reading/U+9700-U+97FF/韲.json,1,
響々,4,,,0,invalid_unicode,keep_pending,a source supplied a reading containing illegal characters,,5c85a480-ad7c-5bef-814c-fde303635c44,,/Users/iktahana/Genji/pending/needs_reading/U+9700-U+97FF/響々.json,1,
飲於,1,,,0,unmatched,keep_pending,no accepted complete-entry evidence,,f0e7934d-7228-5e1f-9cad-5affe2ea7775,,/Users/iktahana/Genji/pending/needs_reading/U+9800-U+98FF/イン於.json,1,
顔愍,1,,,0,suspected_fragment,keep_pending,embedded evidence is insufficient for automatic rejection,,bbeae111-4004-53ed-b7eb-27297175a3a2,,/Users/iktahana/Genji/pending/needs_reading/U+9800-U+98FF/カオ愍.json,1,
顔瘠,1,,,0,unmatched,keep_pending,no accepted complete-entry evidence,,71254ff2-8c70-58c4-b111-be9337f6080e,,/Users/iktahana/Genji/pending/needs_reading/U+9800-U+98FF/カオ瘠.json,1,
顔粧,1,かお|かおつくり,aozora_ruby,3,source_conflict,conflict,sources disagree on the complete-entry reading,,9d2b0056-8273-5e7f-98a8-5ca441906acc,,/Users/iktahana/Genji/pending/needs_reading/U+9800-U+98FF/カオ粧.json,1,
顔覆,1,,,0,suspected_fragment,reject_fragment,all occurrences are embedded across at least two works and authoritative dictionaries have no exact headword,,0fc78801-7041-5f44-8a40-c87f37061989,,/Users/iktahana/Genji/pending/needs_reading/U+9800-U+98FF/カオ覆.json,1,
顔馴,25,,,0,suspected_fragment,reject_fragment,all occurrences are embedded across at least two works and authoritative dictionaries have no exact headword,,6f44de46-62ed-5695-a342-99f9d9f2f6e6,,/Users/iktahana/Genji/pending/needs_reading/U+9800-U+98FF/カオ馴.json,1,
須々,8,スヽ,aozora_ruby,1,suspected_fragment,keep_pending,embedded evidence is insufficient for automatic rejection,,516bcd01-b5b6-5b65-ab41-b3de5f6a8c7c,,/Users/iktahana/Genji/pending/needs_reading/U+9800-U+98FF/須々.json,1,
預候,4,,,0,suspected_fragment,keep_pending,at least one example contains an independent use,,1c356055-8cd7-56c5-b0f9-1cbcad96bb56,,/Users/iktahana/Genji/pending/needs_reading/U+9800-U+98FF/預候.json,1,
預期,5,,,0,suspected_fragment,reject_fragment,all occurrences are embedded across at least two works and authoritative dictionaries have no exact headword,,4157f84e-30ab-5f04-8d48-47e90efa5468,,/Users/iktahana/Genji/pending/needs_reading/U+9800-U+98FF/預期.json,1,
預申,8,,,0,suspected_fragment,keep_pending,embedded evidence is insufficient for automatic rejection,,d13b2204-64cc-536f-9070-cacfc3232108,,/Users/iktahana/Genji/pending/needs_reading/U+9800-U+98FF/預申.json,1,
預置,7,あづけおき|あづけおく,aozora_ruby,2,source_conflict,conflict,sources disagree on the complete-entry reading,,8817e847-cef1-57af-b2bc-2bbc25160f0a,,/Users/iktahana/Genji/pending/needs_reading/U+9800-U+98FF/預置.json,1,
預防,4,よぼう,aozora_ruby|jmdict,2,invalid_unicode,keep_pending,a source supplied a reading containing illegal characters,,6e7d2087-4026-5480-b211-35d5908b8777,,/Users/iktahana/Genji/pending/needs_reading/U+9800-U+98FF/預防.json,1,
頒与,4,はんよ,aozora_ruby,3,suspected_fragment,reject_fragment,all occurrences are embedded across at least two works and authoritative dictionaries have no exact headword,,60a9101e-5218-5f30-acf8-7a1e0275dd51,,/Users/iktahana/Genji/pending/needs_reading/U+9800-U+98FF/頒与.json,1,
頗多,11,,,0,suspected_fragment,keep_pending,at least one example contains an independent use,,45d3234f-3532-5804-948e-7a6b0ab06e22,,/Users/iktahana/Genji/pending/needs_reading/U+9800-U+98FF/頗多.json,1,
頗大,5,,,0,suspected_fragment,reject_fragment,all occurrences are embedded across at least two works and authoritative dictionaries have no exact headword,,f3cc9658-fdfe-5265-b0a1-758eb50b4109,,/Users/iktahana/Genji/pending/needs_reading/U+9800-U+98FF/頗大.json,1,
頗急,4,,,0,suspected_fragment,keep_pending,embedded evidence is insufficient for automatic rejection,,641d3151-e24c-5c9e-904a-fbdc0cc8a122,,/Users/iktahana/Genji/pending/needs_reading/U+9800-U+98FF/頗急.json,1,
頗有,4,,,0,suspected_fragment,keep_pending,embedded evidence is insufficient for automatic rejection,,274090a8-c285-5913-8ef2-be41f5a9393b,,/Users/iktahana/Genji/pending/needs_reading/U+9800-U+98FF/頗有.json,1,
頷付,14,うなず|うなずか|うなづ|うなづか,aozora_ruby,13,source_conflict,conflict,sources disagree on the complete-entry reading,,ae1e1933-fe70-580a-8872-2f8d662e8663,,/Users/iktahana/Genji/pending/needs_reading/U+9800-U+98FF/頷付.json,1,
頷垂,6,うなだ,aozora_ruby,1,suspected_fragment,reject_fragment,all occurrences are embedded across at least two works and authoritative dictionaries have no exact headword,,8429bfae-b8c4-51dd-af5c-64c264429145,,/Users/iktahana/Genji/pending/needs_reading/U+9800-U+98FF/頷垂.json,1,
顔々,42,かおがお,aozora_ruby,1,single_ruby,keep_pending,ruby occurs in only one distinct Aozora text file,,4a0e4999-220d-5ea5-9d11-b717d48bf7dc,,/Users/iktahana/Genji/pending/needs_reading/U+9800-U+98FF/顔々.json,1,
顫,135,うご|おのの|おのゝ|ふ|ふる|ふるい|ふるえ|ふるは|ふるひ|ふるへ|ふるわ|ぶる|わな|わなな|わなゝ|をのゝ,aozora_ruby,866,invalid_unicode,keep_pending,a source supplied a reading containing illegal characters,,57b6b46a-d4a3-507b-9c70-9e7cf6d88505,,/Users/iktahana/Genji/pending/needs_reading/U+9800-U+98FF/顫.json,1,
顫声,7,ふるいごえ|ふるえごえ|ふるひごゑ,aozora_ruby,6,source_conflict,conflict,sources disagree on the complete-entry reading,,a0d2a590-61fe-5529-af89-7d5b30233516,,/Users/iktahana/Genji/pending/needs_reading/U+9800-U+98FF/顫声.json,1,
顫律,7,せんりつ|トリロ|リヅム,aozora_ruby,6,source_conflict,conflict,sources disagree on the complete-entry reading,,6d75fef8-0d5a-58e2-bd0d-0db9d30098f3,,/Users/iktahana/Genji/pending/needs_reading/U+9800-U+98FF/顫律.json,1,
顫慄,4,せんりつ,aozora_ruby,3,suspected_fragment,reject_fragment,all occurrences are embedded across at least two works and authoritative dictionaries have no exact headword,,1793ae7c-2c7c-5770-9010-8b62efc0f562,,/Users/iktahana/Genji/pending/needs_reading/U+9800-U+98FF/顫慄.json,1,
顴広,6,,,0,suspected_fragment,keep_pending,embedded evidence is insufficient for automatic rejection,,4a27ae17-9b3d-5234-8eba-bac68aa371e7,,/Users/iktahana/Genji/pending/needs_reading/U+9800-U+98FF/顴広.json,1,
風々,18,ふうふう|ふふ,aozora_ruby|jmnedict,2,source_conflict,conflict,sources disagree on the complete-entry reading,,a8545058-da6a-545a-98fa-ec1e070c2f9c,,/Users/iktahana/Genji/pending/needs_reading/U+9800-U+98FF/風々.json,1,
飛々,44,とびとび|ひひ,aozora_ruby,19,invalid_unicode,keep_pending,a source supplied a reading containing illegal characters,,b19d9e28-c06b-57e1-b073-71b6e4006f9f,,/Users/iktahana/Genji/pending/needs_reading/U+9800-U+98FF/飛々.json,1,
飩,11,こんとん,aozora_ruby,1,suspected_fragment,keep_pending,single-character entries require individual review,,97ea4f61-ec84-5e1f-b54b-ea43348ec1c5,,/Users/iktahana/Genji/pending/needs_reading/U+9800-U+98FF/飩.json,1,
飽慾,5,ほうよく,aozora_ruby,3,suspected_fragment,reject_fragment,all occurrences are embedded across at least two works and authoritative dictionaries have no exact headword,,3bc048cc-c6c9-5232-ba19-20af6a2fb7e2,,/Users/iktahana/Genji/pending/needs_reading/U+9800-U+98FF/飽慾.json,1,
駆奔,1,,,0,suspected_fragment,keep_pending,embedded evidence is insufficient for automatic rejection,,2913783b-62b4-5812-9e38-c51271f9e220,,/Users/iktahana/Genji/pending/needs_reading/U+9900-U+99FF/カケル奔.json,1,
駆奮,1,,,0,suspected_fragment,reject_fragment,all occurrences are embedded across at least two works and authoritative dictionaries have no exact headword,,b5624066-7a44-5041-9e4d-d5e7c392d9e3,,/Users/iktahana/Genji/pending/needs_reading/U+9900-U+99FF/カケル奮.json,1,
駆寄,16,,,0,suspected_fragment,reject_fragment,all occurrences are embedded across at least two works and authoritative dictionaries have no exact headword,,54fb131a-c7b4-5e25-9fd5-9663c950973f,,/Users/iktahana/Genji/pending/needs_reading/U+9900-U+99FF/カケル寄.json,1,
駆戻,5,,,0,suspected_fragment,reject_fragment,all occurrences are embedded across at least two works and authoritative dictionaries have no exact headword,,c26bde89-8397-5429-afb2-28d3c56e55a7,,/Users/iktahana/Genji/pending/needs_reading/U+9900-U+99FF/カケル戻.json,1,
餒,33,あざ|う|かつ|す|ひも|ひもじ|ひもじゅ,aozora_ruby,21,source_conflict,conflict,sources disagree on the complete-entry reading,,7c254d3f-3e04-56e7-bced-215d1a941b01,,/Users/iktahana/Genji/pending/needs_reading/U+9900-U+99FF/餒.json,1,
餓犬,4,うえいぬ,aozora_ruby,1,suspected_fragment,keep_pending,at least one example contains an independent use,,310ad982-65b1-5356-b3ea-7f661c9fd1fb,,/Users/iktahana/Genji/pending/needs_reading/U+9900-U+99FF/餓犬.json,1,
餓狗,4,,,0,suspected_fragment,keep_pending,at least one example contains an independent use,,185d87fb-68a2-590a-87bb-9afd343a25ad,,/Users/iktahana/Genji/pending/needs_reading/U+9900-U+99FF/餓狗.json,1,
餝,8,かざ|かざり|カザ,aozora_ruby|jmnedict,8,source_conflict,conflict,sources disagree on the complete-entry reading,,0d4d6461-e062-5532-9a16-eb0ac7ec763c,,/Users/iktahana/Genji/pending/needs_reading/U+9900-U+99FF/餝.json,1,
餬,7,こ|ぬら|のり,aozora_ruby,6,source_conflict,conflict,sources disagree on the complete-entry reading,,ebd96a64-d464-5f16-8e1e-f8550c32a1e2,,/Users/iktahana/Genji/pending/needs_reading/U+9900-U+99FF/餬.json,1,
餽,11,おく,aozora_ruby,11,suspected_fragment,keep_pending,single-character entries require individual review,,b0dede0c-f1c7-5d2e-8fad-aad637f9468d,,/Users/iktahana/Genji/pending/needs_reading/U+9900-U+99FF/餽.json,1,
餾,6,,,0,suspected_fragment,keep_pending,single-character entries require individual review,,81f0c861-f140-5c0d-b997-906dd22a4120,,/Users/iktahana/Genji/pending/needs_reading/U+9900-U+99FF/餾.json,1,
饉,9,う|ひも,aozora_ruby,6,source_conflict,conflict,sources disagree on the complete-entry reading,,b66f9d77-477f-5c16-8192-d7fe720f2630,,/Users/iktahana/Genji/pending/needs_reading/U+9900-U+99FF/饉.json,1,
饋,11,おく|おくり|や,aozora_ruby,4,source_conflict,conflict,sources disagree on the complete-entry reading,,402ffd28-4ed4-580d-89f3-c3ca17dfaae2,,/Users/iktahana/Genji/pending/needs_reading/U+9900-U+99FF/饋.json,1,
饐,11,す|すえ|む,aozora_ruby,69,source_conflict,conflict,sources disagree on the complete-entry reading,,1e679ebb-4d6e-5de6-b587-3eff0e32b854,,/Users/iktahana/Genji/pending/needs_reading/U+9900-U+99FF/饐.json,1,
饒地,4,げうち|よきとち,aozora_ruby,4,source_conflict,conflict,sources disagree on the complete-entry reading,,6f9044c9-1bdd-5883-979a-190b1a5970b4,,/Users/iktahana/Genji/pending/needs_reading/U+9900-U+99FF/饒地.json,1,
饒歌,4,,,0,suspected_fragment,reject_fragment,all occurrences are embedded across at least two works and authoritative dictionaries have no exact headword,,a06ee6d8-1244-5126-9645-bebfe269bddc,,/Users/iktahana/Genji/pending/needs_reading/U+9900-U+99FF/饒歌.json,1,
馗,4,あつ,aozora_ruby,1,suspected_fragment,keep_pending,single-character entries require individual review,,7a3967c5-7fc9-538d-a9e0-fd29be7625ac,,/Users/iktahana/Genji/pending/needs_reading/U+9900-U+99FF/馗.json,1,
馭卒,4,ぎょそつ,aozora_ruby,1,single_ruby,keep_pending,ruby occurs in only one distinct Aozora text file,,5aca77cc-b975-5b84-b644-cda442f87c88,,/Users/iktahana/Genji/pending/needs_reading/U+9900-U+99FF/馭卒.json,1,
馭戎,6,,,0,suspected_fragment,reject_fragment,all occurrences are embedded across at least two works and authoritative dictionaries have no exact headword,,97327202-b6d9-5ecf-a1fc-b8cab9adf766,,/Users/iktahana/Genji/pending/needs_reading/U+9900-U+99FF/馭戎.json,1,
馭長,4,,,0,suspected_fragment,reject_fragment,all occurrences are embedded across at least two works and authoritative dictionaries have no exact headword,,ae82d209-8f78-53c6-8afe-ae59f2d68360,,/Users/iktahana/Genji/pending/needs_reading/U+9900-U+99FF/馭長.json,1,
馴々,8,なれなれ,aozora_ruby,51,invalid_unicode,keep_pending,a source supplied a reading containing illegal characters,,92d01cc4-0efa-543b-9c4d-999cba81989c,,/Users/iktahana/Genji/pending/needs_reading/U+9900-U+99FF/馴々.json,1,
馴棹,12,,,0,suspected_fragment,reject_fragment,all occurrences are embedded across at least two works and authoritative dictionaries have no exact headword,,7e45fce8-985a-554d-b96d-a8f84cf49cc4,,/Users/iktahana/Genji/pending/needs_reading/U+9900-U+99FF/馴棹.json,1,
馴練,7,,,0,suspected_fragment,reject_fragment,all occurrences are embedded across at least two works and authoritative dictionaries have no exact headword,,6fa2b74a-0b26-50db-b915-11d36de7d673,,/Users/iktahana/Genji/pending/needs_reading/U+9900-U+99FF/馴練.json,1,
駁気,20,ばっき,aozora_ruby,1,suspected_fragment,keep_pending,at least one example contains an independent use,,d744de86-a6b9-5043-8621-c581e7936754,,/Users/iktahana/Genji/pending/needs_reading/U+9900-U+99FF/駁気.json,1,
駅々,64,,,0,suspected_fragment,keep_pending,at least one example contains an independent use,,63b6e924-7082-513d-a3d6-9bd19ca22223,,/Users/iktahana/Genji/pending/needs_reading/U+9900-U+99FF/駅々.json,1,
駛,302,か|かけ|すみや|は|はし|はせ|はや|ぱし,aozora_ruby,125,source_conflict,conflict,sources disagree on the complete-entry reading,,5a84ffe8-2dbb-510d-a272-f2c016834f0d,,/Users/iktahana/Genji/pending/needs_reading/U+9900-U+99FF/駛.json,1,
駝師,7,うえきや|うゑきや|たくだし,aozora_ruby,7,source_conflict,conflict,sources disagree on the complete-entry reading,,f959544c-3388-559b-b87b-fdf72e1333e3,,/Users/iktahana/Genji/pending/needs_reading/U+9900-U+99FF/駝師.json,1,
駢,65,なら,aozora_ruby,31,suspected_fragment,keep_pending,single-character entries require individual review,,1dac86bd-4c96-584c-8eba-3e698a667c32,,/Users/iktahana/Genji/pending/needs_reading/U+9900-U+99FF/駢.json,1,
駢列,9,へんれつ,aozora_ruby,1,suspected_fragment,keep_pending,at least one example contains an independent use,,24d683c0-f94f-5809-a19d-2ae6ef44b085,,/Users/iktahana/Genji/pending/needs_reading/U+9900-U+99FF/駢列.json,1,
駢指,8,むつゆび,aozora_ruby,1,suspected_fragment,keep_pending,at least one example contains an independent use,,8b437d5c-92e0-5661-95e7-9c106dfb0695,,/Users/iktahana/Genji/pending/needs_reading/U+9900-U+99FF/駢指.json,1,
駭,107,おど|おどろ|おどろか,aozora_ruby,170,source_conflict,conflict,sources disagree on the complete-entry reading,,cd65ccf2-fa93-5f59-af81-bc3e32ae3794,,/Users/iktahana/Genji/pending/needs_reading/U+9900-U+99FF/駭.json,1,
駭噴,8,,,0,suspected_fragment,keep_pending,embedded evidence is insufficient for automatic rejection,,2c8375d1-ea72-58ee-a54b-2659fec0dc61,,/Users/iktahana/Genji/pending/needs_reading/U+9900-U+99FF/駭噴.json,1,
駭心,6,がいしん,aozora_ruby,1,suspected_fragment,reject_fragment,all occurrences are embedded across at least two works and authoritative dictionaries have no exact headword,,0d17e862-7896-5c73-b10c-814e9f1288ec,,/Users/iktahana/Genji/pending/needs_reading/U+9900-U+99FF/駭心.json,1,
駭絶,10,がいぜつ,aozora_ruby,2,suspected_fragment,keep_pending,at least one example contains an independent use,,39440562-2d49-54b1-af97-07de55e5f716,,/Users/iktahana/Genji/pending/needs_reading/U+9900-U+99FF/駭絶.json,1,
髪匪,1,,,0,suspected_fragment,keep_pending,embedded evidence is insufficient for automatic rejection,,68f78ed9-6ec2-5ab3-9dac-f4588e0788ff,,/Users/iktahana/Genji/pending/needs_reading/U+9A00-U+9AFF/カミ匪.json,1,
髪已,1,,,0,unmatched,keep_pending,no accepted complete-entry evidence,,520b9bd5-2a50-57bb-8ba6-5c548ffa885c,,/Users/iktahana/Genji/pending/needs_reading/U+9A00-U+9AFF/カミ已.json,1,
髪憐,1,,,0,suspected_fragment,keep_pending,embedded evidence is insufficient for automatic rejection,,b8bc7a29-e60a-5672-9112-4218e36a597f,,/Users/iktahana/Genji/pending/needs_reading/U+9A00-U+9AFF/カミ憐.json,1,
髪掴,2,,,0,unmatched,keep_pending,no accepted complete-entry evidence,,b930a007-8d4e-5d1c-a8c7-b1e3f6ffd825,,/Users/iktahana/Genji/pending/needs_reading/U+9A00-U+9AFF/カミ掴.json,1,
髪敝,1,,,0,suspected_fragment,keep_pending,embedded evidence is insufficient for automatic rejection,,10ff75e3-6f6b-5dc9-88b3-107d5323d1ec,,/Users/iktahana/Genji/pending/needs_reading/U+9A00-U+9AFF/カミ敝.json,1,
髪於,3,,,0,suspected_fragment,reject_fragment,all occurrences are embedded across at least two works and authoritative dictionaries have no exact headword,,14a660ae-7fb8-5aba-892b-62f19dfc43d1,,/Users/iktahana/Genji/pending/needs_reading/U+9A00-U+9AFF/カミ於.json,1,
髪瘠,1,,,0,suspected_fragment,keep_pending,embedded evidence is insufficient for automatic rejection,,0624fc91-cc90-5836-9a1f-af696608b8fc,,/Users/iktahana/Genji/pending/needs_reading/U+9A00-U+9AFF/カミ瘠.json,1,
髪竦,1,,,0,suspected_fragment,keep_pending,embedded evidence is insufficient for automatic rejection,,18101bf9-950e-512d-a304-5dc3a2ebf96a,,/Users/iktahana/Genji/pending/needs_reading/U+9A00-U+9AFF/カミ竦.json,1,
髪衰,1,,,0,unmatched,keep_pending,no accepted complete-entry evidence,,8102a871-6413-5e4f-981c-c7eb7b147235,,/Users/iktahana/Genji/pending/needs_reading/U+9A00-U+9AFF/カミ衰.json,1,
髪還,1,,,0,suspected_fragment,keep_pending,embedded evidence is insufficient for automatic rejection,,82defab4-05e4-5530-b376-1e6993fe4b6e,,/Users/iktahana/Genji/pending/needs_reading/U+9A00-U+9AFF/カミ還.json,1,
騁,7,は,aozora_ruby,5,suspected_fragment,keep_pending,single-character entries require individual review,,792a2bc4-91c9-555c-8a4a-1d916aa19443,,/Users/iktahana/Genji/pending/needs_reading/U+9A00-U+9AFF/騁.json,1,
騙児,5,かたり,aozora_ruby,3,suspected_fragment,keep_pending,at least one example contains an independent use,,0377d395-1182-528f-b065-ed5c6ad711a5,,/Users/iktahana/Genji/pending/needs_reading/U+9A00-U+9AFF/騙児.json,1,
騙娘,4,,,0,unmatched,keep_pending,no accepted complete-entry evidence,,f1a1ad5e-5c32-5726-a6ed-1ec62a0581dc,,/Users/iktahana/Genji/pending/needs_reading/U+9A00-U+9AFF/騙娘.json,1,
騨,4,たくお|だ,aozora_ruby|jmnedict,2,source_conflict,conflict,sources disagree on the complete-entry reading,,d5058146-d6ee-5136-b6c4-62076f111d42,,/Users/iktahana/Genji/pending/needs_reading/U+9A00-U+9AFF/騨.json,1,
騫,4,,,0,suspected_fragment,keep_pending,single-character entries require individual review,,3bc4ab46-8430-5515-8818-fe8e275afe3f,,/Users/iktahana/Genji/pending/needs_reading/U+9A00-U+9AFF/騫.json,1,
騰宮,14,,,0,suspected_fragment,keep_pending,embedded evidence is insufficient for automatic rejection,,fc708052-1875-5080-86e7-5c5caf31ab89,,/Users/iktahana/Genji/pending/needs_reading/U+9A00-U+9AFF/騰宮.json,1,
驀向,4,まっこう|まつかう,aozora_ruby,2,source_conflict,conflict,sources disagree on the complete-entry reading,,32d8abe3-7903-5c26-a793-cd887aef9fad,,/Users/iktahana/Genji/pending/needs_reading/U+9A00-U+9AFF/驀向.json,1,
驂,7,さん,aozora_ruby,1,suspected_fragment,keep_pending,single-character entries require individual review,,145ed2fb-ea8c-5242-bdce-580fb73cf394,,/Users/iktahana/Genji/pending/needs_reading/U+9A00-U+9AFF/驂.json,1,
驕不,4,,,0,suspected_fragment,reject_fragment,all occurrences are embedded across at least two works and authoritative dictionaries have no exact headword,,75f61272-ab0d-52f6-8a93-0b27aff519fd,,/Users/iktahana/Genji/pending/needs_reading/U+9A00-U+9AFF/驕不.json,1,
驕魔,6,,,0,suspected_fragment,keep_pending,embedded evidence is insufficient for automatic rejection,,0b3cedfe-367e-5132-bb10-4b49e8b7d70b,,/Users/iktahana/Genji/pending/needs_reading/U+9A00-U+9AFF/驕魔.json,1,
驟,12,うくつ|には|にはか|にわ|にわか|シュー,aozora_ruby,9,source_conflict,conflict,sources disagree on the complete-entry reading,,02e43adf-eb4f-50ba-ad87-9d9cf1f34bb5,,/Users/iktahana/Genji/pending/needs_reading/U+9A00-U+9AFF/驟.json,1,
驤,13,あ|じょう,aozora_ruby,2,source_conflict,conflict,sources disagree on the complete-entry reading,,cd43f2dd-018c-5fbd-bb65-e00c6ace801e,,/Users/iktahana/Genji/pending/needs_reading/U+9A00-U+9AFF/驤.json,1,
驩喜,4,かんき|よろこび,aozora_ruby,2,source_conflict,conflict,sources disagree on the complete-entry reading,,abb72e7d-b6fc-5a61-9e51-4513c293b83f,,/Users/iktahana/Genji/pending/needs_reading/U+9A00-U+9AFF/驩喜.json,1,
驩待,4,くわんたい,aozora_ruby,2,suspected_fragment,keep_pending,embedded evidence is insufficient for automatic rejection,,7bb15577-832f-53ae-87ff-d52b6fb806a5,,/Users/iktahana/Genji/pending/needs_reading/U+9A00-U+9AFF/驩待.json,1,
驩迎,4,かんげい|くわんげい,aozora_ruby,4,source_conflict,conflict,sources disagree on the complete-entry reading,,a65d7b77-45a0-55db-b6c5-aa14c9adfc3c,,/Users/iktahana/Genji/pending/needs_reading/U+9A00-U+9AFF/驩迎.json,1,
驪,7,くろうま|こま,aozora_ruby,2,source_conflict,conflict,sources disagree on the complete-entry reading,,0de5167e-9c71-5fa4-acee-9d76f5f1f290,,/Users/iktahana/Genji/pending/needs_reading/U+9A00-U+9AFF/驪.json,1,
骼,5,,,0,suspected_fragment,keep_pending,single-character entries require individual review,,1f9d9518-06d4-5b15-881f-cff4bd911ae5,,/Users/iktahana/Genji/pending/needs_reading/U+9A00-U+9AFF/骼.json,1,
髏一,4,,,0,suspected_fragment,reject_fragment,all occurrences are embedded across at least two works and authoritative dictionaries have no exact headword,,4d37747b-bf9f-5af3-b587-647064f93c0a,,/Users/iktahana/Genji/pending/needs_reading/U+9A00-U+9AFF/髏一.json,1,
髓,170,すね|ずい|ずゐ|てい,aozora_ruby,10,source_conflict,conflict,sources disagree on the complete-entry reading,,1068bf79-e7ac-505e-919b-a6ee3a771b12,,/Users/iktahana/Genji/pending/needs_reading/U+9A00-U+9AFF/髓.json,1,
髦,7,かもじ|たてがみ|カモジ,aozora_ruby,3,invalid_unicode,keep_pending,a source supplied a reading containing illegal characters,,6ecafcd1-394a-5ac9-952f-cf4e695b8c96,,/Users/iktahana/Genji/pending/needs_reading/U+9A00-U+9AFF/髦.json,1,
鬧,5,さわ|とう,aozora_ruby,4,source_conflict,conflict,sources disagree on the complete-entry reading,,ac6023bb-4220-561b-91f2-691ec99dc0a6,,/Users/iktahana/Genji/pending/needs_reading/U+9B00-U+9BFF/鬧.json,1,
鬩,8,いが|いじ|せめ,aozora_ruby,27,source_conflict,conflict,sources disagree on the complete-entry reading,,85d30846-9e8b-5eab-a668-4c00dfc43d9a,,/Users/iktahana/Genji/pending/needs_reading/U+9B00-U+9BFF/鬩.json,1,
鬯,5,,,0,suspected_fragment,keep_pending,single-character entries require individual review,,34530eaf-8223-5447-96bf-02b07148b6ca,,/Users/iktahana/Genji/pending/needs_reading/U+9B00-U+9BFF/鬯.json,1,
鬻,8,ひさ|ひさげ|クンイク,aozora_ruby,53,source_conflict,conflict,sources disagree on the complete-entry reading,,e9a69288-2450-58e5-9949-59571be5800e,,/Users/iktahana/Genji/pending/needs_reading/U+9B00-U+9BFF/鬻.json,1,
鬼々,10,おにおに,aozora_ruby,2,invalid_unicode,keep_pending,a source supplied a reading containing illegal characters,,19885b43-70af-57f3-9974-be075431e694,,/Users/iktahana/Genji/pending/needs_reading/U+9B00-U+9BFF/鬼々.json,1,
魅殺,4,,,0,suspected_fragment,reject_fragment,all occurrences are embedded across at least two works and authoritative dictionaries have no exact headword,,f0d05037-2a1a-5516-9398-89eb7190a4a2,,/Users/iktahana/Genji/pending/needs_reading/U+9B00-U+9BFF/魅殺.json,1,
魅気,9,,,0,unmatched,keep_pending,no accepted complete-entry evidence,,1f2facef-6cf9-5b1c-a619-bc2fae56acc5,,/Users/iktahana/Genji/pending/needs_reading/U+9B00-U+9BFF/魅気.json,1,
魅点,4,,,0,suspected_fragment,keep_pending,at least one example contains an independent use,,2f5fab0f-9831-5410-813a-b90bf074323d,,/Users/iktahana/Genji/pending/needs_reading/U+9B00-U+9BFF/魅点.json,1,
魅着,13,みちゃく,aozora_ruby,1,suspected_fragment,keep_pending,at least one example contains an independent use,,a7e3187c-b01b-5c2c-8872-9f23721a22ba,,/Users/iktahana/Genji/pending/needs_reading/U+9B00-U+9BFF/魅着.json,1,
魅魍,4,みもう,aozora_ruby,4,suspected_fragment,keep_pending,at least one example contains an independent use,,6c419ac2-6074-5926-b678-bb4f725ee691,,/Users/iktahana/Genji/pending/needs_reading/U+9B00-U+9BFF/魅魍.json,1,
魘,22,うな|うなさ|えん|お|おそ|おそは|おび,aozora_ruby,161,source_conflict,conflict,sources disagree on the complete-entry reading,,503e0b06-ef80-5993-af2f-af52a9752e8f,,/Users/iktahana/Genji/pending/needs_reading/U+9B00-U+9BFF/魘.json,1,
鰌屋,8,どじょうや,aozora_ruby,4,suspected_fragment,keep_pending,at least one example contains an independent use,,7fb377a5-97d0-513c-9826-c3c4f6a0b0e9,,/Users/iktahana/Genji/pending/needs_reading/U+9C00-U+9CFF/鰌屋.json,1,
鰌掬,5,どじょうすく,aozora_ruby,1,suspected_fragment,reject_fragment,all occurrences are embedded across at least two works and authoritative dictionaries have no exact headword,,3d285a86-a980-5c06-b6c9-9eb7533319ee,,/Users/iktahana/Genji/pending/needs_reading/U+9C00-U+9CFF/鰌掬.json,1,
鰌汁,6,どじょうじる|どぜうじる|どぢやうじる,aozora_ruby,5,source_conflict,conflict,sources disagree on the complete-entry reading,,ca36d1d5-c0b0-5ee1-9ba5-81e9483ff1c5,,/Users/iktahana/Genji/pending/needs_reading/U+9C00-U+9CFF/鰌汁.json,1,
鰌髭,6,どじょうひげ,aozora_ruby,4,suspected_fragment,keep_pending,at least one example contains an independent use,,a789487d-852b-56af-b9d6-86185497f4a2,,/Users/iktahana/Genji/pending/needs_reading/U+9C00-U+9CFF/鰌髭.json,1,
鰡八,76,ぼらはち,aozora_ruby,1,suspected_fragment,keep_pending,at least one example contains an independent use,,1f9be00d-844a-5af8-99a4-3f01d6ecc309,,/Users/iktahana/Genji/pending/needs_reading/U+9C00-U+9CFF/鰡八.json,1,
鰡公,4,ぼらこう,aozora_ruby,1,single_ruby,keep_pending,ruby occurs in only one distinct Aozora text file,,e3318d00-d2ae-5acc-a710-d6398ec816af,,/Users/iktahana/Genji/pending/needs_reading/U+9C00-U+9CFF/鰡公.json,1,
鰡群,4,,,0,suspected_fragment,keep_pending,embedded evidence is insufficient for automatic rejection,,02e60edd-108b-5fde-a5db-8555d1aeb66b,,/Users/iktahana/Genji/pending/needs_reading/U+9C00-U+9CFF/鰡群.json,1,
鳬,5,けり,aozora_ruby,3,suspected_fragment,keep_pending,single-character entries require individual review,,139cd719-9516-5ac4-a49b-b2050c9b32ca,,/Users/iktahana/Genji/pending/needs_reading/U+9C00-U+9CFF/鳬.json,1,
鶏已,2,,,0,suspected_fragment,keep_pending,embedded evidence is insufficient for automatic rejection,,44e26b77-2a91-5746-b593-dc5341b7f2ed,,/Users/iktahana/Genji/pending/needs_reading/U+9D00-U+9DFF/ニワトリ已.json,1,
鶏贔,1,,,0,suspected_fragment,keep_pending,embedded evidence is insufficient for automatic rejection,,90748766-1394-5c5f-b1c7-08efdde646b1,,/Users/iktahana/Genji/pending/needs_reading/U+9D00-U+9DFF/ニワトリ贔.json,1,
鴕鳥,6,だちょう,aozora_ruby|jmdict,3,suspected_fragment,keep_pending,at least one example contains an independent use,,2f53def6-d104-5ed4-9a68-5a3a59ddeed7,,/Users/iktahana/Genji/pending/needs_reading/U+9D00-U+9DFF/鴕鳥.json,1,
鵄救,6,,,0,suspected_fragment,keep_pending,embedded evidence is insufficient for automatic rejection,,d41669f6-bae5-5fd8-a9b4-d8cff84f3a82,,/Users/iktahana/Genji/pending/needs_reading/U+9D00-U+9DFF/鵄救.json,1,
鵄諸,9,,,0,suspected_fragment,keep_pending,embedded evidence is insufficient for automatic rejection,,f21ac524-147a-5047-bd41-3f6ebce86340,,/Users/iktahana/Genji/pending/needs_reading/U+9D00-U+9DFF/鵄諸.json,1,
鵆月,5,,,0,suspected_fragment,reject_fragment,all occurrences are embedded across at least two works and authoritative dictionaries have no exact headword,,fe479adc-b3f1-58ba-b2a7-ab876b03f76a,,/Users/iktahana/Genji/pending/needs_reading/U+9D00-U+9DFF/鵆月.json,1,
鵑,4,ほととぎす,aozora_ruby,1,suspected_fragment,keep_pending,single-character entries require individual review,,646db40d-d1fc-57a4-a436-426fa143d621,,/Users/iktahana/Genji/pending/needs_reading/U+9D00-U+9DFF/鵑.json,1,
鵝絨,69,,,0,suspected_fragment,reject_fragment,all occurrences are embedded across at least two works and authoritative dictionaries have no exact headword,,2865cb39-4e68-5f2e-b89a-230c78e6517f,,/Users/iktahana/Genji/pending/needs_reading/U+9D00-U+9DFF/鵝絨.json,1,
鶇,16,つぐみ,aozora_ruby|jmdict|jmnedict,14,suspected_fragment,keep_pending,single-character entries require individual review,,10583f3c-9a55-5c76-a3a7-8c12a86b2b62,,/Users/iktahana/Genji/pending/needs_reading/U+9D00-U+9DFF/鶇.json,1,
鶻人,20,,,0,suspected_fragment,keep_pending,embedded evidence is insufficient for automatic rejection,,08422b2c-c1af-58b7-8ee3-97f61df8ba95,,/Users/iktahana/Genji/pending/needs_reading/U+9D00-U+9DFF/鶻人.json,1,
鶻語,11,,,0,suspected_fragment,keep_pending,embedded evidence is insufficient for automatic rejection,,1ccacd3d-00ca-5eff-a0e1-6b51973b1e4b,,/Users/iktahana/Genji/pending/needs_reading/U+9D00-U+9DFF/鶻語.json,1,
黙啜,1,,,0,unmatched,keep_pending,no accepted complete-entry evidence,,fab135d3-1e79-5f7b-b3d4-d6f8ef2af69b,,/Users/iktahana/Genji/pending/needs_reading/U+9E00-U+9EFF/モク啜.json,1,
黙託,1,,,0,suspected_fragment,keep_pending,embedded evidence is insufficient for automatic rejection,,5f67dfe5-84ea-5c89-84c3-6e79a8a510ee,,/Users/iktahana/Genji/pending/needs_reading/U+9E00-U+9EFF/モク託.json,1,
黙阿,1,,,0,suspected_fragment,reject_fragment,all occurrences are embedded across at least two works and authoritative dictionaries have no exact headword,,f8a0893a-2bed-5e5a-9c9b-dac61c4d66aa,,/Users/iktahana/Genji/pending/needs_reading/U+9E00-U+9EFF/モク阿.json,1,
鸚,27,,,0,suspected_fragment,keep_pending,single-character entries require individual review,,20f0c72e-926f-5ca5-ba0a-84d3f18a71ce,,/Users/iktahana/Genji/pending/needs_reading/U+9E00-U+9EFF/鸚.json,1,
鹵城,13,ろじょう,aozora_ruby,1,suspected_fragment,keep_pending,at least one example contains an independent use,,474d1e16-a047-51a8-92ad-4434ebdea83c,,/Users/iktahana/Genji/pending/needs_reading/U+9E00-U+9EFF/鹵城.json,1,
鹿々,19,,,0,suspected_fragment,reject_fragment,all occurrences are embedded across at least two works and authoritative dictionaries have no exact headword,,52bf176b-1762-5072-a343-85df37a1f3f5,,/Users/iktahana/Genji/pending/needs_reading/U+9E00-U+9EFF/鹿々.json,1,
麁,16,あら|そ,aozora_ruby|jmdict,8,source_conflict,conflict,sources disagree on the complete-entry reading,,09a0ef00-e0d1-56f7-92ad-9d31275ab03f,,/Users/iktahana/Genji/pending/needs_reading/U+9E00-U+9EFF/麁.json,1,
麁布,4,あらたえ|あらぬの,aozora_ruby,2,source_conflict,conflict,sources disagree on the complete-entry reading,,b565ace2-5dc0-5fea-8e34-343019088dbe,,/Users/iktahana/Genji/pending/needs_reading/U+9E00-U+9EFF/麁布.json,1,
麁玉,5,あらたま|アラタマ,aozora_ruby|jmnedict,3,source_conflict,conflict,sources disagree on the complete-entry reading,,bf55dfb8-f623-569f-9125-996a3bdc71ea,,/Users/iktahana/Genji/pending/needs_reading/U+9E00-U+9EFF/麁玉.json,1,
麁画,6,そが,aozora_ruby,1,suspected_fragment,keep_pending,at least one example contains an independent use,,1c213933-9b66-5fff-be14-951059d1eba0,,/Users/iktahana/Genji/pending/needs_reading/U+9E00-U+9EFF/麁画.json,1,
麁相,20,そさう|そそう|そそっ|そそつ,aozora_ruby|jmdict,11,source_conflict,conflict,sources disagree on the complete-entry reading,,9c4634f2-68dd-5406-a090-8bcb74f4c4af,,/Users/iktahana/Genji/pending/needs_reading/U+9E00-U+9EFF/麁相.json,1,
麁葉,4,そは|そよう,aozora_ruby,2,source_conflict,conflict,sources disagree on the complete-entry reading,,ff4f5330-8a96-5c17-9c66-8d0a82285d3f,,/Users/iktahana/Genji/pending/needs_reading/U+9E00-U+9EFF/麁葉.json,1,
麁酒,4,そしゅ|そしゆ,aozora_ruby,3,source_conflict,conflict,sources disagree on the complete-entry reading,,75398ac6-8526-5def-a41d-363d2d4caa81,,/Users/iktahana/Genji/pending/needs_reading/U+9E00-U+9EFF/麁酒.json,1,
麑島,5,かごしま,aozora_ruby,2,suspected_fragment,keep_pending,embedded evidence is insufficient for automatic rejection,,9cd508db-48f0-5612-947a-a323eb72dd54,,/Users/iktahana/Genji/pending/needs_reading/U+9E00-U+9EFF/麑島.json,1,
麒,4,,,0,suspected_fragment,keep_pending,single-character entries require individual review,,59733b15-03cf-52d7-9003-08bb566f3d0c,,/Users/iktahana/Genji/pending/needs_reading/U+9E00-U+9EFF/麒.json,1,
麝鹿,7,じゃろく,aozora_ruby,1,single_ruby,keep_pending,ruby occurs in only one distinct Aozora text file,,fcb53dbb-850f-579b-8667-cad19eccfe4f,,/Users/iktahana/Genji/pending/needs_reading/U+9E00-U+9EFF/麝鹿.json,1,
麟板,5,,,0,unmatched,keep_pending,no accepted complete-entry evidence,,33a37c47-0898-58d7-8c74-91ebbda8f059,,/Users/iktahana/Genji/pending/needs_reading/U+9E00-U+9EFF/麟板.json,1,
麪,10,めん,aozora_ruby|jmdict,4,suspected_fragment,keep_pending,single-character entries require individual review,,2b260da5-992c-5a91-a17c-950a79408d09,,/Users/iktahana/Genji/pending/needs_reading/U+9E00-U+9EFF/麪.json,1,
麪桶,6,めんつう,aozora_ruby,1,suspected_fragment,keep_pending,at least one example contains an independent use,,026d6b74-3199-549f-8dd6-2f0f2840725f,,/Users/iktahana/Genji/pending/needs_reading/U+9E00-U+9EFF/麪桶.json,1,
麪麭,17,パン,aozora_ruby,5,suspected_fragment,keep_pending,at least one example contains an independent use,,c23d337e-c272-5c9c-8eea-b48b5e05fe90,,/Users/iktahana/Genji/pending/needs_reading/U+9E00-U+9EFF/麪麭.json,1,
麭屋,30,,,0,suspected_fragment,reject_fragment,all occurrences are embedded across at least two works and authoritative dictionaries have no exact headword,,4b2353f0-a92d-5a39-8ff3-17cfc5f5792e,,/Users/iktahana/Genji/pending/needs_reading/U+9E00-U+9EFF/麭屋.json,1,
麭屑,5,,,0,suspected_fragment,reject_fragment,all occurrences are embedded across at least two works and authoritative dictionaries have no exact headword,,7d81abc0-f0c6-508b-b250-3bcf86136833,,/Users/iktahana/Genji/pending/needs_reading/U+9E00-U+9EFF/麭屑.json,1,
麭樹,6,,,0,suspected_fragment,keep_pending,embedded evidence is insufficient for automatic rejection,,9c83950f-0b86-5a3c-8ab5-ae5f60a72d24,,/Users/iktahana/Genji/pending/needs_reading/U+9E00-U+9EFF/麭樹.json,1,
麼,16,どう|どん,aozora_ruby,2,source_conflict,conflict,sources disagree on the complete-entry reading,,81fe63e7-a413-5a1e-abc4-22cd4459e3af,,/Users/iktahana/Genji/pending/needs_reading/U+9E00-U+9EFF/麼.json,1,
黎々,71,,,0,suspected_fragment,reject_fragment,all occurrences are embedded across at least two works and authoritative dictionaries have no exact headword,,212c07a5-cfb0-5bc3-a7fe-d45b2feda510,,/Users/iktahana/Genji/pending/needs_reading/U+9E00-U+9EFF/黎々.json,1,
黏,4,とりもち|ねば|もち,aozora_ruby,4,source_conflict,conflict,sources disagree on the complete-entry reading,,bfea8a2b-4668-5fff-ab65-661e53030928,,/Users/iktahana/Genji/pending/needs_reading/U+9E00-U+9EFF/黏.json,1,
黜,13,しりぞ,aozora_ruby,5,suspected_fragment,keep_pending,single-character entries require individual review,,f7309229-2a43-5085-a2bf-2eb4293d633b,,/Users/iktahana/Genji/pending/needs_reading/U+9E00-U+9EFF/黜.json,1,
黠,31,ずる,aozora_ruby,3,suspected_fragment,keep_pending,single-character entries require individual review,,18f370d8-411b-5ad4-bc35-afad2b4efb59,,/Users/iktahana/Genji/pending/needs_reading/U+9E00-U+9EFF/黠.json,1,
黶,4,あざ,aozora_ruby|jmdict,3,suspected_fragment,keep_pending,single-character entries require individual review,,40efa04d-ae80-50bf-8cd6-907a73b951b0,,/Users/iktahana/Genji/pending/needs_reading/U+9E00-U+9EFF/黶.json,1,
鼡,15,ねずみ|むささび,aozora_ruby|jmnedict,3,source_conflict,conflict,sources disagree on the complete-entry reading,,817577e1-a9b2-54f1-8763-ea79a92e58c9,,/Users/iktahana/Genji/pending/needs_reading/U+9F00-U+9FFF/鼡.json,1,
齎,12,か|たまもの|ひと|も|もた|もたら|もら,aozora_ruby,411,invalid_unicode,keep_pending,a source supplied a reading containing illegal characters,,34905324-4a04-5448-a8d5-46fad380d769,,/Users/iktahana/Genji/pending/needs_reading/U+9F00-U+9FFF/齎.json,1,
齦,17,はぐき|もと,aozora_ruby,14,source_conflict,conflict,sources disagree on the complete-entry reading,,6a938d4a-2c57-5b47-adab-bef623532c39,,/Users/iktahana/Genji/pending/needs_reading/U+9F00-U+9FFF/齦.json,1,
齧,36,か|かじ|かぢ|が|クイ,aozora_ruby,98,invalid_unicode,keep_pending,a source supplied a reading containing illegal characters,,5f0a9525-8cae-5ccb-bc90-c3a59c9dcc3f,,/Users/iktahana/Genji/pending/needs_reading/U+9F00-U+9FFF/齧.json,1,
齲,6,むし|むしば,aozora_ruby,5,source_conflict,conflict,sources disagree on the complete-entry reading,,a3d30869-2b54-5901-b134-4d947ef9de8d,,/Users/iktahana/Genji/pending/needs_reading/U+9F00-U+9FFF/齲.json,1,
齶,6,あご,aozora_ruby|jmdict,2,suspected_fragment,keep_pending,single-character entries require individual review,,a2dd292b-d3db-51db-980f-05dcfb3d0776,,/Users/iktahana/Genji/pending/needs_reading/U+9F00-U+9FFF/齶.json,1,
